,temp,particles,log_likelihoods,accept_rate
0,5.0,"[ 0.03277736  0.0535835   0.0535835  -0.22692583 -0.22929291 -0.08186901
 -0.11606838 -0.11129672  0.04100998  0.16146017 -0.3160694  -0.10182526
  0.1678348   0.08469043  0.36577764  0.20337431  0.2975698   0.24422548
 -0.03086967  0.05040711  0.32416784  0.05160473  0.39087425  0.39087425
  0.45354319  0.59033559  0.59033559  0.59033559  0.59033559  0.55015588
  0.48355687  0.43738964  0.31966942  0.31966942  0.31966942  0.20640826
  0.23097844  0.27208686  0.37008856  0.4709233   0.25607103  0.25607103
  0.41272702  0.60458533  0.3553631   0.3553631   0.32947505  0.00968217
 -0.04350345  0.01825465  0.2251572   0.25042426 -0.11328231 -0.02426918
 -0.11311571 -0.11311571 -0.27466852 -0.27466852 -0.27466852 -0.24364815
 -0.02925693  0.0296762   0.00399525 -0.10341304 -0.11655751 -0.06097685
 -0.17655008 -0.21438136 -0.05361655 -0.05361655 -0.05417015 -0.06749661
 -0.19937525 -0.24360326 -0.24360326 -0.18561531 -0.1472664  -0.21074615
 -0.37885215 -0.24476947 -0.34218453 -0.17257759 -0.22677917 -0.22677917
 -0.30496251 -0.37832131 -0.48231716 -0.58759618 -0.52589965 -0.4356747
 -0.18703101 -0.29467545 -0.29467545 -0.41589787 -0.53972077 -0.52963978
 -0.53116132 -0.35392804 -0.4665296  -0.56774865]","[-193.44262089 -192.67261047 -192.64067479 -192.64067479 -193.64618759
 -193.08038138 -192.8817962  -193.07121002 -192.8270583  -192.76222614
 -192.58536262 -193.48661165 -192.87352472 -192.4267945  -192.79316604
 -192.57016043 -192.49851081 -192.91687174 -193.17423329 -193.0069681
 -192.83695797 -192.58137911 -192.95077526 -192.44598268 -192.44598268
 -192.55213989 -192.50032297 -192.50032297 -192.50032297 -192.50032297
 -192.78068938 -192.38714319 -192.83140029 -192.64155463 -192.64155463
 -192.64155463 -192.61462145 -192.49830717 -193.00488192 -192.62025619
 -192.87639349 -192.55048547 -192.55048547 -192.44837705 -192.7589879
 -192.47436711 -192.47436711 -192.60094626 -192.89756522 -192.98330478
 -192.9760622  -192.43300661 -193.01862957 -192.96891101 -192.95843637
 -192.93302198 -192.93302198 -193.16608766 -193.16608766 -193.16608766
 -193.45846774 -192.73103994 -192.92005305 -192.84355571 -193.08100242
 -192.89437251 -192.69008033 -193.21204512 -193.34882797 -192.9427616
 -192.9427616  -192.98000497 -193.03848728 -193.28819576 -193.40094185
 -193.40094185 -192.83642898 -192.89233712 -193.23206895 -193.80047645
 -193.60835464 -193.4849372  -193.13504947 -193.44587726 -193.44587726
 -193.36191283 -193.76208529 -194.02419242 -194.51827099 -194.20491042
 -193.54554278 -193.07580496 -193.4448378  -193.4448378  -193.84119708
 -194.20749779 -194.32502357 -194.32046054 -193.68399021 -193.64136221]",0.8333333333333334
1,4.732743835449218,"[ 2.14286896e-01 -1.13048414e-01  3.57550415e-01  1.26787855e-01
 -7.32063190e-03 -4.96699365e-02  3.26943162e-02  1.52081516e-01
 -5.83465777e-01  6.98693495e-02  9.10552502e-02  3.60832026e-02
  4.14108807e-01  2.09452165e-01  4.74564470e-01  8.63767292e-02
  3.96041007e-01  3.91986484e-01  1.09777398e-01  7.35629787e-01
 -2.25777339e-01 -1.37550116e-01 -1.73206985e-01 -4.05108633e-01
  2.64277792e-01  2.58773564e-01 -5.88104479e-03  5.69379002e-01
  5.83222538e-01  2.40614541e-03  1.17199686e-01  1.19818246e-02
 -8.65506456e-02 -5.19740459e-02  3.45898863e-02  1.98285392e-01
  3.31274394e-01  2.51742133e-01 -2.13684235e-02 -5.35233536e-02
 -1.42915953e-01  1.61606272e-01 -3.42774209e-01  1.13852178e-01
 -7.38920221e-02  2.57946010e-01  4.01573802e-03  5.62834069e-01
  1.64131875e-01 -8.96319756e-01 -2.32805281e-01  4.27898112e-02
 -3.59584735e-01 -3.14152964e-01  4.23213437e-01  1.48420846e-01
  1.00509876e-02 -3.85029590e-01  4.96850777e-01  4.21714047e-01
  4.82330392e-01  5.55965848e-01  9.97508316e-01  7.62207167e-02
 -2.36626810e-01 -1.16181254e-01  1.43813979e-01  4.36193026e-01
  4.28882860e-01  3.17208707e-01  4.58472123e-01 -1.39601160e-01
  2.35540342e-01 -3.17036643e-01  4.84323542e-01  4.70821470e-01
  5.75068953e-02  1.54696603e-01 -1.45976219e-01 -4.22371711e-02
  1.88021592e-01  4.54803411e-01  1.73322579e-01  1.95812595e-01
  3.22376668e-01 -2.85959221e-01  3.40893332e-01  7.83672246e-02
  1.32430889e-01  4.10138156e-01  1.85347558e-01  7.03404104e-01
  1.19595698e-01  1.60726862e-01  2.14167049e-01 -4.65633994e-02
  7.11170727e-01  3.90373572e-04 -1.62731786e-01  5.20934653e-01]","[-191.12485186 -191.21524163 -191.36902243 -191.18847354 -191.25401966
 -191.04809367 -191.01866025 -191.33967044 -191.14126381 -190.98165347
 -191.1071869  -191.00175098 -190.74289451 -191.12815281 -190.571374
 -191.07581717 -191.06668033 -190.80186931 -191.26433698 -190.63423221
 -191.68779912 -191.11824364 -191.32119132 -191.25265053 -190.95285353
 -190.68974985 -190.90364401 -190.99150296 -190.83987143 -191.24700904
 -190.47569887 -191.45634539 -191.35142396 -191.09136293 -190.77623439
 -191.08096151 -190.83355818 -191.23261652 -191.29643844 -191.69369689
 -191.52647846 -190.47064251 -191.7624971  -191.03540287 -190.59102839
 -190.81583892 -190.96016774 -190.35659052 -190.62302818 -195.21987847
 -191.4511553  -191.56055648 -191.53382003 -191.52896861 -190.81622477
 -190.94838669 -191.67999795 -191.47316696 -190.90845949 -190.48102383
 -190.90274144 -190.90981581 -191.66053624 -191.04250279 -191.43116485
 -191.05081114 -190.9312012  -191.2979434  -190.90015649 -190.92857475
 -191.19695206 -191.03135118 -191.21397461 -191.78962442 -191.31748218
 -190.25989754 -191.33068137 -190.93611329 -191.73325542 -191.14882905
 -190.83678687 -190.92264626 -190.93377946 -190.55288208 -191.05680952
 -191.66983194 -190.86210687 -190.94652685 -191.13570391 -191.11150998
 -190.86955286 -191.41338577 -190.89660427 -190.68901161 -190.7494554
 -190.71401532 -191.0387259  -191.09652106 -191.43009006 -191.18730473]",0.8599999999999999
2,4.553738469127564,"[ 7.62789896e-01  4.63544815e-01  1.43487424e-01 -1.29393205e-01
 -3.09369053e-01  2.91240525e-01  3.27633205e-02 -2.76934407e-01
 -8.34289434e-01  4.80762492e-01 -6.41724404e-01  6.73155836e-01
  4.96795642e-01  1.53630431e-02 -1.18458110e-02  3.06886966e-01
  8.08253551e-02  1.41452349e-01 -3.68107070e-01 -1.97981766e-01
 -1.27080455e-02 -1.78220281e-01 -1.31313393e-04 -4.46117091e-02
  1.78137484e-01  4.93061577e-01 -1.91870565e-01  2.85293221e-01
  3.61628211e-01  2.28337580e-01  3.14375304e-01  6.56955026e-02
 -3.90827675e-01 -1.57898142e-01 -2.06608920e-01 -3.43054252e-02
 -2.21679679e-01 -6.75472213e-01  3.56117850e-01 -3.93443493e-02
  1.41206125e-01 -7.97449732e-03 -2.30665829e-01 -5.14003108e-01
  3.78836304e-01 -3.56347076e-01 -5.33391178e-01  1.76087142e-01
  2.27072757e-01 -3.53511157e-01 -5.12583888e-01  1.61911721e-01
 -6.05510624e-01  2.92156565e-01 -1.55556229e-01 -3.70608076e-01
 -6.27753625e-01 -1.62481250e-01 -4.99015649e-02  9.54315959e-02
  3.36812704e-01  2.97167691e-01  1.27279201e-01  7.79290658e-01
  1.13799576e-01  6.60764184e-01  2.58024421e-01 -4.80673403e-01
 -2.55352000e-03  2.35742908e-01  1.95262672e-01  5.28908403e-01
 -6.59092663e-01  4.94706280e-02  8.98867796e-02 -3.12745957e-01
  1.12957228e-01  3.54839315e-01  3.35875494e-01 -2.24650752e-01
 -2.36323016e-01 -6.26132379e-02 -8.23313328e-02 -2.09922768e-01
 -1.44976681e-01  1.09251357e-01  1.20018082e-01  1.68986320e-02
  2.78573903e-01 -9.01283371e-02  6.64467862e-01 -1.70177487e-01
 -4.12644379e-01  8.59729370e-02  1.96951949e-01  3.48425655e-01
  1.74487956e-01  4.65896231e-01  4.52652681e-01 -3.45472753e-01]","[-189.7630846  -189.15206164 -189.7219466  -190.15845383 -189.9718256
 -189.86823706 -189.5535774  -189.84078973 -193.51541887 -189.6608798
 -191.74321096 -189.53750201 -189.08592288 -190.40246045 -190.36622115
 -189.49429738 -189.72418661 -189.80449005 -191.1327994  -190.11984871
 -190.06632281 -190.94917353 -190.04358619 -190.19873894 -189.85532837
 -189.80358293 -189.97386865 -189.76762372 -189.9711669  -189.46256958
 -189.5217092  -189.74522536 -191.09536276 -189.82870606 -189.98713391
 -190.01869583 -190.09865861 -190.88830367 -189.43943575 -190.25169093
 -189.77953065 -190.16026243 -190.15532483 -192.30017666 -189.61995879
 -190.95090033 -190.48862847 -189.57486365 -189.25679525 -190.74002397
 -192.08048421 -189.7282775  -190.98346895 -189.30039304 -190.59693927
 -190.95388234 -191.47062141 -189.95452414 -189.89730196 -189.72133433
 -189.91644631 -189.38029432 -189.73559166 -190.15844564 -189.916425
 -189.65576908 -189.75472445 -191.2193796  -189.36324596 -189.66527068
 -189.65528806 -189.46134301 -190.95547723 -189.77861962 -189.64399607
 -190.13707556 -189.84736173 -189.45194969 -189.8601699  -190.02518093
 -190.31834808 -189.78464337 -190.04935656 -190.65503692 -190.19073568
 -189.52791587 -189.71272165 -189.68154031 -189.82775171 -189.50604652
 -189.61389441 -189.95191078 -191.22592584 -189.75071119 -189.57284619
 -189.65516063 -189.50188382 -189.84768508 -189.73682278 -190.59306693]",0.848
3,4.393893665652015,"[ 0.64065079 -0.18037775  0.04571895  0.05682185 -0.15684626  0.55740069
  0.34333165  0.3422296   0.06062648  0.05354173 -0.01929676  0.27404136
 -0.24340357  0.16918647 -0.32305987 -0.26644772  0.19087188 -0.16334279
  0.34267718 -0.09104549 -0.04375194  0.06392434  0.42697119 -0.44044677
 -0.02228596 -0.65631908 -0.20931943  0.1181716   0.32321248  0.50408225
  0.04443143 -0.16650111  0.1617594  -0.04334934  0.44146934 -0.21006413
 -0.14697833 -0.021901    0.21634958  0.3116767   0.10323253  0.42089468
  0.00521875 -0.37585273 -0.06460889 -0.14826211 -0.19014683  0.09016154
 -0.24850953  0.76143922 -0.23986036 -0.18181173  0.67431958 -0.54403269
  0.52394847  0.90850064  0.38238551  0.22715369 -0.03907141  0.09709745
  0.65429969  0.65899117  0.19740938  0.43525824 -0.03532113  0.14171067
 -0.05173339  0.49738398 -0.52818298  0.57791168 -0.13898427  0.19170546
  0.51661828  0.47678221  0.29701374  0.26274816  0.09290248  0.31769013
 -0.39475215  0.10789696 -0.09129683  0.35307031 -0.30878622 -0.06804268
  0.17786114  0.16970293  0.31043192 -0.06783247  0.56760076 -0.1198533
  0.13717358  0.48790336 -0.04772182 -0.60314928 -0.01829043 -0.10883718
  0.36424407 -0.1702537   0.55192381 -0.45828171]","[-188.37835685 -189.2508705  -188.97458761 -188.24504972 -188.66401163
 -188.47798512 -188.24787094 -188.49140918 -189.2155302  -188.62925224
 -188.71513912 -188.65092056 -189.41530307 -188.45525899 -189.75185183
 -189.29524875 -188.61477098 -189.01812403 -188.50287536 -188.53506219
 -188.59800834 -188.68575696 -188.24281323 -189.26382835 -188.8615645
 -190.38237063 -189.05537846 -188.03436495 -188.79646544 -188.38481626
 -188.6774871  -188.87956008 -188.76614376 -188.70350852 -188.31816155
 -188.32734316 -189.04166953 -188.57796346 -188.50452893 -188.70631231
 -188.47363232 -188.44695941 -188.8314279  -189.43085047 -188.28702064
 -188.66588766 -189.15799587 -188.74124615 -189.38059599 -188.88357278
 -190.09603297 -188.96619696 -188.64968821 -190.26422505 -188.28880541
 -189.12689259 -188.64299855 -188.29109156 -189.12434159 -188.64353784
 -188.75748977 -188.503314   -188.74972885 -188.65227445 -189.43374123
 -187.98650312 -188.71733645 -188.12608337 -190.51714826 -188.77845263
 -188.94283064 -188.95876313 -188.41592009 -188.409817   -188.16864371
 -188.89806856 -189.05982632 -188.65146203 -189.76752385 -188.52550372
 -188.75943049 -188.35693576 -189.32026694 -189.10644255 -188.35656055
 -188.40808262 -187.86056062 -188.80362298 -188.25638503 -189.4468347
 -188.48953865 -188.39784135 -188.69694174 -190.61057831 -188.15333883
 -189.30440088 -188.02034429 -189.35372597 -188.77224805 -189.68766243]",0.8190000000000001
4,4.254154379343008,"[ 0.16042915  0.16745014 -0.23474836  0.5118896   0.02555461  0.2642259
 -0.5955157   0.32467848 -0.00275817  0.56347668  0.35771827  1.01038708
  0.13670761  0.24809699 -0.06309669  0.09496538  0.3449696   0.38951716
 -0.07134702  0.15295725  0.47587099 -0.19262917 -0.05738998 -0.14993712
  0.32214877  0.51213194  0.16255596  0.13950415 -0.06657483 -0.05927249
  0.58400888  0.10165989  0.29689636  0.16078719  0.13404591  0.01219421
  0.03283302 -0.16832392  0.35688093  0.38088081  0.0250912   0.17418981
 -0.21141395  0.29825706  0.23122209  0.35050122 -0.4348625   0.22075788
 -0.33094386  0.33395078  0.40498049  0.84446911 -0.01750314 -0.51919409
  0.01490664 -0.12134975  0.19664356  0.02186158  0.05389889  0.5804899
  0.3514623   0.1789303  -0.12684257  0.45022551  0.22769023  0.43830805
  0.40350961 -0.03299105  0.97836651  0.4110125   0.42100981 -0.10443923
  0.25747402  0.14470795 -0.22533927 -0.20035897  0.10061991 -0.11110279
 -0.09019487  0.80127483  0.33633554  0.28432942  0.48215945  0.18575464
  0.10754983  0.05969754 -0.00114901  0.0163978   0.58114515  0.42829824
 -0.31340471 -0.15574399  0.02879889 -0.00535393  0.65195871  0.04182459
  0.22462759  0.49388699 -0.15647719  0.13112314]","[-187.53295833 -187.52990057 -188.4934966  -187.08077905 -187.688863
 -187.10514096 -189.03005436 -187.43691703 -187.98724604 -187.83601668
 -186.93681416 -189.00252064 -187.62302815 -187.63023747 -187.96004939
 -187.71715841 -187.76844305 -187.35063564 -188.11370298 -187.50357226
 -187.69081405 -188.00398177 -187.57663594 -187.83889114 -187.22026017
 -187.34056843 -188.23254387 -187.80937439 -187.68642521 -187.67908119
 -187.86643144 -187.35994406 -186.9301065  -187.59154924 -187.48787325
 -187.46692881 -188.06306139 -187.90901192 -187.53206871 -187.68493992
 -187.76454614 -188.26580101 -188.4149957  -187.11972681 -187.41556911
 -187.54256426 -189.29674378 -187.68399946 -189.56224395 -187.55877041
 -187.68243301 -188.20754367 -187.67219124 -189.21074059 -187.29902771
 -187.53386472 -188.09778134 -187.50416273 -187.32629423 -187.62385819
 -187.39658321 -187.21403872 -188.41443755 -187.82915912 -187.46916575
 -187.36381211 -187.76155666 -187.96142408 -188.33106768 -187.30581472
 -187.53927648 -187.75056857 -187.56917677 -187.94016138 -188.23736965
 -187.98391693 -187.79758899 -188.2234845  -188.70120848 -187.86286047
 -188.02365782 -187.7771079  -187.28548101 -187.26921696 -187.71893543
 -187.92339443 -187.30688391 -187.79795485 -187.83789342 -187.5105684
 -188.31565829 -187.70541578 -187.77065643 -187.83273633 -188.24563868
 -187.38416854 -187.67608518 -187.4454729  -188.18371172 -187.58574842]",0.846
5,4.083639570981038,"[-0.64411776 -0.02925077  0.0184481   0.01760326  0.39318331  0.97386987
 -0.1544583   0.17338599 -0.47723568  0.38677035  0.21728969 -0.10709849
 -0.07615959  0.21315445  0.3249774   0.43710707  0.06732006  0.41081263
  0.30411519  0.1111332   0.04238998  0.64166421  0.11039691 -0.25492612
  0.49599549 -0.02901956  0.12866163  0.50183003  0.45634128  0.05504049
 -0.38908444  0.37602622  0.11234474  0.26476371  0.4250182   0.2813459
  0.34483714  0.59477886  0.71235825 -0.04585142 -0.05331171  0.05027772
  0.26881528 -0.3640667   0.13848392 -0.68279998  0.55588108 -0.26069059
  0.10945578 -0.23472523 -0.1864933  -0.42215076 -0.30337442 -0.33159883
  0.36346648  0.17585197  0.46344615  0.52684486  0.53465973 -0.01037506
  0.26435144 -0.04243121  0.08279402  0.28560119  0.05615071  0.04662787
 -0.26212477  0.08260489  0.04113173 -0.26388478  0.34575139  0.05780895
  0.25121314  0.89073318  0.02685578  0.61424185 -0.27706483 -0.35606432
 -0.42813601  0.70518983 -0.15042     0.19157674 -0.05921973 -0.05357505
 -0.43304609  0.41536778 -0.25252311  1.07700955 -0.10196504 -0.21068417
 -0.0077863   0.33728254  0.0938178   0.00587171  0.41055662  0.31887729
  0.19349778  0.20070848  0.09422551  0.31293546]","[-189.20060644 -186.91865802 -185.98242351 -187.07185163 -186.33847826
 -187.39017673 -187.90248178 -186.45139138 -187.22002178 -186.04747766
 -186.31989338 -186.56616898 -187.22814094 -186.28046881 -186.5211397
 -186.23932368 -186.48839008 -186.03543273 -186.01032189 -186.91883549
 -187.10247977 -185.99481147 -186.4497366  -187.44261216 -186.03312326
 -186.16435641 -186.28001982 -186.1608855  -186.23083824 -185.87728805
 -187.61002278 -185.97310509 -186.2895627  -186.65567343 -186.80699106
 -186.67072981 -186.31333415 -186.36060467 -186.0987465  -186.43941319
 -187.1523024  -186.44954637 -186.05580632 -187.62815751 -186.13898637
 -187.77678032 -186.31530794 -187.0246055  -186.39322691 -187.19948956
 -186.74404294 -187.18482138 -187.40725493 -187.61299448 -186.12326388
 -185.77582372 -186.36023576 -186.17520528 -186.02428312 -186.2437972
 -186.68981613 -185.9937078  -186.81831631 -186.19237283 -186.30127533
 -186.48782911 -187.03228338 -186.5353691  -187.33583254 -187.00823021
 -185.95381725 -186.2476442  -185.65194269 -186.89468973 -187.53124946
 -186.39198061 -188.24201047 -187.50285689 -188.15400221 -186.10738946
 -186.62390772 -186.12696729 -187.25863507 -186.64731248 -187.01592127
 -185.77422919 -187.02681056 -187.55017368 -186.97058491 -187.50395405
 -186.87340681 -186.51742854 -186.93927846 -186.12490369 -186.51633156
 -186.20671821 -185.6098547  -186.63998934 -186.08653925 -185.66553051]",0.8030000000000003
6,3.9250413750984983,"[ 0.00694993  0.45464603  0.46951183  0.01141465  0.26431041 -0.21200165
 -0.28448364 -0.13499744  0.1075028  -0.30572699  0.09754325 -0.19598976
  0.53876793  0.29878914 -0.29571324  0.76357197  0.6736061  -0.31227698
 -0.2842569   0.41642407  0.58117353  0.0941219   0.35275948 -0.52425215
  0.37562603  0.16334279 -0.16141949  0.52488849  0.1630874  -0.85939799
  0.20865679  0.58875054 -0.22617289  0.93727577  0.3441097   0.82813806
  0.52941935  0.40499784  0.12050886  0.47967938  0.3083856   0.2894934
  0.54203088  0.43895505  0.1494553   0.37031645  0.57826818  0.12593287
  0.25407743 -0.09577009  0.54167794 -0.15565101 -0.2338933   0.37360569
 -0.16765551 -0.13140543 -0.01317129  0.30140216 -0.37232449 -0.29455398
  0.18434806  0.62235635  0.06341359  1.08816157 -0.3772113  -0.44028243
  0.08750688 -0.25154212  0.13377297 -0.12225196 -0.16961408 -0.06989386
 -0.27762635  0.66640348  0.22525931  0.513217    0.47378812  0.46407133
  0.41349624 -0.03669956  0.40384306 -0.16946068 -0.47509281  0.55689429
  0.35941753  0.25651929 -0.09066753  0.16974926  0.39963827 -0.23930107
  0.11150138 -0.26684667  0.18213336  0.89426832  0.07378678 -0.4617098
  0.78879906  0.7482235   0.53390538  0.14142603]","[-184.42730258 -184.92740588 -185.28367672 -185.45618653 -185.16709727
 -185.63604305 -186.33702184 -185.6270905  -185.21629968 -186.01511594
 -185.39254258 -186.27496409 -184.91290366 -185.11688206 -186.62245766
 -185.53844152 -185.19741476 -185.61933619 -186.10746734 -185.37152322
 -184.9982115  -184.92189206 -185.24087057 -186.46036652 -185.67751212
 -185.10236908 -185.71565338 -184.72347744 -184.83101226 -188.23216335
 -185.42295503 -185.50610417 -186.64611161 -185.60941799 -184.49551335
 -185.17077775 -184.88567018 -185.21767251 -185.46523357 -184.50221686
 -185.65473366 -184.99244092 -185.32668275 -185.16492197 -184.8220376
 -185.02781265 -184.69807469 -185.40497596 -184.87328605 -184.83270145
 -184.30453612 -185.33819145 -185.7880105  -184.71026259 -186.39163943
 -185.29852787 -185.48634573 -185.28824131 -186.43199992 -187.26149414
 -185.49609115 -185.76833245 -185.03398212 -186.46227776 -185.8535167
 -186.06387333 -185.21552256 -185.58558057 -185.23861651 -185.74808533
 -185.48340138 -185.31899604 -186.60057914 -184.9079853  -185.34288031
 -184.97261786 -185.45353413 -185.32679301 -185.29883302 -185.21856274
 -185.38171085 -186.59752017 -187.08947893 -185.31730805 -185.47136425
 -184.90392562 -185.51869942 -185.44649371 -184.39271488 -186.54734778
 -185.70716757 -185.82817362 -185.21372298 -185.12406536 -184.98565094
 -186.74905068 -184.80860188 -185.66929235 -184.95769592 -184.80575285]",0.8360000000000001
7,3.7768891746247997,"[ 0.0196451   0.29152857  0.48256296  0.07295672 -0.36276411  0.604572
  0.46161881 -0.31937047  0.14823059  0.43503829 -0.42506029 -0.17211294
  0.17435502  0.44651808  0.58290159  0.10632619  0.27774877  0.15263782
  0.26930872  0.30618943 -0.1692349   0.35607081 -0.0347256   0.24093235
  0.09915252  0.13445133  0.32341959  0.45094043 -0.16942239  0.06327609
  0.54750017 -0.04097813  0.51935705  0.32164122  0.56613329  0.32329471
  0.58151863 -0.24464594  0.53699482  0.39313822  0.17392713 -0.05163394
  0.06397921  0.2670194   0.08717449  0.23359581  0.87850519  0.55238131
  0.07277598 -0.21865178  0.04109425 -0.30520494  0.43833428  0.21896362
  0.88329668  0.60992959  0.1696151   0.6220352   0.1534986  -0.24836643
 -0.00815607  0.11475981  0.10116789  0.61357009  0.5260237   0.7519881
  0.20926679  0.41821121  0.49349115  0.08290799  0.37935109 -0.05328784
  0.49394755  0.44686643 -0.0403833   0.42524393  0.81617743  0.28550679
 -0.07846967 -0.19473831  0.04355651  0.14850571 -0.21277529 -0.4275441
 -0.0693187  -0.36057991 -0.03673474  0.1570321  -0.21944756  0.16495992
  0.57384322  0.34340075  0.57119595  0.02786102 -0.27441706 -0.37204504
  0.35280152  0.13075351 -0.58524975 -0.77536919]","[-184.30518913 -183.59414199 -184.27841004 -183.97863012 -184.54754
 -183.39203454 -183.81456678 -185.27513039 -184.08937912 -184.15750585
 -185.55012267 -184.84646748 -184.15346492 -184.05898069 -184.1253107
 -183.81067323 -183.6732007  -184.30115898 -184.32409116 -183.22036547
 -184.71163805 -184.18033841 -184.12041634 -184.20411336 -183.39456173
 -184.15816775 -183.65419315 -183.77233024 -185.54669004 -184.30666809
 -183.92041649 -184.18134733 -183.60370907 -183.88289528 -184.1948864
 -183.62436923 -184.62780009 -184.75257586 -184.31742177 -184.01890649
 -184.13029718 -183.74083953 -184.59705887 -183.79789316 -184.29950749
 -184.32220342 -184.14654969 -184.2088043  -184.27732698 -184.54834054
 -184.06249382 -184.31613156 -183.84580532 -183.82886415 -184.52439394
 -183.96083945 -184.21904558 -183.98512858 -184.39040089 -185.21857242
 -184.37309655 -183.74544707 -184.58588845 -184.05389128 -183.63675535
 -183.66685751 -184.3174368  -183.95958474 -184.03077881 -184.08352044
 -183.89975525 -183.85109724 -184.45016047 -184.28099455 -183.82224907
 -183.89792662 -183.96399902 -183.92923983 -184.89707837 -184.66373931
 -183.6848111  -184.54328716 -184.67264961 -186.58676211 -184.22786295
 -185.18604847 -184.43082499 -183.90723767 -185.01615228 -183.4326464
 -184.14857264 -183.82004477 -183.45818989 -184.41024831 -185.23658516
 -185.26477437 -183.60740975 -183.65942483 -186.36979134 -185.90672828]",0.81
8,3.6229051643278662,"[-0.17598678 -0.20115883  0.24111085  0.72049562  0.51725436  0.13379013
 -0.30605891 -0.40011804 -0.52768986  0.67737281  0.14553377  0.08184758
 -0.24394049 -0.39792691  0.17288428  0.29432543  0.29541736  0.49026162
  0.28508283  0.53967571 -0.10784794 -0.43970462  0.39999467 -0.20943392
  0.37015126  0.88721826  0.39765797  0.29836645 -0.06603654  0.45171895
 -0.44096404  0.12009093 -0.17471176 -0.15807858  0.05295386  0.03010197
  0.16483031  0.17127908  1.08318078 -0.07389439  0.33411967  0.18524558
 -0.2442288   0.33036049 -0.2098146   0.24481033  0.08957251  0.1021762
  0.21589876 -0.06725727  0.07350181  0.08629924  0.33623649 -0.06574885
  0.14868043 -0.27771911  0.07688548  0.41814688  0.56798998 -0.17437023
 -0.1436819  -0.42223418 -0.39183119  0.18782522  0.25044625  0.30959701
 -0.50060163 -0.0138724  -0.15565816  0.01003825 -0.18436239  0.2353871
 -0.20392305 -0.33682531  0.83016985  0.53165589 -0.39288961  0.10876617
 -0.1990613   0.14730338  0.03932728  0.28207892  0.10978006 -0.34064241
  0.062344    0.41090335 -0.03046687  0.10869763 -0.57844136  0.36560949
  0.05606533  0.24887955 -0.20422437  0.163727    0.57794213  0.13495469
  0.1932287  -0.19245739  0.16791081  0.3663182 ]","[-183.71967461 -184.62658665 -182.89326555 -182.82948346 -182.74224045
 -182.87223556 -183.64380619 -183.9177414  -184.49337118 -182.59997361
 -182.95183867 -182.88133422 -183.83505774 -184.91360139 -183.00881054
 -182.44414527 -182.63009519 -182.76997379 -182.74489343 -182.84135628
 -183.03515582 -184.31959622 -182.68586231 -183.56460281 -181.94878221
 -182.23425006 -182.99929619 -182.77666334 -183.47221607 -182.65493811
 -183.9138546  -183.14771072 -183.34478802 -183.34048576 -182.58931166
 -183.08196377 -182.66646665 -182.88480438 -183.63789426 -183.63916017
 -182.71681996 -182.81114796 -183.82876184 -183.14268059 -183.76835477
 -183.00586123 -183.35448416 -182.92560304 -182.94613652 -182.69978843
 -184.16241268 -183.59015678 -182.48209092 -183.08086733 -183.36414161
 -183.89592465 -182.63129603 -183.27902683 -182.47671107 -183.5206432
 -183.64573913 -184.82296356 -184.52184231 -182.63330663 -183.18658068
 -182.7461486  -185.10959    -183.21907516 -184.04669319 -182.83310978
 -183.1915404  -183.04774679 -183.38845911 -183.24134234 -182.92892356
 -181.83043116 -184.70661261 -182.69731665 -183.89571432 -183.02648646
 -183.20832133 -182.63933394 -182.63577567 -184.21946292 -182.51147228
 -182.67883751 -182.57656077 -182.77704682 -185.25605969 -182.61274107
 -182.92834041 -183.15096565 -183.02433392 -182.68006734 -182.504397
 -182.3403733  -182.9100937  -183.33520723 -182.85757661 -182.63385233]",0.8319999999999997
9,3.468214431126206,"[ 0.09621137  0.26121692 -0.26925858 -0.109765   -0.46543633  0.59325094
  0.21136844 -0.2683109   0.05538399  0.61901197  0.57998652  0.14986256
  0.06733979  0.07883183 -0.09174414  0.65786866 -0.48483428  0.19014367
 -0.04138247  0.69181199  0.29289668  0.59186378  1.00659546  0.45244755
  0.34642703  0.18499545 -0.49690413  0.20311094  0.34750445  0.4186213
  0.04072909  0.81961896  0.50111607  0.49721834 -0.62110536 -0.3308372
 -0.47265488  0.32608024 -0.32293574  0.22845802 -0.02030494  0.35713074
  0.20089777 -0.37323719  0.98299361 -0.18202877 -0.33066254  0.80397445
  0.3695727  -0.05730562  0.41737517 -0.45383473  0.45982016  0.19300091
  0.07623781  0.41595616 -0.17275522  0.1135075  -0.09750862  0.17890671
 -0.25922516  0.09083937 -0.15577833  0.37140155  0.77894559  0.41222314
 -0.24950519  0.30694863  0.27609196  0.14249032  0.05335892  0.84055773
  0.64957719  0.04736287 -0.03092341  0.11186502  0.06891269 -0.04499739
  0.13213797 -0.27962577 -0.01992236  0.43830498  0.6630774   0.2311205
  0.12153111 -0.15359426  0.9911124   0.7121231  -0.07699391 -0.2384118
 -0.47590557  0.22106721  0.45686159  0.47317241  0.61975558  0.11226847
  0.06772178  0.64109866  0.47104751  0.09473878]","[-182.02733443 -181.78404233 -183.0190666  -182.38967864 -183.24475878
 -181.55840837 -181.30331098 -184.06212382 -181.21118052 -181.30780727
 -181.48552768 -181.59976036 -181.44239421 -181.69238608 -182.10081651
 -181.20406251 -183.37450934 -181.86931766 -182.08986908 -181.46380939
 -181.63913708 -182.37193457 -182.31233119 -181.64252579 -181.46000175
 -181.54627491 -183.42831146 -181.27506604 -180.90721322 -180.94402464
 -181.73238098 -182.37934522 -181.89686378 -181.33647948 -184.68014168
 -183.26036137 -183.47510744 -181.44431035 -183.06606331 -181.53886578
 -181.82917738 -181.80234761 -181.64464257 -182.75222502 -182.33366974
 -182.88321936 -182.43496206 -182.34945635 -181.50679539 -181.71577362
 -181.33379162 -184.51993916 -181.30260588 -181.64345054 -182.87288252
 -181.49076946 -182.51881553 -181.97972381 -180.74545127 -182.08196147
 -182.93958041 -181.70199647 -182.03585537 -181.07007837 -181.62473587
 -181.35964657 -183.5515946  -181.41767942 -181.81579345 -181.15839968
 -182.25543609 -181.20176908 -182.07970648 -181.52745498 -181.31688174
 -181.64962353 -181.67212043 -182.1519381  -181.99630979 -182.86246378
 -182.35431296 -181.43621503 -181.94879063 -181.38066472 -181.51894931
 -182.65829177 -182.39781008 -181.27227945 -182.02121936 -182.35094499
 -183.80911692 -181.24465066 -180.94848541 -181.24047002 -180.7490075
 -181.16516585 -182.04113    -181.64976622 -181.16602111 -181.88961008]",0.811
10,3.351491251169371,"[-0.70226446  0.22768158  0.6845707   0.26952219 -0.06131074  0.7349743
  0.2756582  -0.48450177 -0.37247833 -0.39955334 -0.22219193  0.73317602
 -0.23143209  0.19836317  0.19159866 -0.04682065  0.33729249  0.4786524
  0.14316829  0.1617609   0.43895981  0.36728753  0.3657724   0.73851381
  0.14187684  0.3383931   0.53261004  0.55696661 -0.18096741  0.14736264
  0.24409537  0.08721614  0.1514355   0.58809708  0.81467494 -0.03413092
  0.4512561   0.31091305  0.08036303 -0.42732152 -0.12479416  0.40564671
  0.23668065  0.1279604  -0.07176661  0.14690914  1.08277935  0.17430341
  0.13764483 -0.32752694 -0.00725509 -0.10923698  0.46402005  0.06178933
  0.16531249  0.49871333 -0.12366083  0.2907775   0.01232371  0.48069008
  0.40756352  0.10731012  0.19570123  0.8233717   0.21142023  0.38107387
  0.3649214   0.29594448  0.44754471  0.14010214  0.97656144  0.41537743
  0.4011288  -0.55545054  0.11541254  0.22782479 -0.50800984  0.52160091
  0.59710849 -0.08681511  0.59278975  0.51585766  1.01265778  0.81428005
 -0.8228584  -0.32332084  0.33085008  0.88811934 -0.32778686 -0.2412936
  0.3728463   0.64388632  1.03557479 -0.5784944   0.41647289  0.24138988
 -0.17485351 -0.15146593  0.44761402 -0.12596704]","[-183.05606352 -180.89466688 -179.94678157 -180.60871184 -180.76712072
 -180.2935405  -180.20573414 -182.33071925 -182.4911742  -182.58292192
 -182.45645188 -181.63289181 -181.0865911  -179.66674215 -180.40764868
 -180.47971491 -180.79426522 -180.52838984 -180.39140313 -180.56097984
 -179.68674206 -180.92640769 -180.83184723 -180.54874496 -180.81078047
 -180.09872143 -179.89150244 -180.63559997 -181.65548362 -180.66168758
 -180.21045615 -181.38809952 -181.32602158 -180.60695573 -180.85122943
 -182.21254766 -180.52344623 -180.08270162 -180.74177797 -183.02350978
 -180.90751428 -180.44433744 -181.18080179 -180.68453734 -181.55512189
 -181.21004116 -180.62827358 -180.0683427  -180.98890454 -182.67666902
 -179.95159273 -181.5230239  -180.6149539  -180.59873674 -180.99281537
 -179.8130733  -182.66039127 -180.46625755 -181.01019975 -180.09131069
 -180.3128205  -180.49159476 -180.32262896 -182.4382748  -180.38025029
 -180.43853096 -180.25534528 -181.10301204 -180.14652529 -180.69403029
 -181.0490572  -180.33821471 -179.95065454 -181.65629329 -180.71791872
 -180.35360833 -182.933339   -179.76869828 -180.89409313 -181.8888665
 -180.2818247  -180.76942403 -182.88085674 -181.33094297 -182.37199548
 -181.81983971 -180.66005695 -180.47993342 -182.22570248 -181.83843183
 -179.84868034 -180.18696183 -181.42988189 -183.24046413 -180.5661681
 -181.29925958 -181.83948105 -180.8453047  -180.38565013 -181.55473995]",0.7589999999999999
11,3.2301929161087637,"[ 0.38156388 -0.21590236  0.47282652  1.39807798  0.2769918   0.18185384
  0.85463321 -0.6141746   0.65988845  0.10864138  0.7695298   0.38244714
  0.77855479  0.26991288  0.30929014  0.09374035  0.61198133  0.7463779
  0.14802222  0.27058127  0.50117246  0.34426592  0.17420876  0.91590632
  0.57870752 -0.34796532  0.56411622  0.60659701  1.05714337  0.09241396
  0.04615139  0.41458915  0.3171125   0.93311107  0.31896349  1.08028284
  0.61048289 -0.07856465  1.26822974  0.62127621  0.20719833  0.3232337
  0.32694805  0.25600869  0.03954555  0.53200424  0.14624552  0.09627287
  0.73393645  0.95780666  0.216978    0.3533527   0.98384705  0.29808245
  0.79982783  0.15490893  0.66006092  0.91914578  0.31250585  0.6121502
  0.96066005  0.12196237 -0.01959696 -0.36997941  0.59485406  0.01625736
  0.0813628   0.4364394   0.61473369  0.44822846  0.41380512  0.47822261
  0.13416616  0.35610967  0.55810292  0.55859901  0.29830683  0.5084749
  0.80614297  0.77999238  1.00593759  0.3171044   0.65929693  0.44362709
  0.14857586  0.21848783  0.06001395  0.15125586  0.61176301  0.13585383
  0.27036004  0.23383925  0.81763098  0.58056095  0.26827664  0.23011854
  0.14979977  0.50744079  0.0642804   0.1125752 ]","[-179.12737562 -180.65005368 -179.58784947 -183.64465486 -180.52485186
 -179.55901177 -179.33334276 -183.20172621 -179.46541093 -179.77929377
 -181.25144743 -179.80066388 -179.2588442  -179.57820802 -179.69447425
 -179.26415278 -179.2107537  -178.64125232 -180.18834374 -179.28805491
 -178.94253671 -179.12009519 -179.44980937 -179.35481564 -179.43671139
 -182.39277413 -179.73054369 -179.87863217 -179.77576286 -179.70147096
 -180.30576915 -179.34803018 -179.51014468 -179.52179927 -179.0004087
 -179.75617451 -179.49055717 -179.36949792 -181.6083115  -179.89947582
 -179.76300542 -179.96940422 -179.56613548 -178.85607239 -180.50662414
 -179.33196218 -179.90706012 -179.40358446 -178.72105549 -179.87271669
 -180.61570382 -179.68437378 -179.65752901 -179.89411471 -179.2457714
 -179.55229016 -179.49500614 -179.945473   -178.82665183 -179.23834436
 -179.92770793 -179.88787099 -180.08165381 -181.74838301 -179.00774078
 -180.8615422  -180.03751216 -179.39602797 -179.16405271 -179.216202
 -179.43227292 -179.36012044 -179.23625258 -180.22312935 -179.05223745
 -179.71326967 -179.14685878 -178.984527   -180.14509848 -180.1343505
 -180.36717223 -179.91276854 -180.67201826 -179.24291497 -179.6588574
 -179.49272412 -179.6085461  -179.63387271 -179.98137419 -179.77548168
 -179.996161   -179.44569856 -179.8265687  -179.92581438 -179.66295271
 -179.87927615 -179.57365722 -179.22522335 -179.44823839 -180.23593355]",0.6920000000000001
12,3.1251396254800934,"[ 5.37497704e-01  3.25226480e-02  3.38555721e-01  5.82588222e-01
  4.27895601e-01 -1.09832751e-01  7.92260059e-01 -1.05471651e-03
 -9.82505530e-02  7.89446861e-01  6.44479913e-01 -4.53297211e-01
  3.43511092e-01  2.59235547e-01  6.58589778e-01  2.60917943e-01
  4.44618251e-02  1.07428774e+00  1.03210729e+00 -7.54225321e-04
  7.72801990e-01  1.05077597e-01  5.86160690e-01  3.62955655e-01
  5.32052228e-01 -5.20832344e-01  5.94000293e-01  2.03956868e-01
  3.22992216e-01 -2.79566253e-01  3.25350270e-01  3.17330654e-01
 -4.43283192e-01  5.42274422e-01 -1.87223326e-01 -3.32125948e-02
 -4.42685092e-01 -9.33074331e-02 -2.59826653e-02  3.71867120e-01
  5.11671880e-01  7.75583847e-01  4.64871211e-01  4.42989605e-01
 -2.43284418e-01  1.16759248e+00  5.58622842e-01  6.35295995e-01
 -1.25575490e-01  8.94096655e-02  3.01125435e-01  6.25444856e-01
  3.21988015e-02  6.17670912e-01  2.92614529e-01  1.34963216e+00
  2.43123981e-01  4.44766836e-01 -1.98889372e-01  7.80845498e-01
 -5.21718026e-01  1.96472482e-01  3.37919207e-01  2.96018477e-01
  4.19883222e-01  4.66603974e-01 -8.97788734e-02  1.99713335e-01
  5.97680164e-01  3.70323906e-01  7.70844432e-01  8.28360829e-01
 -2.24389116e-01  4.52158401e-01  7.22073753e-01  1.51582005e-01
  6.71103671e-01  9.68139207e-01  4.24216919e-01 -2.86579223e-01
 -3.00768609e-01  5.91241033e-01  1.52107847e-01 -4.30653362e-01
  5.74593523e-02  3.51641062e-02  7.69990094e-01  3.79056162e-01
  2.51353177e-01 -1.80860503e-01  1.19955278e-01  7.48516743e-01
 -1.31631689e-01  1.10198725e+00 -5.58351932e-01  1.99596046e-01
  6.64101776e-02  8.74242652e-02  1.04702051e-01  5.28008977e-01]","[-178.94043891 -178.46991666 -177.81252464 -178.64030031 -178.27126875
 -178.39311721 -178.95325092 -180.83145818 -179.29642301 -178.76828453
 -178.28158426 -180.97420354 -178.74063889 -179.80483382 -178.46565455
 -178.42573683 -179.02617152 -179.66630471 -179.77950013 -179.11513562
 -178.27678325 -178.60862784 -178.56036803 -178.18902101 -178.4259369
 -181.12009738 -178.41893052 -178.51868782 -179.27673346 -180.23866826
 -178.94827078 -178.75895532 -180.53148819 -178.4600384  -179.16851795
 -179.49777361 -180.67386051 -180.49997528 -179.58905738 -178.0519346
 -178.53237075 -178.51405786 -178.51132735 -178.15636943 -180.00245768
 -180.52776612 -178.02279398 -178.31376166 -179.16415827 -178.85633434
 -178.33193471 -178.44981204 -179.62722092 -177.66507603 -178.6000579
 -181.97708798 -178.96802975 -178.79949311 -180.52539358 -178.19236482
 -181.51495292 -178.18097653 -178.14757308 -178.15180038 -178.40245452
 -179.10939303 -180.95183118 -178.23757661 -178.91576078 -178.40282777
 -178.96321598 -178.74157637 -179.91873512 -179.87208432 -178.96408094
 -179.07684977 -178.31202244 -179.4296004  -178.31911222 -180.39918386
 -180.31893594 -179.49660403 -178.69919041 -180.86492562 -179.26381473
 -179.63687559 -178.61517703 -178.39045531 -179.07537798 -180.49758643
 -178.58180235 -178.46369534 -179.90109905 -179.80256993 -181.96717293
 -178.95505969 -179.32824877 -179.08081597 -178.66859631 -178.88038486]",0.753
13,3.032758737691389,"[-0.1805633   0.41721182  0.2940283   0.34575638  0.97998899 -0.33424568
  0.5481876   0.23353164 -0.01513922  0.5846669   0.48069905  0.13919976
  0.12321166  0.57841472  0.25960932  0.51866923  0.52804575 -0.25988676
  0.45131464 -0.05459164 -0.04964094  0.66114529  0.43064214  0.50051986
  0.56764936  0.53299828  0.52737979  0.27430713  0.40559512  0.23815739
  0.10308515  0.32947894  0.40936295  0.67625836 -0.21344053 -0.0939995
  0.78459905  0.24639225  0.65445629  0.41187244  0.45591891  0.18452749
  0.11142093  0.32322481  0.82074772  0.12765525 -0.00877553  0.91933254
  0.94558077  0.38292859  0.30665149  0.8120027   0.71003383  0.1510723
 -0.0318776  -0.0815983   0.48767253  0.39476613  0.01744637  0.26639681
  0.69936014  0.84222378  0.93510212 -0.18105915  0.67242093  0.00836328
  0.06570223 -0.05459234  0.56719104  0.64458684  0.82948197  0.76742031
  0.37935082  0.684647    0.23831737 -0.31507772  0.28466067  0.45678103
  0.59444998 -0.27254659  0.5600795   0.38187651  0.29792133  0.40404935
 -0.03924901  0.93231578  0.54946848  0.44355248  0.52522735  0.59885792
 -0.14740429  0.29939725  0.83684348  0.35960831  0.54760672 -0.091374
 -0.36587389 -0.13768709  0.46594605  0.66967627]","[-180.21778646 -177.00307787 -177.71906844 -177.30470344 -177.5638528
 -180.17705507 -177.49396381 -177.62758718 -177.8754878  -177.24593307
 -178.60399699 -178.09399347 -177.69899378 -177.08494986 -177.52477214
 -177.44452085 -177.81529097 -179.5872604  -177.61493717 -178.17381769
 -178.23074796 -177.55482948 -178.19095021 -178.41241129 -178.00587857
 -176.92907425 -177.51650587 -178.26824386 -178.75219385 -177.54209759
 -179.60819423 -178.25060284 -178.05107844 -177.7255785  -179.3731315
 -178.95490438 -177.65479477 -177.35189988 -177.82526595 -177.68511426
 -177.13535728 -178.6836862  -177.80019238 -177.8278257  -178.15805988
 -177.99789913 -178.275911   -177.80190089 -178.40118676 -178.05835284
 -177.97053794 -177.4315887  -178.00934839 -178.42342667 -178.11916488
 -178.276875   -177.17449703 -177.61281518 -178.5047026  -177.97625503
 -177.88918899 -177.83683345 -178.52901897 -178.52412359 -177.38623862
 -178.22473841 -178.4580378  -177.96947327 -178.05847621 -177.33770579
 -179.23204278 -177.6329444  -178.18792955 -177.88789086 -177.71859128
 -181.0727384  -178.26351172 -177.57821321 -177.53645149 -179.00974482
 -177.61686608 -178.56274225 -177.90083412 -177.81265023 -179.13567506
 -177.53579555 -178.086252   -177.20497184 -178.06289989 -177.53892344
 -179.37470062 -177.8681642  -177.66237231 -177.86352879 -177.85666449
 -178.41342696 -179.38759918 -179.95754504 -177.61738594 -177.97767544]",0.7529999999999998
14,2.9615669024920077,"[ 0.86604341  0.44805202  0.01357048  0.82311604  0.1346219   0.78050653
  0.00750328 -0.04058295  0.4769899   0.22610738 -0.46266583  0.61284791
  0.29764669 -0.14061116  0.06587547  0.7652292   0.22391919  0.40974745
  0.3132796   0.55154296  0.41670354  0.43200054 -0.16283152  0.7451439
  0.27730898  0.23968418 -0.32284084  0.1993556   0.37032938  0.27317762
  0.30419474  0.50693685 -0.25921225 -0.18893328  0.48618054  0.47536885
  0.33105888  0.39173817 -0.22383385  0.83980841  0.46169765  0.63428032
  0.08748314  0.46101181  0.67273776  0.09843292  0.09092448  0.50967757
  0.35339948  0.16308157  0.98851296 -0.08856773  0.09174225  0.34650236
  0.50359579  0.01207122  0.11758611  0.84783096  0.60476869  0.45632848
  0.01337649  0.32475418  0.31949081  0.0555564   0.41224488 -0.19788545
  0.23269737  0.70980576  0.44228728 -0.27477024  0.52302027  0.53053828
  0.54155289  0.46761762  0.69044569  0.8216608  -0.1029816   0.59755865
  0.27964151  0.28029356  0.56222514  0.46611439 -0.36083385  0.25044139
  0.65601894 -0.51603468  0.04031879  0.0423073   0.78321816  0.26496368
  0.82933052 -0.4839755  -0.48831546  0.45453145 -0.32562749 -0.22233865
  0.44893789  0.02865884 -0.60431989  0.39408516]","[-177.35785416 -176.89103863 -177.69356015 -176.48986717 -177.37565096
 -177.1913993  -178.20732549 -178.40726181 -177.4233611  -177.14323528
 -180.06418918 -176.6561626  -177.08762347 -177.5563557  -177.99443536
 -176.40360429 -177.94740391 -176.39094739 -177.07916184 -177.71608519
 -176.9770729  -176.55792081 -179.15818792 -177.16337755 -176.84141827
 -178.05882701 -178.76589942 -177.45545633 -176.66747207 -176.68264168
 -177.63782118 -176.75097631 -178.38149539 -178.13780542 -176.84504454
 -176.59093093 -176.69222583 -177.46920983 -178.64184758 -177.34687979
 -177.55442997 -176.67481887 -177.35654451 -177.72757233 -177.85535278
 -177.87965201 -176.96398276 -176.98149091 -176.93307211 -177.3427307
 -177.28324764 -178.84831196 -178.21159926 -177.39638895 -177.2962745
 -178.36916633 -177.13361858 -177.26049895 -176.79027263 -177.66671655
 -178.55335145 -177.28318657 -176.86824791 -177.20877208 -176.68657654
 -179.22169525 -177.29825105 -177.97677569 -176.91219513 -178.93912363
 -176.95346063 -176.91359333 -176.82914309 -177.71764092 -177.00919125
 -177.42341465 -177.945943   -176.8979636  -177.56128525 -177.26684862
 -177.14786448 -176.45454656 -178.20539199 -176.78963199 -177.13715878
 -179.99912797 -177.45651931 -177.51408249 -177.50656484 -177.57807794
 -177.76055456 -179.16589252 -180.94200734 -177.03469048 -178.95832007
 -178.72344177 -176.64071243 -177.67269732 -180.42159053 -177.07423772]",0.746
15,2.8513155020815395,"[ 6.12466988e-01  5.62728790e-01  3.31795960e-01 -3.32480522e-02
  2.53081356e-01  3.24917452e-01 -4.87079372e-02 -6.42502161e-02
  1.66301141e-01  8.63488672e-02  4.72792936e-03  6.26620038e-01
  4.97634434e-02 -7.81419046e-04  1.41849413e-02 -2.01330445e-01
  3.55412918e-01  4.71307976e-01 -4.12269951e-01  1.93935005e-01
  3.15595336e-01  3.74455207e-01 -5.23746178e-02  4.95568518e-01
  1.08840859e-01 -1.69680240e-01  1.67777698e-01 -2.53307039e-01
  3.82482126e-01 -3.66044894e-01  4.92757746e-01 -1.89301526e-01
 -3.27628569e-01  7.92906512e-01  8.19915578e-01  7.99167781e-02
 -5.04639953e-02  5.29254347e-02 -2.32428613e-01  4.93670205e-01
  1.98552141e-02  2.41693673e-01  2.03738327e-01  2.95230439e-01
  3.67808031e-01  2.72136272e-01  6.73453812e-01  4.82422293e-01
  9.39909983e-02 -8.79309113e-02  4.44058275e-02  2.20501693e-01
 -2.82490925e-01  5.65762854e-01 -9.33808268e-02  2.13785871e-01
  7.92893880e-02  1.06480802e+00  4.14270516e-01 -2.48805867e-01
  3.31197390e-03  3.45047786e-01 -2.50248038e-01  2.88335546e-01
  5.61688111e-01  2.45092059e-01  4.52119729e-01  4.94289189e-01
  2.12390287e-01  3.02293724e-01  4.10569902e-01 -1.28981316e-01
  2.41295719e-01  4.74621167e-01 -1.71579929e-01  3.79048269e-01
  6.72389009e-01 -8.84696904e-02 -2.99486116e-02  4.14968215e-01
 -6.41003555e-01 -1.75584652e-01  4.94308290e-01 -6.22256682e-03
  2.38516700e-01  6.84010477e-01 -1.99404266e-01 -5.35835187e-01
  2.24890884e-01  1.04999264e-02  5.82755785e-01 -1.16168325e-01
  5.47610282e-01  1.62848926e-01  8.18624146e-02  1.98794876e-01
  1.39468705e-01  6.18511522e-01  4.76869012e-01 -2.31613803e-01]","[-175.99009316 -175.85604776 -175.54174712 -177.05219682 -176.0021546
 -176.23732755 -177.14910397 -176.92246366 -177.48300076 -176.17018508
 -176.47230564 -175.12870219 -176.38014758 -176.67584466 -176.67875216
 -177.31595569 -175.95828355 -175.73080517 -178.82268341 -176.26501474
 -176.29656795 -175.87379236 -177.40161972 -176.09045092 -176.76180023
 -177.74863101 -176.31497668 -177.48031517 -176.51016122 -178.99605557
 -175.42483731 -177.10025124 -178.19482297 -176.63057814 -176.3070928
 -176.51723669 -176.89875025 -176.66197307 -177.01655936 -176.26908339
 -177.13277354 -176.54323034 -176.30857868 -176.13926493 -175.76390185
 -176.4314285  -176.32667109 -176.16129085 -176.38370499 -177.09463076
 -176.67051707 -176.42970066 -177.05284908 -176.96221574 -177.56557487
 -176.17059083 -176.20635979 -177.6331136  -176.11158739 -177.14803875
 -176.54385166 -176.12032988 -178.22524435 -176.70681134 -175.68431866
 -176.64819939 -175.90714941 -175.46519116 -176.73016641 -175.33084152
 -175.99232494 -177.25666331 -176.56471331 -175.77344004 -177.41035718
 -175.44489976 -176.11169705 -176.95431536 -177.12030254 -175.24035955
 -180.12828177 -177.84830865 -175.76225489 -175.85939672 -176.49766746
 -176.02281336 -177.61317316 -179.33109257 -175.74778073 -176.90619331
 -176.44792315 -176.8342827  -175.70029469 -176.56114135 -176.0596187
 -176.72492188 -176.97891234 -176.03226743 -176.63584347 -177.8479561 ]",0.763
16,2.750233240529062,"[-0.26411705  0.51836759  0.47665026 -0.30932169  0.79589689  0.44318376
  0.417897    0.13778146 -0.05020569  0.24333846  0.03362979 -0.40003377
  0.21340267  0.31277479 -0.13313312  0.53296495 -0.06006658 -0.12062997
 -0.07454631 -0.09952995  0.74154662  0.1922762   0.39554686 -0.05209179
 -0.0014672  -0.15701963  0.07876783  0.22189687  0.58379161  0.31274944
  0.05222346 -0.46614806  0.7252478   0.79788755 -0.03143171  0.16098712
 -0.09640465 -0.24734542  0.4702413   0.60209547  0.58717557 -0.3372752
 -0.17862961 -0.61770556 -0.00833519  0.34273493 -0.00408522  0.09553297
  0.70917687  0.04024455  0.9064844   0.81657797  0.35539366  0.83805648
 -0.23649332 -0.01403382  0.2181273   0.32145383 -0.26805428 -0.38457198
  0.01005514  0.41400887  0.80015346  0.29889748  0.42549668  0.55611929
  0.87051237  0.13053581  0.23467097  0.46539671  0.42738269  0.90584655
  0.26180022  0.14717178  0.22321191  0.2162177   0.05789216  0.16645252
 -0.04145369 -0.19884521  0.17972043  0.37824437  0.09592866  0.60910185
 -0.08241063  0.03647832 -0.11171289  0.21245948  0.46949772  0.22632602
  0.41523432  0.20788827  0.30544558  0.53249463  0.24205738 -0.11045268
  0.05888037  0.20943476  0.42464366 -0.00298821]","[-176.8584816  -174.72009779 -174.08385821 -177.68489583 -175.37203678
 -176.0926127  -176.08394808 -175.15598603 -176.65797782 -175.0774101
 -175.60811594 -176.98121414 -175.89948509 -175.57589315 -176.33430118
 -175.72323319 -176.22625908 -176.17640128 -176.72563896 -176.93804152
 -174.94183114 -174.87462503 -174.88520709 -177.18173637 -176.15173525
 -177.20817699 -175.58842774 -175.54282813 -175.09051655 -175.71032658
 -176.24381923 -177.81742198 -175.49181422 -174.14391793 -176.66288959
 -175.27991162 -176.24506304 -177.43436916 -175.12331511 -174.48972026
 -175.10868721 -177.15266473 -177.17326847 -179.6770933  -176.1446136
 -174.66123321 -176.87643505 -175.64978575 -174.53778083 -176.11265161
 -176.61257687 -174.91761563 -175.35838423 -175.46277524 -176.63464378
 -175.33779845 -175.17226279 -175.17249233 -178.52375217 -178.37398362
 -176.50776886 -175.35505421 -174.68201975 -174.82329128 -175.02664684
 -174.72517764 -174.63471474 -175.97568293 -175.07514173 -175.90672174
 -176.36758561 -176.00955379 -175.22918185 -176.40545122 -175.24198188
 -175.63522014 -176.49484349 -176.18549815 -176.26892268 -175.66772386
 -175.88619546 -174.85146378 -175.42662598 -175.20786905 -176.93619573
 -176.42214446 -175.82483092 -175.73530356 -175.12091325 -175.52547674
 -175.35487247 -174.47283888 -175.33784305 -175.00425357 -175.30603904
 -176.30455067 -176.03833343 -176.68817788 -175.70160736 -175.96191307]",0.758
17,2.66276119555856,"[ 0.57569592  0.41037141  0.31555923  0.67926209 -0.32402345  0.3427682
  0.46139425  0.2117368   0.30939894  0.38460912  0.2108477  -0.26940989
  0.39206958  0.96085718  0.40145424  0.91559004  0.78422026  0.4389715
  0.21552102  0.35315701  0.46532327  0.16026821  0.20022696  1.06615145
  0.79602559  0.80425722  0.14008844  0.17114472  0.35644687 -0.31053279
  1.00136506  0.61921905  0.70850418  0.51707309  0.40227433  1.08509612
  0.54434005  0.94615173 -0.01397491 -0.19859389 -0.30819087  0.74131049
 -0.35407053  0.53665796  0.0480422   0.62776942  0.26066666  0.34928835
  0.5071079   0.68426881  0.7392566   0.36752263  0.48371077  0.06981335
  0.18328795  0.35695553  1.16218936  0.45298088 -0.06836996  0.11962213
  0.84555671  0.59521057  0.39628627  0.22696664 -0.14148     0.39452555
  0.99064182 -0.39441583  0.33290244  0.09386684  0.40387631  0.19504123
  0.34445002  0.24638412  0.47793687  0.85993244  0.31618628  0.11418249
  0.76429231  0.36338067  0.50157324  0.57773541 -0.42785733  0.13051093
  0.85019505  0.76829155  0.56677532  0.44619773  0.61487476  0.83924387
  0.17801235 -0.53970446  0.40687918  0.01419437  0.04571257  0.29153787
  0.3414605   0.57645604  0.30566684  0.65171963]","[-174.39440616 -174.49322405 -174.41001473 -174.40538622 -174.96254776
 -174.12931596 -173.65171505 -174.3314825  -174.59559638 -173.84010948
 -173.90079026 -175.42980755 -174.0731988  -173.9633243  -173.43487826
 -174.09558416 -174.57804239 -174.23291305 -174.8916492  -173.79217989
 -173.51176199 -175.88180845 -173.99797965 -174.8004761  -174.39637583
 -173.86239145 -174.86999345 -175.4165078  -174.49678957 -176.47706116
 -175.99866478 -174.47231871 -174.20312785 -174.08065873 -174.35861417
 -175.62106013 -174.348782   -175.68661559 -174.96550159 -176.67239816
 -176.73117984 -174.650223   -178.72405648 -173.84524375 -175.90339112
 -174.17603467 -174.71150114 -174.14839203 -174.31354137 -173.93512808
 -173.62259075 -175.10862824 -173.51032583 -175.93714797 -174.67019904
 -174.06897691 -175.93048975 -173.51056079 -175.6016345  -175.25523392
 -174.19727581 -173.894388   -175.11689254 -175.51782083 -174.6559232
 -175.08210824 -174.49936455 -176.24682052 -174.55751987 -175.36713015
 -173.69258612 -174.85800793 -174.48975765 -174.03698136 -174.07924213
 -174.06105564 -174.56555032 -175.69906153 -174.65418765 -173.5877761
 -175.53936143 -173.95020955 -177.61357827 -174.36149942 -173.90935404
 -173.31869106 -174.79174503 -174.31495842 -173.83410857 -174.37434423
 -175.63613247 -180.8732814  -174.17071974 -174.9771996  -174.87354518
 -174.13706607 -173.88379931 -173.80387766 -174.53808536 -175.56911952]",0.675
18,2.6047158532363106,"[ 0.0722353   1.03509461  0.81830546  0.57239304  0.2056275   0.38747914
  0.69130876  0.80607288  0.67490791  0.32402303  0.35583997  0.58278498
  0.50828036  0.30599633  0.2130111   0.42701498  0.13183647  0.40665663
  0.50466085 -0.09979568  0.37023075  0.63568228  0.674168   -0.10578048
  0.54904113  1.51490993  0.61205374  0.66269218 -0.12566752  0.3706048
  0.29948073  0.78555347  0.29263763  0.09029296  0.65009209 -0.40760802
  0.66229919 -0.09229138  0.0044446   0.7293952   0.52636332  0.59235855
  0.78071386  0.39971389 -0.08867761  0.3955217   0.28728518  0.53251487
 -0.01587139  0.17244748  0.94361005  0.56342147  0.35050254  0.29408637
  0.14963817  0.76352177  0.48227601  0.43680452  0.61894872 -0.29127703
  0.18008455  0.94639603  0.15374836 -0.22963547  0.85346833 -0.19611151
  0.06972159  0.2123442   0.3430763   0.28904932  0.59093358  0.42079011
  0.69941465  0.72931651  0.76602638  0.80635156  0.27218252  0.6540348
  0.58271804  0.39287633  0.69700385  0.55641587  1.09657904  0.09420602
  0.53812147 -0.15270596 -0.01204763  0.26916239  0.27729984  0.15934374
  0.56265577 -0.15749712  0.2611146   0.12603599  0.68153595  1.10434387
  0.88559494  0.19854874  0.1357761  -0.04505513]","[-175.61818381 -174.40114887 -173.3787702  -173.63345416 -173.64119088
 -173.42385409 -172.99266287 -173.06941846 -173.67151568 -173.30842859
 -174.15334873 -173.16285837 -173.84998589 -173.43805398 -173.68928674
 -173.50559513 -174.65500524 -172.90079702 -174.19557312 -174.9397523
 -173.76048097 -173.40061759 -173.5253462  -174.67996484 -174.11079722
 -178.80101227 -174.07884984 -174.31441081 -175.7966446  -173.66592637
 -173.83023024 -173.95428379 -174.34261765 -174.13616109 -173.93289629
 -176.1320063  -174.18224838 -175.00189336 -175.23645988 -173.90918836
 -173.75625402 -174.78464981 -173.43093659 -174.17172472 -174.57007905
 -174.54638649 -174.06957732 -174.05619263 -174.49701445 -173.88404279
 -174.44905765 -173.30933301 -173.16276125 -174.71072599 -174.74560161
 -174.91006264 -173.59839272 -173.63243102 -174.18750743 -175.82286715
 -174.26066547 -173.59478721 -174.16860996 -175.38466941 -173.87473262
 -175.01210166 -174.97017611 -173.63575307 -174.11011055 -174.05635482
 -173.77930118 -173.66645654 -172.75128725 -173.0142032  -173.86794684
 -174.89456663 -173.55742961 -173.93489281 -173.19551625 -173.64092597
 -173.45323679 -173.7374831  -173.68566852 -174.5182936  -174.37165101
 -174.36338339 -174.16556347 -174.0683655  -174.28341133 -174.49667477
 -174.47605778 -175.29824152 -174.52600634 -174.91229839 -174.43435755
 -173.53088689 -173.44998176 -173.53916462 -176.10340828 -174.33230926]",0.665
19,2.5293124666626943,"[ 0.36408301 -0.26628443 -0.03453958 -0.04621913  0.22359042 -0.14993154
 -0.10623103  0.07609395  0.79588656  0.52856087  0.26249971  0.28634095
  0.33908969  0.447372    0.14198882  0.46297499 -0.22981631  0.19607741
  0.38094978  0.46256626  0.64238104  0.08780828  0.78701473  0.25414736
  0.42357024 -0.02024409  0.19643141  0.03138954  0.22233586  0.09619743
  0.14290859  0.41390929 -0.07493878 -0.17037217  0.4069447  -0.32532724
  0.04596966  0.55722657  0.99319603  0.30815149  0.538428    0.27362447
 -0.28381354 -0.24209311  0.0164664   0.14303569  0.20138095 -0.04237901
  0.83107842  0.76339839  0.40167053  0.32925481  0.59656961 -0.39898426
  0.66523081  0.96364373  0.08120869  0.43501902  0.38371083 -0.02565087
  0.26838557  0.32597371  0.45019604 -0.27193038  0.30050524  0.42415787
 -0.01741323  0.57313506  0.48724083 -0.01004997  0.1746858   0.78942734
  0.6873207   0.36429263 -0.16979268  0.22201895  0.35372125  0.65867877
  0.11488672  0.88506604  0.1598167   0.36902995 -0.35269877 -0.05344539
 -0.13711696  0.81144438  0.7305071   0.4375598  -0.37261018 -0.21568284
  0.2273849   0.7777549   0.87546979  0.30286263  0.34049299  0.20685204
  0.36166633 -0.02588766  0.32127572 -0.3064272 ]","[-173.49593079 -175.37722702 -175.23197621 -174.32795034 -172.52416941
 -175.80611051 -174.2413777  -174.23078393 -173.3727545  -173.60656247
 -173.67906285 -173.72513996 -173.41142763 -173.32387825 -174.65918176
 -173.46813196 -174.85517272 -173.50511701 -172.91380157 -173.55019122
 -172.74018691 -173.60673833 -171.73681309 -173.44678535 -173.24092525
 -174.31228191 -173.2957291  -173.96611883 -174.47712416 -173.41157491
 -173.03904875 -173.72468939 -174.98679179 -174.8278725  -172.7740744
 -176.59652332 -173.88442406 -172.13466725 -173.34691477 -173.16634782
 -172.95166916 -174.11665631 -174.27447755 -174.03331652 -173.67971778
 -173.60766707 -173.69730172 -174.79917072 -173.0339572  -172.46196491
 -173.50351921 -173.45302526 -173.0319357  -174.95726795 -173.08224033
 -172.96873036 -174.22610681 -173.12910719 -173.60017289 -174.60675269
 -173.29314817 -173.44511315 -172.99415444 -175.09230748 -173.55534537
 -174.05945363 -173.84192443 -172.59229979 -172.76026021 -175.20072381
 -173.01468075 -172.52892419 -173.15049153 -173.06182596 -175.37694098
 -172.94898878 -174.22823432 -172.64247296 -173.22201024 -172.90696042
 -173.95792508 -173.4417103  -175.41651699 -175.27990746 -174.42146836
 -172.85533313 -173.06237442 -173.10084175 -176.03141469 -175.04818326
 -173.81910396 -173.27671684 -173.17091119 -173.97029896 -173.0726561
 -173.63350216 -173.63677743 -173.77004401 -173.18055619 -175.1810313 ]",0.735
20,2.454428117830618,"[ 0.1670547   0.23204537  0.74979647  0.17687558  0.74706525  0.72896655
  0.51335764  0.50710498  0.64994488 -0.41042302  0.35865149  0.65690973
  0.08830041  0.44863014  0.17880681  0.22578337 -0.25755364  0.50748311
 -0.36177027  0.30916498  0.03118687  0.60493419 -0.36750126 -0.0561897
 -0.12617004  0.38646935  0.57435185  0.69911913  0.93829644  0.242636
  0.22497219 -0.14974128  1.27639638  0.05885808 -0.1320529   0.0287694
  0.64185068  0.27538384  0.35622619  0.57931232  1.10441989  0.06841952
  0.79656362  0.12808781  0.64570746  0.60767845  0.70949657 -0.02649055
 -0.07057731  0.43711604  0.54764058  0.52294148  0.59987183  0.48137656
  0.62990438  0.29485964  0.65461667  0.60618973 -0.17647693  0.98669041
  0.17467646  0.47586282  0.08692935  0.29913589  0.46842961  0.01872145
  0.43658766  0.15891524  0.34304666  0.31394523  0.32193426 -0.1105041
  0.14195639  0.33960258  0.78738949  0.20965038  0.47721648  0.71193537
  0.00775577  0.17820011  0.55020038  0.72932882 -0.11411831  0.70244815
  0.14176312  0.2547564  -0.05490573  0.63950052  0.59782528  0.35328253
  0.57445395 -0.02612419  0.50825645  0.29625506  0.38492495  0.63470719
  1.11042291  0.03647695 -0.31953942  0.47840793]","[-172.42214485 -172.25518693 -172.31898908 -173.54557199 -172.23066246
 -172.13444889 -171.71114509 -172.20995232 -172.42085628 -175.52137037
 -173.35179566 -172.20123484 -172.80367529 -172.63303699 -173.98728729
 -173.02292274 -174.3810079  -172.21731625 -173.74962351 -172.96606869
 -173.64916502 -172.03411056 -175.9084934  -174.31750215 -174.71966176
 -172.43443622 -172.30782947 -173.05372957 -172.31942453 -173.07242563
 -172.63897112 -174.05049842 -172.79768283 -172.5488796  -174.15816366
 -173.01991827 -172.29304575 -171.67571233 -172.35558252 -172.70181098
 -172.76275808 -172.75334679 -172.3696563  -173.11429955 -172.40978722
 -172.23835743 -172.0887239  -172.86590963 -173.38853368 -172.47806832
 -172.85247774 -171.76096306 -171.14621884 -171.85492434 -172.40153605
 -172.51342084 -172.13844641 -172.5678957  -173.62223902 -172.93350962
 -173.28602955 -171.6165754  -174.38345375 -172.24145318 -172.90878569
 -173.60723051 -172.43831885 -173.89819717 -172.45246659 -173.60575015
 -172.71637296 -175.10098856 -172.83834374 -171.6078682  -172.4045493
 -174.12638044 -172.1519704  -172.02010441 -173.93741123 -173.98133932
 -171.29461161 -171.55508544 -173.79086034 -172.63422947 -173.18947465
 -172.41771061 -173.14605324 -172.21800077 -172.46037817 -172.48678428
 -172.91862343 -175.56465718 -171.75525399 -172.32146107 -171.9106239
 -172.28046914 -173.21777033 -174.10300476 -174.45687449 -172.21848129]",0.7380000000000001
21,2.380352277956173,"[ 0.22987025 -0.0606676   0.30778336  0.52904277 -0.13059487 -0.1714554
  0.58532784  0.06989303  0.46773841  0.47556027  0.3335622   0.69993337
  0.16435285  0.39897541  0.50768288  0.0025447   0.32786952  0.11177356
  0.36358537  0.16767888 -0.08105232 -0.23211237  0.24745467  0.86288134
 -0.0703715  -0.23015957  0.55724552  0.13580468  0.36988406 -0.14286656
  0.23516944  0.15137735  0.00702691 -0.25054232 -0.26977172 -0.02561498
  0.01403516 -0.33205562  0.14069094  0.43263431  0.11818151  0.08360846
  0.12500327  0.16039915 -0.21091418 -0.08105151  0.03255933  0.13531935
  0.16825108 -0.0760481   0.37123936  0.01470654  0.49800555 -0.14135289
  0.08114841 -0.38824964  0.63892994  0.06880276  0.06262252  0.37895007
  0.27345519  0.57206461  0.52572157 -0.11212331 -0.18796066  0.41143619
 -0.01059593  0.10175752  0.37583296  0.10853896 -0.11215622 -0.12201733
 -0.24520553 -0.01356142  0.00415527  0.26405681  0.37194366  0.71824058
  0.40093313  0.21034975  0.23800008  0.30399257  0.25328701  0.02956252
  0.59201263  0.3364013  -0.02239755 -0.08790823  0.4073168   0.46464337
  0.39167733  0.05496983  0.09169378  0.12334645 -0.00207036 -0.16430782
  0.3686993   0.59651742  0.2811728   0.27454232]","[-172.08019167 -172.87130298 -172.12168711 -171.28021646 -172.59386775
 -173.19749328 -171.46479642 -173.51002295 -171.73324691 -170.89834917
 -171.16992785 -171.88297057 -172.74614177 -171.87352831 -171.52510976
 -173.24016717 -172.4166206  -171.5966507  -172.11901603 -171.78296378
 -173.00176802 -174.10322841 -173.05781952 -171.6505548  -172.4580272
 -174.44503335 -171.44286063 -171.91368329 -170.74500382 -172.67263016
 -172.01919211 -172.50414647 -172.71931595 -173.86534313 -174.58150997
 -172.63671751 -172.55348082 -174.30035239 -172.7102089  -171.3960531
 -171.43504461 -173.33118861 -173.37604052 -173.28123401 -173.38761783
 -173.69362219 -173.03533465 -171.97365811 -172.31403488 -172.69025357
 -172.46391541 -172.1677339  -172.22977071 -173.67273583 -172.07728511
 -174.57105178 -171.60847379 -171.94153005 -172.28268741 -171.15690921
 -172.20206991 -171.20650326 -171.71690873 -174.33599609 -173.41611323
 -170.83699403 -174.19930224 -172.44510373 -171.81137593 -172.98198409
 -173.48550967 -173.63403304 -174.10665313 -174.04885702 -173.03997463
 -172.93347169 -170.84723383 -170.72291494 -171.5830879  -172.60663133
 -171.95727438 -171.96284391 -172.6355532  -172.56988931 -170.78201119
 -171.4146154  -172.9375448  -173.48936634 -171.76216326 -170.76985018
 -170.93465533 -172.72750967 -172.41662027 -172.39516444 -172.67498311
 -172.06312679 -171.2439187  -171.68293641 -171.4077095  -171.37298183]",0.728
22,2.3142720531663485,"[ 0.13339424 -0.0985094   0.45230098  0.20599001  0.1092581   0.20666163
  0.53965151  0.04597849  0.09894494  0.32448863  0.30813413  0.2685234
 -0.00840377  0.35379021  0.2138794  -0.17541586 -0.20856207 -0.00502914
  0.17185354  0.01642821  0.01897627  0.33793142 -0.34858382  0.32061849
  0.21823431  0.17447901  0.08949273  0.07213144 -0.13992376  0.18648159
  0.26001192  0.57204388  0.51745091 -0.27951011  0.83949124  0.14393632
  0.05187881 -0.03218656  0.09777317 -0.02314329 -0.13255595  0.21994228
 -0.12067083  0.4269013   0.35167436  0.05873101  0.0792506   0.43708475
 -0.05000528  0.32275809  0.23664421  0.27432042  0.11690371 -0.37370794
  0.15680447  0.04233815  0.30773155  0.17919612 -0.16036293  0.28606369
  0.0568342   0.10513679  0.45315942 -0.15116643  0.33997512 -0.45035794
  0.34882039 -0.04376976  0.23907212  0.19263186 -0.12195915 -0.42796698
 -0.01097715 -0.04799881 -0.01126873  0.02700474  0.32281892  0.23056514
  0.04171572  0.26526123 -0.21054011  0.27925015  0.18428901 -0.04856751
  0.11436973 -0.0423734   0.25518961  0.47834722 -0.01657668  0.01589472
 -0.29208399 -0.16115059  0.03557051  0.02590228  0.07965447  0.73632166
  0.68185618  0.36674051  0.05343981  0.6198182 ]","[-172.10235827 -172.67528888 -170.20332103 -171.95855387 -171.978695
 -171.48415364 -171.42104479 -171.46379079 -171.71264223 -171.8358581
 -171.32403091 -172.07932053 -172.78654318 -170.13596777 -172.00246437
 -172.41275289 -173.42665903 -174.03069494 -172.47876697 -172.04779712
 -172.0308645  -171.32570707 -173.81679588 -171.15019117 -171.2525428
 -171.70980085 -172.58523832 -172.8705762  -173.53345898 -171.39192251
 -171.17038928 -171.23787767 -169.69038042 -173.75479472 -170.79857797
 -171.73216615 -172.18355321 -173.10519539 -171.85264188 -172.3644811
 -172.82650367 -171.28027789 -172.64131767 -170.76670095 -171.37313541
 -171.23822514 -171.74089742 -170.09857619 -172.42319198 -171.6145976
 -170.33016077 -170.86748395 -171.74049488 -174.30181035 -171.65918933
 -171.35605699 -170.66808389 -170.793398   -173.10124127 -172.25857299
 -171.9071217  -171.92221183 -171.00682876 -174.38649088 -171.39497704
 -172.97915501 -171.4189189  -172.90416247 -170.87431719 -172.3293971
 -172.66271343 -174.33568972 -171.92505743 -171.89114167 -172.00103204
 -172.88982208 -171.63303713 -171.36378139 -171.81959523 -171.45725109
 -173.37415649 -171.46201691 -171.37106361 -173.04395158 -171.91616473
 -172.27838139 -172.04979193 -171.3462001  -172.14376963 -172.97689328
 -173.28845235 -173.48083285 -171.795945   -171.98832908 -171.97245127
 -170.44659725 -171.21648266 -170.5107915  -172.07475512 -170.52141011]",0.7380000000000001
23,2.2585340271610694,"[ 0.11351857 -0.11766166  0.75801575  0.24236349  0.09162033  0.50613659
  0.13754377  0.57144559 -0.01085678  0.5622651   0.46455517  0.16185455
  0.26982458 -0.05848106  0.13764619  0.10883048 -0.02335348 -0.16307546
 -0.04258258 -0.24828858 -0.21613784  0.19131724  0.29584553  0.14575745
  0.24625019 -0.11530383  0.54294822  0.16666124  0.10207145  0.52482601
  0.25141847  0.5147489   0.58430969  0.27810666  0.14125819  0.64496179
  0.04322884  0.18232046 -0.27185677  0.3625306   0.03683277  0.32785113
  0.23149774  0.3350339   0.42998859  0.74603185  0.15711885  0.13778289
  0.29074338 -0.02534987 -0.14276261  0.04282991  0.3788799  -0.00220175
 -0.46250008  0.33512967  0.24837847  0.700413    0.05509503  0.07373218
 -0.07980321  0.5093269   0.22857941  0.07917794  0.18220276  0.17134387
  0.12255985  0.64212475  0.          0.38087235  0.11200934  0.057346
 -0.18027519  0.27691147  0.37235985  0.51835401 -0.24377857  0.44320638
  0.40729451 -0.07532737  0.21035566  0.05992472  0.4579062   0.78754794
  0.60023754  0.75173061  0.69562744  0.84078804  0.13569745  0.59228853
 -0.07178957  0.08357214  0.03486734 -0.12717814 -0.0871525   0.4250582
 -0.10001106 -0.19970218  0.51320639  0.11071116]","[-171.03524241 -171.8860035  -169.55584305 -171.23592038 -172.79738516
 -170.5202453  -172.15978751 -170.47623998 -171.90572287 -170.59955213
 -169.97863658 -171.65779079 -170.53110247 -171.76719862 -170.69421172
 -171.08203356 -172.1751     -173.50092896 -172.62710925 -173.35935095
 -172.78373451 -171.6430909  -171.19073678 -170.79996311 -170.93530339
 -172.35602689 -170.3738794  -170.54017523 -171.73402726 -170.75255248
 -171.2011086  -170.09869734 -170.53748061 -171.66683438 -170.58342049
 -170.48919941 -170.8346432  -170.24858248 -172.74955436 -171.17445231
 -172.4852849  -170.10606027 -170.4737832  -170.76533159 -170.77626415
 -170.15302634 -171.18822659 -171.7350076  -171.11090795 -172.00663845
 -173.32108556 -171.10305849 -170.39225614 -171.77243447 -173.8324278
 -170.76218427 -169.97209658 -171.09980499 -171.52879353 -172.1396595
 -172.07108949 -170.16935438 -169.69596438 -170.82891365 -171.13488629
 -170.69593334 -171.10213073 -170.26478815 -170.09857619 -170.93613941
 -170.39604969 -172.39885489 -172.45319398 -170.9484313  -170.20464155
 -170.59484611 -172.53792026 -170.64446916 -170.01784784 -171.83712656
 -171.27944861 -171.94527706 -170.46639092 -170.33751236 -169.63891418
 -169.71373382 -169.83320915 -170.38430998 -171.42907828 -169.26452187
 -171.29390935 -171.36159872 -172.58411541 -171.73327146 -172.30574502
 -170.57151238 -173.01250972 -172.93141472 -169.75403134 -171.54313981]",0.7290000000000001
24,2.199520988118146,"[-0.09600015  0.04733612  0.22773651  0.27494834  0.03165892  0.47145591
  0.09238178  0.20685253  0.05824228 -0.30796372 -0.15094347  0.29574094
  0.01231773  0.15792222  0.30408287  0.39910945  0.29215295  0.12536389
 -0.11959459 -0.08642622 -0.21298568  0.35809465  0.33420006  0.037925
  0.10907321  0.22421107  0.07379351  0.63597862  0.3658924   0.14702944
  0.44482963  0.11513294  0.182724   -0.02082317  0.16086889  0.34458069
  0.45303737  0.31031094 -0.0130749  -0.1169054   0.55447685 -0.30656338
 -0.27224989  0.29184795  0.16222058  0.23467121 -0.0888635  -0.15379252
 -0.05898941  0.29518652 -0.20584736  0.01387669  0.10387673  0.43963086
  0.0164736   0.16922179 -0.08926328  0.08102137 -0.24877288  0.20051298
 -0.25937701  0.17029011  0.04547998  0.65454959 -0.09789634  0.59776255
 -0.03106565  0.21253611  0.44567151  0.5335415  -0.05676439  0.09895665
  0.63040669  0.50272901 -0.07326495  0.32586514  0.51053896 -0.03182263
  0.02814504  0.1698911   0.54780734  0.12065565  0.4393839   0.17848627
  0.18681779  0.2580875   0.17410876  0.08543844 -0.12380066 -0.04504521
  0.55383665  0.21245221 -0.09945851  0.24742763  0.02004576  0.17589335
 -0.14914693 -0.0571615  -0.08629386  0.29126165]","[-172.38230118 -170.89784034 -170.68381129 -169.86575397 -171.17666583
 -170.02493604 -170.22625817 -171.07676232 -171.6156853  -173.19058451
 -171.14027148 -170.88131735 -169.822032   -170.45377318 -170.24185172
 -169.61868108 -170.11953253 -170.90431135 -171.8075327  -171.83719287
 -172.24641363 -169.56133661 -170.60141971 -171.23277005 -170.3953104
 -170.59930451 -171.14583033 -169.63918987 -170.81948232 -170.41986258
 -170.16769765 -171.81512687 -171.13736836 -171.04793287 -170.91077033
 -169.95011365 -169.68193025 -170.18319635 -171.79610684 -171.78374092
 -169.37706867 -172.84204849 -173.33531812 -171.0053829  -171.43771062
 -170.79156415 -172.2005446  -172.04395077 -170.7721714  -170.13012327
 -171.99623343 -171.24180056 -170.74453571 -169.95377327 -171.06973817
 -170.11784641 -172.47412124 -170.89338257 -170.61502748 -170.62650056
 -171.82628175 -170.90430903 -171.66858429 -169.65845858 -171.28182855
 -170.62946391 -172.15710678 -169.88456007 -170.25285727 -169.28671458
 -172.01871553 -170.92724865 -170.06507139 -169.63567209 -172.87910216
 -170.15933976 -169.42083585 -170.49090801 -171.23556638 -170.42018017
 -169.66317668 -171.1614484  -169.5209946  -171.29363633 -170.29243013
 -170.36495317 -170.33205097 -171.37438308 -171.7097311  -172.00723957
 -169.53825092 -170.95292168 -172.1056659  -170.14734159 -171.03912777
 -170.11964288 -172.80394519 -171.46296053 -171.18117853 -170.66218007]",0.7210000000000001
25,2.133303480207224,"[ 0.07483744 -0.13943869 -0.16342109 -0.07286654  0.21533648 -0.24979339
  0.09141028  0.20464456 -0.10172686  0.14563585  0.25758869  0.24226503
  0.10467874  0.35513833  0.         -0.40490668  0.17874682 -0.01746033
  0.08027015  0.30849295  0.1064158   0.00217083  0.12500504  0.35263093
  0.10212763  0.40202455  0.16643503  0.23376008  0.34508483  0.13138416
  0.35967457  0.15733406  0.14009825 -0.16643493  0.05838994  0.27400246
  0.11262886  0.34562223  0.2526155   0.09199073  0.45714856 -0.00061918
  0.07106224  0.51848615  0.27524376 -0.10609712  0.04191184  0.12079429
 -0.00981789 -0.12474606  0.27242482  0.20460193 -0.01148504  0.27423554
 -0.00072436  0.3290335   0.38011897 -0.20003903  0.31670479 -0.17578014
  0.01758451 -0.01186245  0.08868272 -0.05890491 -0.15610637 -0.02853228
  0.21848339  0.0863909  -0.11836048  0.19312772  0.05138254  0.16721354
 -0.35483457 -0.218662    0.29631784 -0.02485149 -0.03077475  0.00849726
  0.13682013  0.26009156  0.04515033 -0.04130563  0.11084618 -0.16830548
 -0.1247473   0.42912635  0.21765155  0.16720056 -0.01611642  0.10088423
 -0.21182293  0.22646624 -0.04131395  0.2040123   0.176246    0.1399369
  0.2371143   0.2237367   0.50604551  0.08308181]","[-169.80614875 -171.02207001 -171.24329503 -171.37203482 -169.57872618
 -172.32029514 -169.80261681 -169.89470473 -171.64322145 -170.07607514
 -169.12021215 -168.97188942 -169.57192072 -169.48223068 -169.42083585
 -172.35331364 -170.01856274 -170.1710687  -170.16451004 -170.28750975
 -169.54883065 -170.55919448 -170.51688501 -168.81581511 -170.13185663
 -169.27672275 -169.39743915 -170.20482705 -169.6234817  -169.49103177
 -169.10247909 -170.35137132 -169.95470554 -171.38955363 -170.18534139
 -169.70782793 -169.25098357 -168.85658289 -169.94714912 -170.93054148
 -169.58106667 -171.31423505 -169.60561168 -169.07221153 -169.68623683
 -171.23841183 -170.34412307 -170.03040942 -170.74887274 -170.6079096
 -169.50389335 -169.51354281 -170.35559798 -169.25986731 -170.49796515
 -168.99250316 -169.9591189  -171.52933503 -169.24794536 -170.88839639
 -170.17128652 -170.37253908 -170.73619029 -170.28455385 -171.79448731
 -170.99354238 -169.52680863 -170.45477959 -171.2628502  -169.64213143
 -170.22786008 -169.41142422 -173.2608203  -171.78217823 -169.17173614
 -170.7651686  -170.97815716 -171.45912323 -170.85912773 -169.22579686
 -170.72495161 -171.12152238 -170.28089351 -171.38160632 -170.85188946
 -169.08998368 -169.52732397 -169.85525202 -170.2502886  -171.83716795
 -171.27274116 -170.12046096 -170.89918786 -169.43699531 -169.72777001
 -169.7496404  -169.46701013 -169.55349747 -169.73502188 -171.00984506]",0.714
26,2.0705789389218054,"[ 0.06313978  0.06146557  0.14075812 -0.08027598  0.20280407  0.25629998
  0.20458324  0.36801793 -0.06850951  0.11101075  0.2885869   0.25087702
 -0.10016615 -0.07256217  0.23926562 -0.26350391 -0.06628316  0.39895633
 -0.02953919  0.03220889 -0.14215159  0.26986527  0.16910657 -0.07667711
  0.10131385 -0.07210979  0.06342944 -0.03233168 -0.15748763  0.36651921
  0.01616701 -0.06370545  0.03003735  0.00218216  0.29689554  0.14806953
 -0.12601304  0.65751567  0.11893574  0.08611976  0.11507141  0.13868801
  0.0621643   0.10515429 -0.04431888  0.09271846  0.00210625 -0.04465532
 -0.05784434  0.20890964  0.31789903  0.03003269 -0.110461   -0.09520273
  0.08305656  0.10314552  0.2523242   0.07637181 -0.06973499 -0.04528051
  0.01059568  0.15642895  0.1279105   0.02810921 -0.0669614   0.24370344
  0.12641613 -0.10265254  0.30871266  0.07400178  0.1320166   0.22882607
 -0.01008377  0.12772123 -0.0910285   0.08693623 -0.05520188  0.21523952
  0.25842378 -0.03623837 -0.26526452  0.10918666 -0.17584465 -0.00755037
 -0.20370134  0.26374597  0.15297446 -0.11135379  0.21259057  0.10668783
 -0.26418089  0.10500151  0.10104458  0.19913188 -0.04360981  0.11693092
  0.14834033  0.07067967  0.04638425 -0.12327261]","[-169.27118779 -169.56658005 -169.10666132 -170.64389706 -168.51347198
 -168.86695536 -169.56935701 -168.73883746 -169.78382625 -169.04245266
 -167.95154471 -168.66299859 -169.97282371 -170.14827836 -168.97928081
 -171.22040366 -170.12320324 -168.79497282 -169.42444088 -170.28870761
 -170.57267403 -169.26659715 -168.43911122 -170.21684722 -170.68008293
 -170.74804861 -170.83414763 -171.42574412 -170.03199646 -168.43390108
 -170.4281888  -170.43823634 -169.88477163 -169.73880442 -168.53681064
 -169.89461478 -170.36816499 -167.23019632 -170.26311457 -169.76059057
 -169.43994698 -169.84660703 -169.83100082 -170.60870858 -171.23275204
 -169.64683463 -169.85321685 -169.84490812 -170.78023734 -169.50246806
 -168.25997562 -170.48338326 -170.94348178 -171.4818262  -169.48859166
 -169.36053962 -168.88107621 -169.58716844 -170.23067985 -171.07801252
 -170.00124155 -168.36497364 -169.78427082 -169.61134387 -170.64045683
 -169.11965892 -169.57801673 -170.70986538 -169.11940373 -169.77347431
 -169.24667186 -168.61909208 -170.48879444 -169.14251454 -170.28643836
 -170.09565752 -169.85304622 -169.20526492 -168.66940671 -170.23094686
 -171.32238223 -169.39142807 -170.50487613 -169.46524831 -170.88977744
 -169.13199812 -170.04982712 -170.60404451 -168.60042112 -169.62321583
 -171.41707187 -170.1488053  -169.11024348 -169.1451347  -170.02210919
 -169.06545018 -168.61945452 -170.16548232 -169.52739704 -169.80673349]",0.7659999999999998
27,1.995401261874655,"[-0.11849843 -0.05446026  0.14717571  0.11127739 -0.03292704  0.05846894
  0.11799864 -0.07472168  0.03642476 -0.07278932  0.16570175  0.11111942
  0.08110374 -0.13104641  0.0525339  -0.12591858  0.24172793 -0.00716579
  0.04185699  0.33825844  0.18830786 -0.00365133 -0.02973183 -0.1089782
 -0.05175051  0.07640237  0.12878572  0.01286625 -0.05748052  0.04982286
 -0.03708895  0.05333185 -0.04427192 -0.09555227  0.1273135   0.12385197
  0.06776639  0.19873079 -0.25715076  0.14602463  0.04253688  0.17830555
  0.06960381 -0.03437172  0.22566368  0.09783369  0.07669094 -0.07625808
  0.07910102  0.3063137   0.22531424 -0.18472726  0.10384704  0.25752645
 -0.01614952  0.2102444   0.0123434   0.04568262 -0.04114545  0.
 -0.06331711 -0.0357996  -0.12024058 -0.10381965 -0.15491161 -0.02789522
  0.17883479 -0.0270108   0.17635324 -0.14715234  0.21597138 -0.10746418
 -0.07313205  0.19460092  0.10456124  0.11501334  0.1523033   0.03539746
 -0.15244631  0.0417677   0.16950698  0.20094983  0.20706327 -0.02358708
  0.0947846   0.06502707  0.04707623 -0.02157888  0.0219355   0.11491107
 -0.23500269  0.1497917   0.00232121  0.06904019  0.10468     0.13477347
  0.05460064  0.10697958  0.09355294  0.04012429]","[-169.94880538 -169.45417051 -167.62849015 -169.20373946 -169.95389991
 -169.42426828 -169.03498184 -170.28616487 -168.46291357 -169.16873654
 -168.82902292 -169.90561474 -169.07682825 -169.29695575 -168.261344
 -170.11808375 -168.10666085 -169.26207596 -169.52448951 -167.12811103
 -168.16606241 -169.36345556 -169.36057383 -170.69208744 -170.31892739
 -169.80993319 -168.37812555 -168.78369872 -169.20225409 -169.11709844
 -169.52352834 -169.13618406 -169.00168921 -169.76671704 -168.06653532
 -168.7779873  -169.2087203  -169.19513609 -170.21123908 -168.06436719
 -168.70875919 -169.26772627 -168.58593699 -169.53422293 -168.44743796
 -168.92204959 -168.68566309 -169.93242637 -169.45488403 -168.30396097
 -168.46125562 -170.58124553 -168.56848698 -168.0622297  -169.92569651
 -167.89182373 -170.42568839 -169.61324353 -169.40865839 -167.23019632
 -169.29155762 -169.74132978 -169.89945083 -170.29796396 -170.43318877
 -169.47951416 -168.0380836  -169.27760601 -168.46679609 -169.75656103
 -168.88213457 -169.90974322 -169.2992053  -168.71452348 -168.2888547
 -168.54239073 -168.47112949 -169.76836451 -169.70937368 -169.29362967
 -168.67981666 -168.16050538 -168.22395422 -168.77202012 -169.33782804
 -169.32304738 -168.85344463 -169.41884447 -169.50720158 -168.73424223
 -170.42464752 -168.10242213 -170.38070103 -168.74798233 -169.41280267
 -169.62449149 -168.85962163 -168.92263436 -169.91773397 -169.89475269]",0.765
28,1.9472022047512028,"[ 0.04091256 -0.05110121 -0.1092219  -0.11109508 -0.08393721 -0.03408074
  0.01054058 -0.00438653 -0.09260722 -0.01027001  0.07734032  0.0283964
  0.04502571  0.09809938  0.02741269 -0.02315858 -0.0759206  -0.00967827
  0.00973371  0.01760383 -0.04853367  0.11118697  0.0344463  -0.06375247
 -0.01082321 -0.04254672 -0.07308178 -0.01932168  0.0510441  -0.03598931
 -0.05317093 -0.04042224 -0.05411945  0.04142228 -0.01839534 -0.01238775
 -0.00439002 -0.08803999  0.05650384  0.10558385 -0.00190326  0.04393617
 -0.00829064 -0.04726664 -0.060152   -0.00289595 -0.00061036 -0.03129538
 -0.00852792 -0.04501374 -0.09558086 -0.00268032  0.04036907  0.06842501
 -0.05763918 -0.02806314  0.02709001 -0.0320111   0.09185307  0.02365834
 -0.01870781  0.08580244  0.02823366  0.00445049 -0.02175021 -0.07105314
  0.0267436  -0.04801611 -0.08934378  0.00433686  0.04839535 -0.06645653
  0.16307674  0.00037935 -0.02619362  0.03144844  0.03896567 -0.14965629
  0.04721145  0.16500337  0.02481572  0.04514269 -0.00536981 -0.03661383
  0.03799613 -0.00806081 -0.01224485 -0.02631655  0.05489848  0.02172326
  0.01586751  0.07044455 -0.00787399 -0.05745284 -0.07003214  0.08014804
  0.048108   -0.05181964 -0.06629883  0.07284208]","[-168.35560184 -168.50457648 -169.68462039 -169.23690093 -168.94521616
 -169.34015026 -168.97871634 -169.32089928 -169.54901628 -169.34993618
 -168.32526206 -168.99562805 -169.51559184 -168.73137439 -168.92311452
 -169.5087336  -169.46498142 -168.71077139 -169.14665198 -168.98832574
 -168.71767974 -168.78778765 -168.90639476 -168.42185858 -168.91533034
 -168.47223199 -168.89844712 -169.60430269 -167.86155077 -169.34307407
 -168.92961035 -169.74412683 -169.8924171  -169.09410376 -168.90585437
 -169.01297828 -169.01568704 -169.35489281 -169.33587706 -168.29281316
 -168.51849942 -169.12883502 -168.43175068 -169.31818066 -168.84128026
 -168.6165591  -168.05714916 -169.75040864 -168.47111496 -169.35115931
 -169.23764311 -169.03203743 -168.63685593 -168.08957055 -169.35190074
 -169.0190525  -168.93120286 -169.33560897 -169.17412407 -168.50390151
 -167.78804857 -169.09260536 -169.16487213 -168.88828088 -170.27967482
 -169.76351126 -167.40234667 -168.86942743 -170.70744298 -168.51747775
 -168.61775825 -169.16279777 -167.92866381 -168.05008728 -169.41908902
 -169.15362271 -169.31438384 -169.24655746 -168.57711589 -166.92651894
 -168.58806178 -168.7472225  -169.71201084 -169.47528456 -168.29725924
 -169.5729737  -168.40515398 -169.60808301 -169.57699438 -168.93489233
 -169.47899231 -168.71818658 -169.06278663 -168.89608468 -169.28372814
 -167.70812719 -168.59910914 -169.75417735 -169.41288818 -168.85915096]",0.7370000000000002
29,1.8841816496283759,"[-0.00157126  0.00144648  0.01351255  0.0005335   0.00281039  0.02169532
 -0.00378299 -0.01333277  0.00312676  0.00846356  0.0271838  -0.00251275
  0.00632368  0.00065686  0.00946716 -0.00839199 -0.02091446  0.01400672
  0.0097536   0.01674998 -0.00054347  0.00983756  0.01437424  0.03139412
  0.00847838  0.00372416 -0.02008973  0.00279622  0.00781349  0.00280409
  0.00718599  0.03032239  0.03837804  0.012784   -0.00425197 -0.01544134
 -0.01145235  0.00012773 -0.00202951 -0.0142138   0.00609331 -0.02791314
  0.00228999  0.01356061  0.00673743  0.01141178 -0.00250908 -0.01078157
  0.00768119  0.00622542  0.0163938  -0.02379806 -0.00517586  0.01403464
 -0.00560558  0.04492321 -0.00224134  0.03450596 -0.01420318 -0.01639758
  0.01507586  0.00215308 -0.0065567  -0.00110656 -0.00555945  0.0072963
  0.00705249  0.02780377  0.02301695  0.00690089 -0.00445558  0.00158155
  0.0227084   0.01085311 -0.02234441  0.0024693  -0.01709626  0.0284252
 -0.01522409  0.00169905 -0.00333191 -0.01104391 -0.00997744  0.02018392
 -0.01883958  0.00676067  0.02204227 -0.00973297 -0.00721138  0.02000755
 -0.00500034 -0.00186475 -0.00786311 -0.01178285  0.00855258 -0.00119539
 -0.01771209 -0.00781152 -0.01325843  0.02237067]","[-168.3810848  -168.63117793 -168.19136016 -168.80290361 -168.06944122
 -168.14154464 -168.48670207 -168.60601749 -168.20160072 -169.10771035
 -169.06994489 -168.44883083 -167.65352757 -167.83234981 -167.3482305
 -167.79652525 -168.88182786 -168.64450782 -168.95270741 -167.89341717
 -168.41390295 -167.56027242 -167.55535777 -168.05711606 -168.03433459
 -168.03022654 -168.12803816 -167.80063421 -168.27917084 -167.44467374
 -167.98680564 -168.36545782 -168.30817374 -167.69388677 -167.83323958
 -167.9340859  -167.88965743 -168.51392455 -169.6452724  -167.49078982
 -168.02938369 -168.3306892  -168.18795258 -168.15972857 -168.883218
 -167.86160741 -167.88151493 -168.48971407 -169.16276683 -169.02728834
 -168.40066834 -168.13374892 -167.25484921 -168.04149407 -168.18414388
 -167.85015697 -168.45775363 -167.82157706 -168.12254884 -168.16408809
 -168.30804437 -168.03898884 -168.92768765 -168.31181487 -168.73734992
 -168.74737618 -168.67833429 -168.4976321  -168.24984564 -168.57697405
 -168.7643903  -168.15082308 -168.0062915  -168.12597398 -167.87122499
 -168.53015185 -167.84820916 -168.31362453 -167.95375098 -167.62195397
 -169.00200735 -168.63527787 -167.56751334 -167.52404441 -168.64553893
 -167.94626683 -168.48016023 -168.42165931 -167.53384532 -168.60071719
 -167.73969867 -169.27036051 -168.88817327 -167.79898666 -167.90360492
 -168.5793628  -168.96730133 -169.02083143 -168.24155969 -169.32266115]",0.765
30,1.8291881908845502,"[-4.69490456e-04 -2.44810789e-03  4.48180586e-05 -1.90959669e-03
  1.05131087e-03  1.21592481e-03 -2.65480021e-04 -8.09827787e-04
 -6.81655819e-04 -1.85452456e-03 -5.83989385e-04  1.99627798e-03
  1.15392177e-04  1.47334301e-03 -2.12388836e-04  1.66442121e-03
  1.33992740e-03 -1.50317852e-03 -5.05154285e-04 -9.00541599e-04
  2.31674770e-04  2.01426679e-04  1.12435479e-03 -3.21340102e-04
 -2.50476337e-04 -4.15829235e-04  1.52506226e-04 -2.48940423e-05
  2.01983450e-03 -1.00012989e-03 -7.00816206e-04 -1.22418267e-03
  3.35061826e-05  2.03921647e-03 -1.12447709e-03 -3.17476753e-04
  7.85643527e-04 -8.96267607e-04  4.14308434e-06 -1.66747524e-04
  3.06488315e-04  3.75736031e-04 -1.01720987e-04 -1.25166175e-03
  5.28365457e-04 -6.95201575e-04 -1.09151069e-03 -1.81772594e-04
 -8.75793834e-04 -3.88396070e-04  7.90739562e-04  8.55493331e-04
  8.30305092e-04 -7.09100692e-04  3.49348951e-05  6.57408527e-04
  1.64316226e-03  2.77050432e-03  1.45311850e-03 -4.04747902e-04
 -9.07345098e-04 -1.36947462e-03 -2.57849635e-04  1.88501456e-04
  4.22810118e-04  1.35654622e-04  4.44561872e-04  2.20225644e-03
 -2.48236599e-03 -8.77436215e-04  1.07258067e-03 -1.73773650e-04
 -4.25119361e-04  1.13715894e-03 -7.55749713e-04  1.22274598e-03
 -1.06932364e-07 -1.67852021e-03  7.26484476e-04 -1.79346661e-03
  4.19332343e-05 -4.61319977e-04 -5.17695823e-04  7.58772824e-04
 -7.46499753e-04  3.75668723e-04  1.20864076e-03 -8.20324105e-05
  3.21997609e-04 -1.02503909e-03 -4.14546313e-04  9.25091819e-04
  1.02558772e-03 -4.17456701e-04  5.29414018e-04  5.83429242e-06
  4.86384757e-04  5.80327871e-04 -7.08693779e-04 -2.01855180e-03]","[-167.06692992 -167.74732712 -167.62581123 -167.81954433 -166.76031565
 -168.21599647 -168.78435373 -168.06667839 -168.20046464 -167.73408197
 -167.34637504 -168.06970066 -167.43360564 -166.79618429 -168.01316939
 -168.57764276 -167.75912601 -168.18019447 -168.1047219  -168.0648886
 -166.54926662 -168.05942331 -167.66861031 -167.66485903 -168.11590186
 -168.22805375 -168.10186892 -167.61006707 -167.20627019 -168.10040252
 -168.60852296 -167.78504452 -168.20097421 -167.23918077 -167.57426931
 -168.72782402 -167.70489975 -167.36009727 -168.45875515 -167.84287587
 -168.00506847 -167.22408788 -168.44786764 -168.4351333  -168.32944665
 -167.30781468 -168.05666494 -168.13285423 -168.1406055  -167.72164873
 -167.81778384 -167.20996795 -167.15987399 -167.90535452 -167.40578786
 -167.13934889 -167.98062849 -168.31165649 -167.23690012 -166.81843641
 -168.25730897 -167.19160886 -167.4846165  -167.6129437  -167.72413704
 -168.3225236  -167.33451136 -168.14709473 -167.70830172 -167.88348679
 -167.80975649 -168.6280029  -167.05970396 -168.06388557 -168.04467743
 -168.30420005 -167.89537011 -167.14838989 -167.23955114 -168.60489853
 -167.99219371 -168.48697595 -168.00441033 -167.51921511 -167.98310555
 -166.94394717 -168.3376578  -167.64255144 -167.92373981 -167.66060425
 -167.54933767 -167.91521344 -167.61810139 -167.79670134 -167.6956386
 -167.37983966 -167.25049858 -167.6238038  -167.99286642 -168.00140784]",0.76
31,1.774364938366896,"[ 3.54259563e-06 -4.05730180e-06 -8.83397153e-06  1.89555625e-05
 -9.97061108e-06 -3.43984223e-06  3.88964306e-06  1.12097834e-05
 -4.58062877e-06 -2.42415561e-07 -4.40408035e-06 -4.19692745e-06
 -7.75434662e-06 -7.11386910e-06  2.20453061e-06 -9.04691355e-06
 -2.72849488e-06  1.61554843e-06 -1.65220476e-06  6.57879248e-06
  3.13117968e-06 -7.01492985e-06 -2.27687669e-06 -9.32214332e-06
  4.10317118e-07  4.16606854e-06  1.37857182e-05 -1.06020378e-05
  1.00221372e-05 -3.87101290e-06 -1.25031660e-05  4.12514290e-06
  7.80051253e-06  6.87151337e-07  9.25213007e-07 -1.06245873e-06
 -1.50215324e-06 -7.52621673e-06  5.23983685e-06 -3.41009984e-06
  4.90603988e-06 -2.32695192e-06 -2.77715664e-06 -5.46739865e-06
 -6.72938092e-07  2.80961317e-06  1.01494984e-05 -1.07055705e-05
  1.27316745e-05  1.15995307e-05  3.14214327e-06  4.43046864e-06
 -9.21820646e-06 -3.66104945e-06 -1.77510870e-05 -3.32172423e-06
  1.09906784e-06  5.45207307e-06  9.77340514e-06  6.59860905e-06
  1.30784458e-05  6.94223920e-06 -9.54408258e-06 -1.81272459e-06
 -2.92269698e-06  3.20209812e-06  1.64130750e-06 -2.20326884e-06
  5.94651734e-06 -9.76075573e-07 -1.34983165e-06  3.36200862e-06
 -5.51248045e-06  3.20001830e-06  1.23856568e-05 -5.76203884e-06
 -3.59793593e-06  6.91598927e-06  9.64358110e-06  1.31972292e-05
 -1.39907862e-06  6.03742555e-07  1.79425642e-06  2.10987462e-06
  5.51338202e-06 -3.23652366e-06 -1.09845457e-05 -1.23355831e-06
 -1.33036046e-07 -8.29167556e-06 -1.23700928e-06 -5.42140718e-07
  9.91343129e-06 -1.77312655e-06  1.09373528e-05  3.61531825e-07
  3.98592905e-06 -6.44323102e-07 -1.44091479e-05  9.54237149e-06]","[-167.25704603 -167.15465148 -168.16350081 -167.37516632 -167.74077022
 -167.19032896 -166.26899339 -166.95621606 -167.67388487 -166.84304313
 -167.82837739 -167.01226875 -167.52642071 -166.5697193  -167.68735377
 -168.06087447 -167.48340061 -167.119198   -166.47237142 -167.0611891
 -167.48031055 -167.36988728 -167.7898402  -166.63366597 -167.74241034
 -166.65922784 -167.50279036 -167.31501518 -167.7314304  -166.93740231
 -166.83155368 -167.27552306 -166.70893412 -167.24495264 -167.78581538
 -166.5552353  -166.98503595 -166.02167766 -167.05340012 -167.05533637
 -167.19332616 -167.51546939 -167.04308813 -166.93668948 -167.1805793
 -167.37010916 -166.79693935 -166.37554993 -167.01540486 -167.66295505
 -167.3927197  -167.5018312  -166.93054471 -167.23784613 -168.46265411
 -166.47696788 -167.06720918 -166.93403162 -167.58061388 -166.75067588
 -168.14093745 -167.8038445  -167.64788703 -168.07897863 -166.60186704
 -168.09135628 -167.07678073 -167.61149575 -166.89268004 -166.75083528
 -168.2352087  -167.16631313 -167.57778808 -166.8853491  -166.91383213
 -166.6272029  -167.15227479 -167.14304653 -166.82706418 -167.38604993
 -168.07955654 -167.19752104 -167.12233008 -167.41197299 -167.96696495
 -167.19261615 -167.36374234 -166.98901428 -166.96919629 -168.31759442
 -167.71470436 -166.463007   -167.96660794 -167.03332769 -167.80962436
 -167.01705951 -166.44490894 -166.66161668 -168.05363792 -166.65108613]",0.7769999999999999
32,1.7381480204387638,"[ 2.23607834e-06 -1.23802901e-06 -1.95327523e-06 -2.83744906e-06
  3.03564486e-06 -1.27366233e-06  3.35130792e-06 -3.56618691e-07
 -2.01324926e-07 -4.90469152e-07 -9.20874233e-07 -3.78783311e-06
 -3.64163587e-07 -9.70447806e-07 -4.34250295e-06  3.79660235e-06
  2.02485242e-06 -1.35547469e-06  1.17294879e-06 -4.67217636e-07
  5.34121647e-07  9.31056209e-07 -3.13569275e-06  1.19261677e-06
  1.04989741e-06  3.08955627e-06 -3.04954026e-06 -1.50629857e-06
  8.23277796e-07 -3.60497205e-06 -3.10648160e-06 -4.19825306e-06
  2.90906327e-06 -1.12002927e-06 -1.73455281e-06  1.96500560e-07
 -6.80827813e-07  3.38847349e-06 -8.25665371e-07 -1.84594478e-07
 -7.53580019e-07 -1.98353655e-06  1.85148053e-06 -3.34056235e-07
  7.16527528e-08 -2.83203702e-06  5.26597731e-06  4.37113903e-07
 -3.09559447e-07  1.98207098e-06 -6.10061480e-06  2.41542936e-06
  2.55717686e-06  2.04319214e-06  1.53893411e-06  3.65849852e-06
  8.36779667e-07  2.99856219e-06  4.04561102e-07 -2.75061883e-06
 -1.69587803e-06  2.50411868e-06  4.41542290e-07 -5.65687407e-07
 -3.32350890e-06 -4.27937795e-06  5.36648716e-06 -4.48145607e-07
  6.80278640e-07  3.49333813e-06  3.55999865e-06  1.40078249e-06
  2.85611082e-06  3.10170755e-06 -4.79879019e-08 -2.97513939e-06
  3.19074667e-07  4.70034480e-06  1.28170339e-06 -1.26818858e-06
 -3.38709041e-06  1.70485132e-08  2.87150738e-06  5.24135386e-06
  1.63887221e-06 -4.73090931e-06 -4.68604561e-07 -7.41588879e-07
 -1.26143823e-06 -9.14089083e-07 -1.83895385e-06 -1.23943893e-06
 -2.05122499e-06 -1.99864459e-06  1.36984615e-06  9.94217628e-07
  5.79639349e-06 -2.30569103e-06 -6.37633182e-06 -5.79115031e-07]","[-167.18938865 -167.26344029 -167.37867781 -166.80722902 -167.15021659
 -167.75505377 -168.13605267 -165.87790953 -166.9906437  -165.71748856
 -167.41373195 -166.95077219 -165.97347384 -168.30024472 -166.78887998
 -167.60131658 -166.76694935 -166.72801315 -165.45229779 -166.83695262
 -166.21966711 -167.01240448 -165.89534329 -167.20903661 -166.9200198
 -166.60676657 -167.31322886 -166.77453516 -166.57046773 -166.97569616
 -167.00951571 -166.50151269 -166.88237391 -166.97570098 -166.7641189
 -166.57052177 -166.58016171 -167.25706257 -167.06435254 -166.90941928
 -166.81105847 -166.87446469 -166.48633266 -165.99714964 -167.73328776
 -166.93331994 -166.58802859 -166.86435292 -166.76417229 -166.7337678
 -167.51238067 -166.46481613 -167.94683994 -166.56455197 -166.45396274
 -166.49499    -166.3334047  -167.16018717 -167.58704351 -167.23314622
 -166.54804202 -166.30702511 -167.13800602 -167.4042434  -166.94608374
 -166.81936763 -166.911734   -166.76713333 -166.91903133 -167.65492415
 -167.053009   -166.44638637 -166.90302113 -166.77221566 -166.43314958
 -166.60987057 -166.72989411 -167.0411033  -167.11745966 -166.58542522
 -166.60448399 -166.60519448 -167.70202723 -167.53622073 -167.64342679
 -167.09560812 -167.74436453 -167.94803762 -166.47723878 -166.14703709
 -167.28277273 -165.36709951 -166.62784113 -166.96948311 -166.96704304
 -167.17229691 -165.92737786 -167.41119374 -167.58512757 -167.19844875]",0.7310000000000001
33,1.69326722315503,"[-3.24487119e-06 -1.25310406e-06 -3.88132393e-06 -2.61733898e-06
  8.62642852e-09 -1.29154282e-06  2.75587304e-06  5.58850669e-06
  2.53642794e-06 -3.21537055e-06  1.26104012e-06 -1.00920587e-06
 -3.31614532e-08  1.95424995e-06 -2.74952652e-07  3.38661308e-06
 -4.24996981e-07  1.14055023e-06  1.93697533e-06  3.34237544e-06
  4.33715869e-06 -1.94268150e-06  3.25200555e-07 -5.58377814e-06
  2.79112736e-06 -1.21138568e-06  1.78581571e-06  7.52160217e-07
 -1.41455617e-07  6.52032564e-07 -1.72128164e-06  1.96989172e-07
  2.42420254e-06  2.03501728e-06  2.33782650e-06 -1.17037931e-06
  3.62154101e-06 -3.43062917e-08 -1.06239184e-08  3.14049863e-07
 -2.66822159e-06  8.96753757e-07 -8.97368636e-07 -8.05491091e-07
  3.71674154e-08 -1.05440765e-06  1.31866905e-06  1.43323840e-06
 -1.55577864e-06 -4.45727970e-07  1.78563841e-07  1.90176403e-06
 -9.13139220e-07  2.65441882e-06 -2.30298386e-06  3.31303671e-06
  3.61616878e-06  1.01421153e-06 -2.33154139e-06  7.46821970e-07
 -2.00644773e-06 -1.76698692e-06 -3.27386026e-06 -1.35008271e-06
  1.58898245e-06 -3.30897071e-06  8.32277326e-07  5.19617678e-06
 -3.36230554e-07  3.45512476e-06 -1.60940080e-06 -2.48695465e-06
 -2.44670708e-06 -3.22771051e-07  7.66195722e-07  1.53683040e-06
  4.49310221e-06 -9.34274339e-07 -2.51903435e-06 -4.03719166e-06
  5.16339880e-06  1.65068407e-06 -4.18506306e-06 -6.01352779e-07
 -4.20924779e-06  1.59265639e-06 -1.45386714e-06 -8.85532526e-07
 -5.86332650e-07  1.72336286e-07 -4.07296079e-06 -3.43392307e-07
  2.38902172e-06  2.78252252e-06 -2.33130861e-06 -4.47456747e-06
 -8.74074277e-07 -6.93613434e-07  8.89745152e-07  6.47077555e-07]","[-166.86536956 -166.54854556 -166.75209782 -166.62089566 -166.47828812
 -167.35764216 -167.01099937 -166.85699987 -166.94277712 -167.11190416
 -167.23520486 -165.936402   -166.25913155 -167.11548282 -166.38133465
 -166.45073881 -165.90447757 -166.46043987 -165.18378127 -166.7082893
 -166.78281484 -167.31437471 -166.58576424 -166.49484931 -166.75864689
 -166.67928435 -166.63493451 -166.79076312 -165.93815127 -167.60908381
 -165.82132056 -166.36343577 -166.88604911 -167.7724443  -166.71136242
 -165.71474193 -167.09882363 -166.93299648 -166.4712746  -166.75925598
 -166.38869347 -165.17033826 -167.5095953  -167.48982435 -166.95776444
 -166.27036123 -165.86852322 -166.88048695 -165.8708042  -166.70116681
 -167.49286859 -165.63634219 -166.7992171  -166.10861456 -166.8398662
 -166.2128575  -166.77925372 -165.45462284 -166.81870063 -166.07901559
 -166.83459957 -166.49922396 -166.5055969  -165.69574983 -166.16294503
 -166.24041425 -166.38723048 -166.78133207 -166.55339057 -165.59722224
 -166.91842893 -166.76736001 -167.03877627 -165.97161461 -166.30190677
 -166.88593732 -166.38377629 -165.19317455 -166.76077868 -166.34463374
 -167.29135773 -167.57519942 -165.85364044 -167.0430553  -166.36190116
 -166.0165537  -166.05643072 -166.99429693 -166.57180248 -165.38179495
 -166.45034978 -165.60349808 -166.48986966 -166.38979453 -166.35977356
 -166.41334793 -166.88006744 -165.80379371 -165.14697571 -166.33937418]",0.735
34,1.651709508813831,"[ 3.04358292e-06 -2.49530492e-06  1.67383468e-06 -5.66827534e-07
  1.98115918e-06  1.54135349e-06  3.51224405e-06 -2.68738311e-06
  3.78545089e-06 -4.55706041e-07  3.49665343e-06  4.90475377e-07
  9.29317220e-07  5.99603315e-07 -1.09520537e-06 -7.91623656e-08
  3.21969998e-06 -5.76505519e-06 -5.78123441e-06  3.14907303e-06
 -6.67650211e-06  4.45066999e-06 -3.65519015e-07  3.87621121e-06
 -1.26292266e-06  5.37595709e-06 -6.93629433e-06  4.52228753e-06
 -3.55358977e-06  5.26052520e-06 -2.17212806e-06  1.51555486e-06
  1.40642651e-06 -2.62455259e-06  3.09104282e-06 -2.21826937e-06
  7.01576969e-07 -3.58961316e-06  3.06284468e-06  1.08318570e-06
  1.33256040e-06  8.09642150e-07 -2.41273881e-06  1.34617417e-07
 -6.51786805e-06 -1.06842964e-06 -1.80990793e-06 -2.02997745e-06
  1.90749946e-07 -3.68246117e-07 -7.74957938e-07 -1.23553259e-07
  2.95118280e-07  1.56704756e-06 -2.02498362e-06  2.04331738e-06
  4.14941662e-06  1.37584063e-06  8.94307654e-07 -1.76225245e-06
  1.57122876e-07 -3.25425256e-06 -5.77340670e-09 -2.27999777e-06
 -3.82001061e-07  9.73190588e-07  1.23741491e-06  5.44749576e-06
  2.65581765e-07 -1.79772999e-06  5.48164021e-06 -2.56483246e-06
  2.47956626e-06  1.52188264e-06 -5.25669444e-06 -4.36177166e-07
  1.33157452e-06 -7.68996065e-07 -7.65204614e-07 -1.58353831e-06
  2.94799546e-06  4.12099567e-07 -2.01569139e-07  1.48842258e-06
 -6.24285734e-07 -1.55639135e-06 -4.45498362e-06 -3.13393161e-06
 -2.36994880e-06  4.80277729e-06 -7.29707603e-07 -3.45959190e-06
 -1.70128175e-06  6.23097618e-07  2.24612080e-06 -2.20792800e-06
 -1.69979248e-06 -1.51867128e-06 -2.21097733e-06 -6.91745612e-07]","[-166.37837222 -165.74648299 -166.74305805 -166.12687015 -164.93605366
 -166.3241136  -166.61013893 -166.53412387 -166.55465823 -166.27672511
 -166.21002436 -166.39023703 -166.24275589 -165.47131904 -165.9900446
 -165.75594789 -166.63763812 -165.89536101 -166.01737975 -166.52307759
 -165.60007213 -167.04279512 -166.1584296  -165.64003966 -165.4601508
 -166.37436229 -165.63222383 -165.87552495 -166.08642703 -166.10472896
 -166.52348045 -166.69910219 -165.50372211 -166.27355434 -166.22080657
 -165.29722916 -166.60789723 -166.73064948 -166.13336951 -166.85318484
 -166.56828289 -166.66168628 -166.1660095  -166.51558433 -166.88365202
 -166.86501005 -166.05599172 -167.05881767 -166.66260113 -165.34539757
 -166.33352408 -166.44948467 -167.36127096 -166.17865673 -166.52481973
 -166.19133459 -165.90707185 -166.3500448  -165.7148854  -166.73543054
 -166.67502902 -164.98809526 -166.30388442 -165.83549587 -166.34793684
 -165.67528622 -165.98184552 -165.7978634  -166.5103466  -166.79685477
 -166.4530154  -166.00087219 -166.3831238  -166.31602722 -166.03534822
 -166.20693016 -167.18441929 -165.87906133 -165.62251307 -165.82135561
 -166.48268814 -166.04303615 -165.42376353 -165.3241908  -166.27188667
 -166.07573025 -166.08222798 -166.56666679 -166.71463579 -166.34454319
 -165.84481005 -166.07315878 -167.04738085 -165.44595831 -166.54160562
 -165.98118656 -164.64828607 -166.73055876 -166.12099938 -165.93104655]",0.728
35,1.6165636585808936,"[ 8.87378187e-07 -1.06954966e-06 -1.27039125e-06 -7.94686491e-08
  1.54670636e-06  4.58402341e-06 -7.71452454e-06 -1.00301916e-06
  2.40253964e-06 -7.84125013e-07 -5.61432280e-07  3.11559602e-06
  6.13258835e-07 -5.01502579e-06 -4.94976060e-07  4.27205849e-06
  8.11280278e-07  2.88065148e-06  2.22620989e-07  1.11486083e-06
 -3.37488413e-06  3.44924471e-06 -2.55183534e-06  1.00876864e-06
 -5.87630488e-07  4.49301164e-06  2.71404003e-06  2.58845938e-07
  1.54157822e-06 -1.85845235e-06 -2.37244931e-06  6.33959193e-07
 -1.58311725e-06 -3.19173824e-07 -3.79554474e-06 -1.17142885e-06
  2.80918479e-06 -9.98090421e-08 -3.23042587e-07 -7.49212918e-07
 -4.66602756e-06  2.39475761e-06  6.25847313e-07 -1.60473686e-06
 -8.21745018e-07  5.07437432e-07  9.54202074e-07 -1.96195860e-06
  3.12568689e-06 -2.08141363e-06  1.42463679e-06 -3.27256432e-06
  5.76634650e-06 -3.72423106e-07 -7.44309122e-07 -3.31959119e-06
 -7.56496694e-07  4.41812299e-06  1.33863550e-06  2.95955976e-06
  3.43435313e-06 -3.94175463e-06 -1.73771486e-06  1.49007426e-06
  3.82369554e-07 -3.34735643e-06  1.51792668e-06  1.27336903e-06
 -2.92194199e-06 -7.87062830e-07  3.16037046e-06 -6.34590927e-06
  2.90016128e-06 -2.22335542e-06 -6.69126513e-07 -2.03337272e-06
  9.26602685e-07  3.69871387e-07 -2.14750603e-06 -4.45274139e-07
  1.89819437e-06 -3.48807090e-06 -7.16807652e-06  5.28717453e-06
  1.40667394e-06  3.96815817e-06  7.10050955e-07  6.80785701e-06
  8.53154509e-07  2.21516771e-06 -1.63850287e-06 -1.39416375e-06
  1.02874632e-06  3.68134943e-06 -7.71667773e-06  7.02735161e-07
 -1.75407110e-06 -9.83532411e-07 -4.41386221e-06  2.67617236e-06]","[-165.31406141 -165.90327628 -165.38726278 -165.50461687 -166.06858132
 -165.62070612 -166.34658934 -165.22568034 -166.16516996 -165.74939139
 -164.85437574 -165.88661846 -165.6998539  -166.38408666 -166.34383896
 -164.52464682 -166.4190877  -165.06573815 -165.75911052 -165.71573269
 -166.26485262 -165.28363633 -164.94986094 -165.78067654 -166.11977493
 -166.09437942 -166.05553794 -165.57666074 -166.93093461 -165.47063946
 -165.29759831 -166.3081018  -165.72362776 -166.22686776 -165.56938832
 -165.14122235 -165.13301654 -165.79653336 -166.02538962 -165.83009664
 -166.40659116 -165.73141258 -165.4504068  -165.47930265 -165.83655434
 -166.12991352 -165.45046303 -165.99084903 -165.67457609 -165.58670335
 -165.01666331 -166.04136066 -165.39879858 -165.38866562 -165.61981917
 -165.74888503 -165.25922718 -165.76404912 -166.56035102 -165.7935247
 -166.23774054 -166.29996716 -165.34131813 -165.25885686 -165.75173961
 -166.58496943 -165.62540373 -164.7173225  -166.1643148  -165.92758199
 -166.45114461 -165.85065954 -166.0572655  -165.11946181 -165.15584883
 -165.67251764 -165.58066451 -164.81509339 -166.08653993 -166.6658279
 -165.68785522 -165.29793911 -165.90344567 -165.97844287 -165.29888325
 -165.24703865 -166.92661443 -165.90169914 -165.22851322 -165.84247462
 -165.92225223 -165.96085489 -166.00983662 -165.59809937 -166.39711865
 -165.16844425 -166.29017506 -165.42204051 -166.00927623 -166.32241138]",0.69
36,1.5781253679214875,"[-7.91168433e-07  2.12373962e-06  6.21180355e-07  1.62803220e-06
 -1.14245804e-06  1.75880142e-06  9.91636330e-07  3.50553676e-06
 -3.37609362e-06  3.84496846e-06  2.81462230e-07  7.44603099e-07
 -2.51246354e-06  1.28413489e-06  2.54705809e-06  3.50065209e-06
  5.10474731e-06  4.09206124e-06 -1.86284722e-06  3.27520685e-06
 -2.11890920e-06  1.28373109e-06 -4.41644211e-06  5.33621067e-06
  2.21389750e-06  3.63095294e-06  1.15717974e-06 -2.39386515e-06
 -1.00140995e-06 -6.02089009e-06  7.54288470e-07  1.33765178e-06
 -1.72369113e-06 -1.90394484e-06 -5.29725327e-06  3.09038569e-06
  1.42061276e-06  1.47384473e-06  2.95145851e-07 -2.79747712e-06
 -2.37573461e-06 -5.34291047e-07 -8.35268617e-06 -4.57438017e-06
  1.24023250e-06  1.01241255e-06 -9.83722370e-07 -3.20680976e-08
 -2.57862523e-06 -3.90338729e-07 -1.68317930e-06  4.02723471e-06
 -2.26646147e-06 -4.28936023e-06  2.74356676e-06 -2.04297702e-06
 -7.08880769e-07 -1.92064575e-06  2.87858876e-06 -3.83198053e-06
 -1.97534886e-06  7.49888578e-07  2.95226213e-06  2.02801750e-08
  1.94917810e-06 -4.54184499e-06 -1.54881010e-06 -9.61780759e-07
 -4.17744248e-06 -1.33296037e-06 -7.74464687e-07 -1.04606415e-06
 -2.36121471e-06  6.64143922e-07  2.32680002e-06  7.91400922e-07
 -5.49751616e-06  1.13299406e-06  2.90293733e-06 -6.13937956e-06
 -1.25920294e-06 -1.54954223e-06 -1.03907353e-06  2.41464389e-06
  5.87299819e-07  1.76498165e-06  2.86189158e-06 -2.80514007e-06
  1.42039466e-06  4.26169347e-09 -2.16399950e-06 -1.12551153e-06
  3.47559992e-07  2.09529663e-06 -1.80169890e-06 -5.97375298e-07
 -5.94166141e-06 -5.27300675e-07  2.59725980e-06 -3.66087221e-06]","[-164.76171896 -165.61505663 -164.79628495 -164.94813215 -165.31236077
 -165.54920039 -165.45388481 -165.36489706 -165.51552911 -166.10380244
 -165.27905909 -166.28006313 -165.54969695 -165.59461222 -165.42121701
 -165.13795591 -165.92127749 -165.61696931 -165.22205317 -164.5323771
 -165.4367233  -165.17280579 -166.25446412 -165.50835146 -165.60326255
 -164.84021515 -165.59415165 -165.1704432  -165.8232493  -166.11546075
 -165.41921668 -165.28443053 -165.44188874 -165.89534209 -165.75832635
 -165.75194045 -165.4112597  -165.42663627 -166.04919917 -166.01086312
 -165.00904839 -165.91422131 -165.56380958 -165.48251146 -164.85616641
 -165.00923956 -165.89222799 -164.84919738 -165.9898718  -165.13348084
 -164.89170355 -164.94578667 -165.59374118 -165.67365972 -165.13951228
 -165.12904324 -164.17462248 -165.33236009 -165.26518499 -165.13362683
 -165.98180544 -165.48409331 -165.14493417 -166.59776712 -165.62646327
 -165.88372274 -165.01909181 -164.91302789 -165.4714042  -165.80176533
 -164.79005352 -165.42941492 -165.39014365 -164.40374259 -164.75583146
 -165.70003678 -165.11887621 -164.81764455 -164.50243177 -166.02749502
 -165.88747004 -165.31752059 -165.81555885 -164.97423586 -163.88767673
 -166.34297879 -165.48044561 -165.04537982 -165.41910285 -165.82902484
 -165.85456709 -165.0947978  -165.84322894 -166.53993952 -166.26854404
 -165.64577318 -165.5680868  -165.62120937 -166.18417418 -165.90522449]",0.7040000000000001
37,1.540235864135726,"[-1.05615459e-06 -6.89728371e-07  2.04350007e-06 -2.33103515e-06
  1.60878450e-06 -1.56495871e-06  4.97384991e-07  5.48161926e-07
  2.72516178e-06 -1.42206230e-06 -2.24274190e-06 -8.08539464e-07
  2.32515549e-07 -3.14760168e-07  2.25757678e-06 -5.88496452e-06
 -6.14265553e-08 -3.31199950e-06 -2.53261606e-06  1.38851589e-06
  1.02858554e-06  9.62854157e-06 -5.16863570e-06 -2.32363204e-06
 -3.94099001e-06 -1.28987440e-06  1.58821478e-06  3.03125695e-07
  1.03274258e-06  4.74956151e-06 -1.74212740e-06 -3.03710678e-06
  8.87915915e-07 -2.34114670e-07 -4.47675556e-06  1.83002405e-06
 -2.56397212e-06  7.32276025e-07 -2.98047164e-06  7.11995394e-06
 -4.96200737e-06  2.29382217e-06  8.10684380e-07  7.95035588e-06
 -5.61108076e-07 -1.13983920e-06  2.86378180e-06  3.46343743e-06
 -1.74891062e-06  4.10962506e-06 -2.02343002e-08  3.10374250e-06
  2.78124341e-07 -4.31983031e-07  8.33138881e-07  1.81463200e-06
 -1.00049170e-06 -8.92078815e-07  1.33040680e-06  1.38492781e-06
  1.18354918e-06 -7.17729709e-06  2.07768572e-06 -4.01094367e-06
  5.90609996e-07 -4.25454720e-08  4.07527063e-06 -5.86662160e-06
 -1.33074998e-06  1.21221193e-06  1.34962470e-06  1.13468734e-06
  6.33052235e-07  2.61332584e-06 -5.88874087e-07 -1.06601876e-06
  4.63775573e-06  4.34125038e-07 -8.60422861e-07 -1.35285156e-06
  5.50423707e-07 -1.39064431e-06  2.42886494e-07  2.14021174e-06
  2.26117759e-06 -2.48015886e-07 -3.45231942e-07 -4.02864173e-07
  3.58002065e-07  2.91779431e-06  1.69643383e-06  2.07568379e-06
  3.33669118e-06 -2.92902672e-06  9.26686823e-07 -3.91292122e-06
  2.02541966e-06  1.56652184e-06 -4.69356906e-06  4.01362757e-06]","[-164.73862634 -166.15930409 -165.19230491 -164.9497903  -165.77477077
 -164.43926381 -165.74919114 -165.90965932 -165.07718044 -165.11939167
 -165.22814448 -164.14699408 -165.40738375 -165.18603204 -164.99090583
 -165.01798433 -165.41106788 -164.62091897 -166.2934626  -165.83375037
 -166.31573029 -164.74235903 -164.71959978 -164.81425455 -165.59245455
 -164.32992443 -164.93839356 -165.55420587 -165.30090764 -164.67192886
 -164.53952287 -165.10580427 -165.79872711 -164.58777836 -165.75530141
 -164.73032614 -164.5138426  -165.49936632 -166.32815752 -164.93165169
 -165.2507118  -164.70864655 -165.63593051 -165.52737077 -165.43612345
 -165.13339357 -164.90370022 -165.04070074 -164.70309225 -165.27403921
 -165.63417225 -165.14723247 -164.60250066 -165.21902172 -166.13982778
 -163.97564405 -164.9135276  -166.13079933 -164.6334867  -165.61471573
 -164.39642019 -165.63055237 -165.89260256 -164.98670426 -164.34916427
 -165.75018115 -166.38523351 -165.49202008 -166.24473356 -165.59338254
 -165.15339323 -165.16391564 -164.96624374 -165.03797327 -165.85474519
 -165.52472549 -165.10570243 -165.60135082 -165.79179745 -165.02083031
 -165.72974322 -165.37044517 -165.67281454 -164.87811143 -164.70421863
 -164.95356404 -164.70885575 -165.77547585 -164.0792218  -164.44736271
 -165.69076456 -165.35623732 -164.87597891 -165.0254289  -165.06406846
 -165.38124856 -166.40132472 -163.71877337 -165.54159094 -164.45500729]",0.721
38,1.5030517117059754,"[ 3.48626209e-06  3.09471289e-06  2.00363915e-06  1.37689851e-06
 -7.41889203e-07 -5.99901670e-06  1.80720808e-06  1.91892076e-06
 -1.51567565e-06 -4.00643293e-07 -3.61892823e-06  1.24916848e-06
  9.84737923e-07  3.26239135e-06 -2.25096524e-06  8.68072603e-07
  2.89284384e-06 -2.73382546e-06 -3.65748267e-06 -1.58431496e-06
 -1.86300731e-06 -2.83471783e-06  2.87139599e-06 -4.49072498e-06
  7.51747744e-07 -8.57482022e-07 -1.36356526e-06  1.50171739e-06
 -3.01425714e-06 -2.42447300e-06 -6.13162732e-06  7.76473459e-07
  7.03261652e-07  6.28238278e-06  7.54473824e-07 -2.04827188e-06
 -6.85248388e-07  2.84611815e-06  2.21918029e-06  5.07457396e-06
  2.12541284e-06  3.51902262e-06 -6.22752846e-07 -1.28006144e-06
  2.83106402e-07  2.05332011e-08 -1.85297991e-07 -1.80684285e-06
  1.52939934e-06 -4.95912314e-06  1.82938848e-06 -5.68386520e-06
 -1.59282672e-06 -1.89541633e-06 -2.30284983e-06 -1.68582148e-06
  6.19359867e-06 -2.40591475e-06  5.67239518e-06 -1.84295477e-06
  3.44792643e-06  8.74382560e-08 -3.53497467e-06 -2.43667672e-06
  4.07351257e-06  1.14460503e-06  1.81630528e-06 -1.22411492e-06
  3.52709631e-06 -2.11442126e-06  2.08660298e-06  1.06185166e-06
 -5.35060356e-07  3.02622846e-06  7.43334696e-07  1.42824103e-06
  9.57661281e-07  4.16958384e-06  9.15121752e-07 -6.16183314e-07
  5.68982996e-07  4.35918164e-06 -4.18711244e-06  1.90141044e-06
  1.32431680e-06 -3.30497484e-06 -1.77480047e-06  2.12890185e-06
 -2.60203652e-06  2.01748074e-06 -2.39756147e-06  4.27781206e-06
  2.08874460e-06 -2.22849847e-06  5.51783466e-06  7.34604268e-07
 -1.10237148e-07  1.73883601e-06 -2.39866187e-06 -1.95755949e-07]","[-165.31215183 -165.37539197 -166.24219575 -163.91624499 -165.55284109
 -164.14618235 -164.95541419 -164.82324769 -165.19511231 -164.60064542
 -165.62403908 -165.43076574 -164.82275753 -164.2177988  -164.46291496
 -164.22593234 -165.21914651 -164.87160574 -165.00220365 -164.25672857
 -164.93456574 -165.81719143 -164.90809936 -164.44250811 -165.03135367
 -164.68227033 -164.89076748 -164.89844415 -164.82602094 -164.10450686
 -165.32360665 -165.29768112 -164.36823454 -164.55310583 -164.78107333
 -164.90658769 -164.99427786 -164.08692809 -163.1355944  -165.01350138
 -164.55127706 -164.2285651  -164.77399625 -164.70548478 -165.70255041
 -164.22122332 -165.5512666  -165.17431557 -164.94882621 -164.5108878
 -164.7469172  -165.37385666 -164.36530581 -164.98994605 -165.2054425
 -164.95591731 -165.04361867 -165.36277608 -165.05084599 -165.20897017
 -164.43365534 -165.02156352 -164.74588799 -164.55873881 -164.88258988
 -164.17301596 -165.32500805 -164.38667205 -164.64936369 -165.16563529
 -165.11683958 -163.66561889 -165.28379941 -164.20787629 -164.17523223
 -164.07126996 -165.04339404 -165.17455864 -165.28608561 -164.76585365
 -164.95726743 -164.34290748 -166.51612085 -164.82188699 -165.38596846
 -164.76930954 -165.04453348 -164.21366809 -164.7602043  -164.31095468
 -164.73804477 -164.14447314 -164.58884069 -165.01514686 -165.07502805
 -164.08781735 -164.77354365 -165.47790487 -164.61547202 -164.10493225]",0.7300000000000001
39,1.4688556878523578,"[-1.92810594e-06 -1.09176845e-07  1.93909646e-06 -2.97922772e-06
 -4.51738572e-06  1.20389745e-06  2.93850278e-06  4.10333251e-06
  2.61152003e-06 -4.22781383e-06  3.84728823e-07  1.95646592e-06
  9.34463925e-07  1.83016597e-06  2.05406910e-06  3.94746899e-06
 -8.72935881e-07  3.41126561e-06 -2.81868098e-06 -1.08736640e-06
 -5.08777079e-07 -1.85953583e-06 -6.77375849e-06 -4.82722412e-06
  3.96905104e-06 -3.24103568e-06 -2.34830902e-06 -1.17197717e-06
  2.04812754e-06 -3.63888086e-06 -1.57416803e-06 -7.06660948e-07
 -3.62925636e-06 -1.24973934e-06  3.06468528e-06  2.05370840e-06
  2.32377983e-07  2.79656208e-06 -2.99236927e-06 -1.73683764e-06
 -6.31707604e-06 -7.38147765e-07  1.37218442e-06 -3.35563301e-06
  3.64057127e-06 -1.92726652e-06 -3.97430057e-06 -2.43889490e-06
  1.70230525e-06  3.79943249e-06 -3.58231161e-07  3.24337745e-06
  5.03220963e-06 -4.25926316e-06  3.32166387e-07  1.42587338e-06
 -1.21675589e-06  8.52281971e-07  9.93063445e-07  2.90453460e-07
  2.31404875e-07  2.46662869e-06 -4.45865077e-06  2.63176932e-07
  1.55591022e-06 -3.91955443e-08  5.60494654e-07  1.49429781e-06
  4.36505189e-06  1.42083112e-06  1.35976853e-06  7.92980940e-07
 -1.09242258e-06  6.10741149e-07 -3.31674451e-06 -1.14843639e-06
 -1.56199710e-06 -6.25990287e-06  6.49940265e-07 -1.59097737e-06
 -1.69047377e-06  7.33509577e-06 -1.87592785e-06 -4.31549660e-06
 -4.24945940e-06 -2.31776182e-06 -2.48105374e-06 -1.24017669e-06
  2.47243408e-06  4.10825708e-06 -7.51547354e-07 -1.83194753e-06
 -1.07016582e-06 -1.48949150e-06 -1.16807440e-06  5.25527567e-08
  5.41914240e-06 -5.37128153e-06 -3.83031187e-06 -9.27840935e-08]","[-164.99163273 -164.43960877 -164.11310387 -164.10871536 -164.84492334
 -164.41651103 -164.15734638 -164.54768442 -164.2306252  -163.67092357
 -165.26946969 -164.30351816 -164.73886815 -164.53536505 -164.24763873
 -165.61120365 -164.02551634 -164.0727314  -163.74655754 -163.7117967
 -163.9305898  -163.98185793 -164.20000304 -164.36694449 -164.66890591
 -164.96263621 -164.87229673 -163.86083845 -164.27681676 -164.35670187
 -164.2245708  -164.21147762 -164.34264672 -163.91475956 -165.03921465
 -164.22220987 -164.69624005 -164.42260704 -163.95573721 -163.84110006
 -164.37365664 -164.24337069 -164.90808468 -164.64526619 -164.52685885
 -164.77456971 -164.426661   -164.30289302 -164.58098669 -164.36522303
 -164.80255105 -163.67303258 -164.95729125 -165.4085179  -164.58032923
 -164.5360033  -164.31273075 -164.40551023 -165.39571012 -164.57286156
 -164.22529634 -163.81637888 -164.43912881 -163.73156495 -164.40097896
 -164.47289003 -164.89111737 -163.8513458  -164.8920164  -164.30084483
 -164.37571567 -164.37055963 -164.33187137 -164.09461179 -164.00108616
 -163.59878178 -164.72829941 -165.94827679 -164.95364013 -165.12429607
 -164.93357024 -164.0298082  -163.46012218 -164.04301615 -165.57377484
 -164.30884094 -164.33048779 -164.5921354  -165.0913047  -164.74208024
 -164.17557067 -164.37787005 -164.52800476 -164.95543306 -163.97983006
 -163.70389363 -163.78680721 -164.17208486 -164.6112823  -165.25240827]",0.7080000000000001
40,1.4375353455548683,"[ 1.21492814e-06 -3.77707338e-07  4.69320270e-06  3.88265923e-06
 -1.87373769e-07  5.89083291e-07 -5.51597526e-06 -7.85413182e-07
  2.03023645e-06 -2.18397231e-06 -3.82239984e-06  1.69043442e-06
 -2.13031610e-06 -4.29331297e-06  6.77499124e-07 -2.57511474e-06
  3.14246156e-06  3.30003241e-06 -2.86171811e-06 -3.28907737e-07
 -6.21203562e-07 -1.13340511e-06 -7.60790878e-06 -2.21290863e-06
 -1.89729453e-06 -3.06708585e-06 -8.54298642e-07  4.21975707e-06
  7.44745513e-07  5.07015683e-07 -6.17743607e-07 -5.20415926e-07
  1.49364234e-06 -2.77958875e-06 -2.70604657e-07 -3.20942574e-06
 -8.91893999e-07 -3.75060391e-06 -3.41288057e-06  5.53760743e-06
  1.37048946e-07 -3.47745180e-06 -3.90516662e-06 -5.44986743e-06
  4.15173051e-06  7.96342137e-07 -1.75287771e-06 -2.40754409e-06
  1.31867204e-06 -6.75402984e-06  6.13207547e-07  9.82554070e-07
 -1.82561758e-06 -3.43470569e-06 -6.37293699e-06  2.90628468e-06
  1.32237881e-06  2.55237287e-07 -1.46779750e-06 -7.67854479e-07
  5.57311760e-06 -4.86370183e-06  2.93464411e-07  4.94125423e-06
  1.53670231e-06 -1.60387659e-06  1.29151965e-06 -4.54483413e-06
  2.32723880e-06 -3.84426226e-06 -4.12659011e-06  1.02619764e-06
  1.74575239e-06 -2.10973034e-06  6.35634525e-07  1.89552757e-06
 -2.89581855e-06 -1.12391865e-06 -2.82116091e-06  3.86467932e-06
 -2.47220424e-06 -4.28623027e-06 -8.43929776e-07  2.53597141e-06
 -4.81350557e-06 -7.72430252e-07  3.98346143e-06  1.13777752e-08
  7.17820343e-07 -3.84044142e-06 -1.28173157e-06 -2.75261079e-07
 -1.72701833e-06 -1.08914007e-06 -1.22621082e-06  2.52528066e-06
  1.66809698e-06 -1.64942665e-06 -1.18806653e-06  4.04566892e-06]","[-164.86539405 -164.02066367 -164.5587421  -164.24087347 -164.53352226
 -164.12582729 -163.71491652 -163.51445764 -163.69491841 -165.00474027
 -164.9170108  -164.42954658 -164.90495348 -164.62419337 -163.50891477
 -164.09767786 -164.15756984 -163.68367802 -164.20967413 -164.3184246
 -164.21060683 -163.77339718 -164.41369379 -164.23234467 -163.40887675
 -164.68928348 -163.91100692 -164.8475332  -164.22108586 -164.38747769
 -164.35866521 -164.26977727 -164.22967615 -164.39776068 -164.44932084
 -163.61099655 -163.15141545 -164.43181375 -164.29241613 -164.12768859
 -164.08403882 -165.09733568 -164.50769711 -164.08028387 -163.13449242
 -165.21000933 -164.19244134 -163.97316428 -163.49271745 -164.03487269
 -164.45766191 -164.05601464 -165.26105822 -165.48057882 -164.05064587
 -163.90502775 -164.13634482 -163.94849637 -163.46817331 -164.6362655
 -163.96070514 -164.4224453  -164.1369593  -164.73073562 -164.43807336
 -164.80422214 -164.74369309 -164.63017659 -164.75607097 -163.88584709
 -164.48975725 -164.99085038 -164.01477141 -164.44230437 -163.2917864
 -163.83911705 -163.97407259 -164.35020862 -164.02457777 -164.13991193
 -163.89447698 -164.23272838 -163.90441684 -163.49094002 -164.06508952
 -164.2272573  -164.18145423 -164.09457469 -162.57662564 -165.62243019
 -163.45979784 -165.08305402 -163.79730762 -163.57635873 -163.67762786
 -164.76318365 -164.25336225 -164.24718204 -165.56461453 -163.50775887]",0.703
41,1.4124419508087867,"[ 6.05498396e-08 -2.14150918e-06 -2.70584343e-06 -7.22366721e-07
  5.42811076e-06  6.68299547e-07  1.36182243e-06 -3.96036025e-06
 -1.05010183e-06  6.13342524e-07  1.09481408e-06  4.44383932e-07
  3.51036646e-06  2.81383998e-07 -2.33107974e-06  2.45800588e-06
 -3.37285473e-06 -3.09566236e-06  2.25521986e-06  4.86201627e-06
  4.17231732e-06 -3.38707015e-08 -2.05897053e-06  2.19107356e-06
 -3.72957549e-06 -3.32554978e-06  4.37396153e-06 -2.64201884e-06
 -4.00815088e-07 -4.21677844e-06  2.27366345e-06 -2.01796795e-07
 -1.53601831e-06  3.90155233e-06 -4.32045016e-07  8.11393233e-07
  3.35248162e-06  3.04748713e-06  7.99489249e-07  1.73525318e-06
 -2.41460070e-06 -5.04778449e-07 -6.83528068e-06  3.01653163e-06
 -1.65173798e-06  2.17190745e-06  1.00189438e-06 -1.13665251e-06
 -7.39724502e-08  3.38329612e-06  8.75584923e-07  2.42158378e-07
  1.33492839e-06 -1.21824001e-06  2.28340509e-07 -5.03289936e-07
  2.97660264e-06  3.81611548e-07 -1.01528570e-06  1.28073411e-06
 -2.13153610e-06 -2.11630138e-06 -2.86979080e-06 -2.32218544e-06
 -2.94301972e-06 -2.61792803e-06  3.73504627e-06 -1.80579074e-07
  3.52158523e-06 -4.24773257e-06  2.90499100e-06  2.99052779e-06
  8.44613432e-07  3.19660158e-06 -3.62744684e-06  3.51219892e-06
  3.07798048e-06 -2.21441458e-06 -2.95507782e-06  1.79869862e-06
 -1.36112823e-06  4.77498818e-06  1.71356945e-06 -2.99377314e-06
 -1.27833607e-06 -5.32183449e-06  4.34679046e-06  2.27833810e-06
  5.97758693e-07 -2.81811757e-06 -6.91261737e-07  6.44028930e-06
  2.40367797e-06 -1.38723695e-06  7.86758332e-06 -8.33349135e-07
 -2.39731780e-07  4.00768814e-06 -1.57000209e-06 -1.73625916e-06]","[-163.56648472 -165.08673619 -162.84463885 -164.49214987 -164.22918197
 -163.68216486 -164.14467686 -163.72675892 -163.25604858 -164.85093544
 -164.30801435 -163.59418055 -163.28350515 -164.33213237 -164.56455587
 -163.86902692 -164.66450508 -162.47786464 -164.38201494 -163.14042377
 -164.2272773  -163.8808364  -164.30757091 -162.97383598 -164.54702064
 -164.48858954 -164.2264755  -164.61059205 -163.39739724 -164.55177818
 -163.9550086  -164.99327127 -164.54284448 -164.43283434 -164.48850624
 -163.50158161 -163.02643739 -163.76844961 -163.6094779  -163.57992347
 -163.27982909 -163.63138877 -163.42254671 -163.34022441 -163.46197558
 -163.02783438 -164.18628544 -164.17605939 -164.33446522 -163.80383885
 -163.77936711 -164.0697251  -163.91920784 -163.50412187 -163.76718947
 -163.06650149 -164.35062024 -163.57794644 -164.2424027  -163.87635076
 -164.11225914 -162.94552055 -163.81113247 -163.99502628 -164.34441566
 -165.0150313  -163.21237402 -163.15387774 -163.68619932 -163.04019247
 -163.73500248 -164.98507663 -163.27075048 -164.02984496 -164.34176343
 -165.33494843 -163.55284942 -164.24828526 -164.24329215 -164.62590708
 -163.61548049 -163.46449338 -163.29141181 -163.78928639 -163.64945343
 -164.32986453 -163.50934671 -164.20648039 -163.92375135 -164.42001208
 -163.59281242 -163.74440543 -164.56073727 -163.99191577 -163.97034867
 -164.72609929 -163.37268558 -163.70192966 -165.05916189 -164.45251525]",0.6960000000000001
42,1.3854677979920984,"[ 6.50167735e-07  1.83330598e-06 -6.80837796e-07  1.72338109e-06
 -2.03705201e-06 -1.94494328e-06  2.63986936e-06 -1.35246883e-06
  2.22946932e-06 -4.74914023e-07  5.22747511e-06 -3.07766695e-06
 -2.71063457e-06 -4.78550742e-06  2.30793620e-06  1.24919550e-06
 -2.94182774e-06  8.16193900e-07 -2.86974672e-06 -5.84153365e-06
  3.03629921e-06  7.04052298e-07  2.15077778e-06 -4.27040063e-06
  2.46204026e-06  9.71536026e-06  4.06805797e-06  1.78578752e-06
 -4.56548220e-06 -3.61746026e-06 -5.37448951e-06 -1.52219574e-06
  4.18620537e-07  1.53299802e-06 -1.33652962e-07  2.91595402e-07
  2.69132503e-06 -2.56885382e-06  2.58077676e-06 -3.83412883e-06
  2.39624352e-06  3.64616439e-08  4.71423561e-07 -1.51313895e-06
  2.19001370e-06 -1.89327448e-06  3.41419144e-06  9.90612712e-10
  3.99704911e-06  1.95876527e-06 -1.36571067e-06  1.27720593e-06
 -1.31667572e-06 -1.33757122e-06 -7.72510770e-07 -3.53350306e-06
 -4.32438439e-06  2.84880609e-06  2.03992359e-06 -9.81988495e-07
 -5.60292221e-07 -2.51658000e-07  1.45631622e-06 -4.13144393e-06
  1.82662148e-06 -1.69885790e-06  1.03973859e-07 -7.04824532e-06
 -1.14501710e-06 -1.88939349e-06  3.32658522e-06  3.41942846e-06
 -3.20386391e-06 -1.33273604e-06  2.93215595e-06  2.01230247e-06
  4.41067024e-07 -1.69475089e-06  3.77764587e-06 -3.00861311e-06
  5.55319336e-06 -9.90764028e-07 -5.94480586e-06  2.21312605e-06
 -1.70318835e-07  1.21833334e-06 -2.91575618e-06 -9.58012558e-07
 -3.57917712e-06 -2.73171521e-06 -1.83999789e-06 -3.64468747e-06
 -4.14329881e-06 -4.04748657e-06 -2.36468697e-06  6.48089388e-07
  3.11907142e-06  1.40771966e-06 -5.95227619e-06  2.50726993e-07]","[-163.53873669 -163.51430932 -162.72239826 -163.42872333 -163.72537506
 -164.20240717 -164.0107027  -163.10437521 -163.23075357 -164.20544133
 -163.85952291 -162.98691986 -163.73323844 -164.3769499  -164.0945367
 -162.67386623 -163.31817871 -164.5373844  -164.35120717 -164.69550676
 -164.15313621 -163.49244903 -162.04624239 -164.72706149 -163.13995717
 -164.42256626 -163.33103882 -162.99559369 -162.78713475 -163.22278106
 -163.45195496 -164.66700771 -163.931383   -164.10185179 -163.52374368
 -163.49278812 -163.1828512  -163.0737478  -163.14581687 -163.71226359
 -163.49317575 -163.74543814 -164.62538519 -163.34651671 -163.02251146
 -164.04295514 -163.41580494 -162.82126693 -163.10387475 -163.47320461
 -163.2948436  -164.88503909 -163.5654265  -164.09130386 -163.25929133
 -162.68801082 -163.69840284 -162.8583948  -163.60845352 -164.04938944
 -162.41098377 -162.71990937 -164.39160379 -163.95926215 -163.50119712
 -163.38656722 -164.2514236  -163.352551   -163.70681834 -162.77875777
 -163.55118005 -163.32072203 -163.46745601 -163.23058465 -163.61485133
 -164.22394666 -163.60160294 -163.40249614 -164.24481025 -163.27798875
 -164.44424759 -163.68744004 -163.9196094  -163.70831022 -164.31180499
 -163.84620671 -163.65561851 -163.17044811 -163.10754669 -163.38782153
 -164.2487159  -163.06908231 -164.18989303 -163.52157221 -163.15152782
 -163.04818591 -163.4782728  -163.0499471  -164.97382622 -164.37894581]",0.6819999999999999
43,1.35255865634092,"[-3.44113095e-06 -1.00880362e-06 -3.24011961e-06  4.97104794e-07
  1.53581377e-06 -1.06293322e-06 -5.01500729e-06  1.13269204e-06
  3.17214342e-06  4.24186292e-06  2.49929218e-06 -1.33825402e-06
  1.99477399e-06  3.54397898e-06  3.53980903e-06 -2.27104089e-06
 -3.93601333e-06  2.60325113e-06  1.25591853e-07  1.46991134e-06
 -2.35288660e-06 -1.71556094e-06 -4.08662998e-08 -2.96141810e-06
 -2.78530516e-06 -1.47631030e-06  6.16430271e-07 -2.86611807e-06
  2.24747620e-06  2.00232132e-06  7.60699042e-08  2.01622283e-07
 -4.28658136e-07  1.17956595e-06  2.62753467e-07 -1.05575263e-07
 -9.02667202e-07  3.37522462e-06  2.38288304e-07 -5.29892401e-06
 -2.54914819e-07 -3.64471175e-06  9.49216575e-08 -2.41586578e-06
 -2.18356712e-06 -2.14140148e-06 -1.70799457e-06 -9.91356606e-07
 -8.46708034e-07  1.66521109e-07  2.90360215e-06  3.88179695e-07
 -1.34605668e-06  3.29590697e-06  2.61366275e-06  2.09318081e-07
  1.29041189e-06 -1.38447996e-06  6.38640008e-07 -1.39678293e-06
  1.62558630e-06  9.29698216e-07 -3.34033443e-07 -6.37219302e-07
 -3.97136287e-07  3.47014921e-06 -3.68242523e-08 -1.42135542e-06
 -1.07628319e-06 -1.88586787e-06 -1.91455936e-07  8.85164928e-07
  2.13857208e-06  4.28891979e-06  1.87324958e-06 -5.86190637e-06
 -2.05798339e-07  2.22946291e-06  2.62985998e-06 -1.56694436e-06
  2.05999303e-06 -2.69623740e-06 -2.54476557e-08  2.77877801e-06
  1.18605148e-06 -3.86898368e-06  5.91198811e-07 -4.21631513e-07
  4.18543866e-06  4.57031775e-06 -1.11156528e-06  3.08241549e-06
 -4.03514252e-07  1.07377387e-06 -5.37461901e-07 -2.01293189e-06
  2.32991880e-06  4.26542876e-07 -1.52555170e-06 -4.27093825e-06]","[-163.44460009 -163.13058356 -164.71651157 -162.98249545 -164.04771561
 -163.20821828 -163.73233837 -163.48112387 -162.68235134 -163.50175012
 -163.37842656 -162.71985932 -163.35271388 -163.44420296 -163.65134682
 -162.4885304  -163.96947002 -162.43358616 -163.08760627 -162.54560725
 -162.94553382 -162.22776611 -164.39814941 -163.78246616 -163.07356447
 -162.21989381 -162.56691282 -163.77710761 -163.90280486 -162.513845
 -163.16409921 -163.59100296 -164.0098162  -163.55321845 -163.03018777
 -162.70611687 -163.71260042 -162.7162325  -162.88730533 -163.56028407
 -162.113728   -163.11504488 -163.63414805 -162.77459013 -163.11026417
 -163.73719295 -162.5729194  -163.29486278 -162.71357078 -162.99606734
 -164.19630065 -163.64264758 -162.6160483  -162.85328343 -163.57095733
 -163.36870046 -163.51548566 -163.04641367 -163.59942781 -163.35287036
 -164.18926533 -163.01078341 -164.01064683 -163.85269988 -163.88834715
 -161.94618487 -163.65168347 -163.38887403 -162.38801217 -164.21215976
 -163.73052819 -164.02566233 -163.52705543 -163.49703709 -163.4978424
 -162.73685045 -164.00402664 -162.90793513 -164.07555468 -163.29569272
 -163.71682092 -163.6736629  -163.96060366 -162.95970527 -164.18516739
 -163.30289792 -163.16561347 -162.26577684 -163.92175003 -163.34982377
 -163.56711171 -163.05004134 -163.50882287 -163.41727157 -162.59680468
 -163.43116468 -163.65195697 -162.41736977 -162.79113783 -163.11791134]",0.696
44,1.3181936943961583,"[-3.30054579e-06  2.49859222e-06  3.08679462e-07 -2.54621471e-06
 -1.45991077e-06  6.17944552e-06  2.76112212e-06 -1.65573544e-06
 -4.52621851e-06 -1.11876126e-07 -1.74209226e-06  3.01941926e-06
  3.81161381e-06 -2.18601984e-06 -1.79848254e-07 -4.05724207e-06
  3.46400892e-06  1.10516702e-06 -3.87628806e-06 -1.31173446e-06
  1.32316767e-06 -1.78194274e-06 -1.40039818e-06 -5.27061840e-07
  1.35126227e-07  2.76301532e-06  1.45074309e-06  3.15704640e-06
 -2.98672025e-06  1.83134850e-06  1.51594908e-06  0.00000000e+00
  3.38754047e-06 -3.15630677e-06  2.36046590e-06  5.24919771e-07
 -4.11995403e-07 -6.68741650e-07 -8.20970087e-07 -1.84494233e-06
  4.37587810e-07 -2.22469398e-06  1.48743722e-06 -4.09884064e-06
 -3.20339391e-06 -3.60663104e-06  1.03493768e-06  4.07926150e-06
  1.00833044e-06  3.92830527e-07 -5.56902928e-07  5.60202069e-06
  3.01696701e-06 -3.04760651e-06 -2.21567817e-06  8.48782706e-07
  1.40910920e-07  1.46959581e-06 -1.97821455e-06 -2.98154890e-06
  4.70919689e-06 -9.24343206e-09  9.10086763e-07 -1.18213712e-06
  2.11270281e-07  2.11846089e-06  2.24052910e-06  2.11029556e-06
  3.91768576e-06  8.22495385e-08  3.17233947e-08 -4.44442598e-06
  3.43793456e-06 -3.39149652e-06  2.25477021e-06  3.65927666e-08
  2.63744742e-06  1.24234366e-06  8.90857168e-07  2.45133266e-06
  1.42792503e-06 -1.90846088e-06 -1.12382140e-06 -5.86055664e-07
  1.02744533e-06  5.21752285e-06  3.34746225e-06 -1.86315549e-06
  8.12989692e-07 -3.31002366e-07  4.44979223e-06 -4.74415924e-06
 -4.49844808e-07 -2.02225089e-06  6.11568487e-06 -4.73730271e-06
  2.04947448e-06  5.04656727e-06  4.36470370e-06  6.20107024e-06]","[-162.89719502 -161.72079395 -163.69431508 -163.30036917 -163.53685273
 -163.12320504 -163.27747038 -162.89245191 -163.20665133 -162.41709731
 -163.4739041  -163.11401571 -163.29382637 -162.67846821 -164.20014703
 -163.11450712 -162.39884496 -163.91525125 -162.58637913 -163.33168129
 -162.47103786 -162.30400273 -162.25435203 -162.09205066 -163.41715431
 -162.78811091 -163.5417695  -163.31813138 -162.64948017 -161.63364474
 -163.19237496 -161.94618487 -164.58386205 -162.89252657 -162.83288085
 -162.39311897 -163.51375279 -163.88956742 -164.16722269 -161.98388449
 -163.23194651 -163.01093837 -163.62558265 -163.26305151 -162.76954218
 -164.07835112 -163.54499768 -162.65977942 -162.68416186 -163.53213926
 -162.50371073 -162.54009719 -162.5403264  -163.07968371 -162.35991048
 -163.40416801 -162.85580005 -163.35805819 -163.61381334 -163.46697479
 -164.05788367 -163.00899995 -163.21142587 -163.91185739 -162.89140433
 -162.83096279 -163.70346097 -162.93585003 -162.20056279 -163.70226434
 -161.66638134 -164.20832348 -163.65520721 -163.25724122 -163.66944165
 -162.9421417  -162.88431942 -161.49182654 -163.28546129 -163.2697415
 -162.73916781 -163.16457581 -163.15181099 -161.21689863 -163.43619743
 -162.84414469 -162.81793814 -162.21193059 -162.43363977 -162.68537781
 -162.63355432 -163.93830513 -162.7319484  -162.50243984 -163.00738763
 -163.79981456 -162.08254249 -163.43868552 -162.68264562 -162.82233868]",0.6930000000000001
45,1.2908864285585433,"[ 2.08276568e-06  2.38888822e-06  5.15001460e-07  3.63140542e-06
  3.84013084e-06 -2.26541813e-06  1.37255852e-06  2.75143669e-06
  5.14112418e-06 -3.53991924e-06  6.40469876e-06  6.84273742e-06
 -3.78115209e-07  2.12301974e-07  7.62085851e-07 -2.11431090e-06
  1.28922321e-06 -3.55168315e-07 -4.00412449e-06  2.57824517e-07
 -2.39471002e-06 -2.23711004e-06 -3.35571994e-06 -5.05688681e-06
  2.96886819e-06  2.67228813e-08 -2.05818980e-06 -6.92016871e-07
 -3.74964275e-06 -4.03389477e-06  3.84479126e-06 -1.34456523e-06
 -3.96779786e-06 -5.53741558e-07 -1.93839127e-06 -1.01401820e-06
  1.00417439e-06  2.07711033e-06 -8.84874957e-07 -1.80100380e-06
  5.91108353e-07  1.26753390e-06 -2.41162269e-06  0.00000000e+00
  3.57844592e-06 -3.60544426e-06  2.78025137e-06  2.03679051e-07
 -2.67223111e-06  4.33435626e-08 -2.25562178e-06  1.16444290e-06
 -1.05033992e-06  3.40834182e-06 -4.46744714e-06 -2.49563296e-06
  1.56164179e-06 -1.07531543e-06 -1.34933209e-06 -2.75068424e-06
 -1.92481057e-06  1.20946835e-06  1.75778944e-06 -8.86331341e-07
 -5.60587465e-07 -3.09077398e-06  1.32969378e-06 -2.59884368e-06
  2.27359183e-07 -1.99687156e-06 -4.42763411e-07 -3.63794064e-07
  2.23479123e-06 -6.05873497e-07  1.53903424e-06 -1.39483532e-06
 -1.58212305e-06  3.92948610e-06  6.58348081e-07 -2.66693764e-07
 -1.20992702e-06  4.26591740e-06 -2.71476703e-06 -7.60087938e-07
 -2.42881138e-06 -6.29251664e-06 -1.98535678e-06  9.01014183e-07
  2.09234003e-06 -3.21117541e-06 -7.55905846e-07 -2.27049224e-06
 -6.07023360e-07  1.62545799e-06 -5.28632498e-07 -2.92912352e-06
  1.51175787e-06  2.77630845e-06 -3.09383857e-06 -3.20333246e-06]","[-163.29387277 -164.11274855 -163.22793906 -161.86317336 -163.40621209
 -162.45539339 -161.98002226 -163.17826328 -164.36589953 -162.91531504
 -162.62652283 -162.38530908 -163.12975458 -163.30089001 -162.87105041
 -162.57655858 -162.99655134 -163.4687759  -163.48002808 -163.59260727
 -161.69555886 -163.39482834 -163.43070048 -162.63394861 -163.31058967
 -162.2669032  -163.44855429 -163.09393321 -162.43470381 -162.92511005
 -162.39342262 -162.59380186 -162.15615347 -163.78228053 -163.26673476
 -162.99584817 -162.06692991 -162.72679814 -163.22273855 -163.18436182
 -163.00654592 -162.55591588 -163.21581234 -161.49182654 -162.26277585
 -161.97973689 -163.17614613 -162.29182499 -162.65880055 -163.54592957
 -162.42102317 -162.23788068 -163.25672486 -162.92989457 -163.06841712
 -162.89588247 -163.50016778 -161.9874852  -163.14430552 -162.97491973
 -163.45165899 -162.21037786 -163.6016475  -162.88332268 -162.73255885
 -162.53143848 -163.05616655 -162.74690425 -162.5668347  -162.92328471
 -162.48987953 -161.81454653 -162.23336657 -162.67391888 -163.28110725
 -162.88348562 -162.63419571 -163.24727832 -162.17734345 -162.97935428
 -162.22859254 -164.23459965 -163.82971131 -162.7661682  -161.69830997
 -163.57884934 -163.35032399 -162.46570906 -163.20313844 -161.81403142
 -163.73888734 -161.67685175 -162.61621128 -163.16526612 -163.26367721
 -162.97881692 -162.9961166  -163.07322084 -162.87690187 -162.03153117]",0.6659999999999999
46,1.2628592200234947,"[-3.21628779e-06 -5.92782467e-06 -4.77965479e-07 -2.15241708e-06
 -9.94087561e-07  1.99231868e-06 -2.03029763e-06 -2.33259601e-06
  5.05816717e-07  3.17525749e-06 -1.72198840e-06 -1.74889991e-07
 -7.81255478e-07 -2.98596780e-07  9.84814955e-07  1.51109206e-06
 -1.01592724e-07 -2.62740288e-06  3.17156436e-06  1.28431887e-06
  8.02368429e-07 -1.76421814e-06  1.71867669e-06  8.95300241e-07
  6.33835080e-06  4.09016514e-07  1.50366510e-06 -2.79757522e-06
  6.00527530e-08 -2.46023694e-06  2.21838884e-06  2.60339410e-06
  3.49908975e-06 -1.03264994e-06 -3.81617441e-06  2.67041197e-06
 -3.38053920e-07  4.02557651e-07 -1.06324785e-06  3.86521227e-06
  7.20905175e-07  4.00632664e-06  1.80938710e-06 -4.99264042e-06
  1.92866792e-06 -1.32148666e-06  1.33677437e-06  2.84518942e-07
  6.72649891e-07 -3.44780192e-06 -2.81561364e-06  1.78011101e-06
  3.31459319e-06 -1.58928644e-06 -2.55040974e-06 -2.31746467e-06
  1.79380117e-06  3.94416546e-06  4.03769077e-06  3.64837301e-06
 -4.06730568e-06  5.12967084e-07 -3.05352321e-06 -5.98534390e-07
  3.67749307e-06  2.49709176e-06  2.31991097e-06  5.46187202e-07
 -3.05249977e-06  2.25083207e-06  1.94943672e-06  1.69871709e-06
 -3.03948469e-06 -5.44983796e-07 -2.98543602e-06  2.15767698e-06
 -9.28459268e-07  2.06997303e-06 -2.75189081e-07  5.98289571e-07
  2.06441698e-06 -7.25072608e-07 -6.82490833e-07  3.24037411e-06
 -3.80083372e-06  6.19708681e-07 -4.32805073e-06  4.63978299e-06
  3.09365798e-06 -6.73412737e-07  3.08382943e-06  2.06237418e-06
 -5.25599618e-07  5.32377123e-06  1.02029228e-06 -2.75715631e-06
  3.44186107e-06  8.14951880e-07 -1.15758008e-06  2.65097917e-06]","[-163.39891323 -163.13181181 -163.00402148 -163.50505991 -162.67349535
 -162.88980001 -162.53798348 -162.98273018 -161.55438055 -162.66754166
 -161.19027617 -162.78074912 -162.10782966 -161.88925074 -162.49987784
 -162.40907825 -163.37295587 -162.52898851 -163.29915236 -164.20449641
 -162.06126761 -162.42425513 -164.46379246 -161.54333512 -163.10211388
 -163.32473329 -162.6870904  -162.77236074 -161.64917207 -161.91504452
 -161.98488112 -163.37013676 -163.30906558 -162.29573439 -161.99826181
 -162.40022002 -162.32226949 -162.3984948  -161.95159563 -161.69130844
 -162.47441856 -161.8864127  -161.88206025 -161.75796614 -161.7529508
 -162.36622238 -161.70817427 -163.01261413 -162.19159448 -162.89572645
 -161.95158369 -163.21467276 -161.9302294  -162.81422633 -162.12861708
 -162.28631807 -163.08244993 -163.55005767 -162.92999791 -162.58996185
 -161.99968098 -162.18864302 -163.0201612  -163.13554106 -162.72988603
 -163.34940821 -163.00461369 -162.81999963 -163.06880841 -162.44508544
 -162.80936019 -162.74072992 -163.24723834 -162.75242243 -162.30403454
 -162.65260406 -161.60198816 -162.7247017  -162.59991021 -162.46462143
 -162.91179848 -161.64080382 -161.71485877 -162.89913169 -162.61993302
 -161.70377135 -163.31177026 -162.35540497 -163.09841943 -163.44776428
 -162.07290523 -162.79642883 -163.00306882 -162.7044709  -161.18998145
 -163.18884561 -162.69861378 -162.99982962 -163.19616372 -163.51295917]",0.721
47,1.2337342959862356,"[ 2.14689916e-06  6.20513702e-06  3.18638309e-06 -2.18910771e-06
 -1.25209020e-06 -1.28953332e-06  2.47195248e-06  6.77688202e-07
 -7.76164559e-08 -9.69603667e-07  1.58364049e-06  4.49767802e-06
 -1.96452673e-06 -7.40149241e-07 -1.11870259e-06 -4.34961964e-06
  2.08978591e-06 -4.46785932e-06  0.00000000e+00  2.75579390e-06
 -3.29324449e-06 -2.58460606e-06 -7.86206413e-07  1.76682438e-06
  1.69198815e-06  1.72173634e-06 -2.32987434e-06 -2.51002638e-06
  1.52452210e-06 -1.87861842e-08  3.13651096e-06  5.57986443e-06
  4.31415776e-06  3.05216470e-07  5.95884399e-07 -1.40851048e-06
  1.88082438e-06 -5.54608035e-06  4.35191572e-06 -4.27766171e-08
 -4.93686338e-07  5.36843228e-06  2.46995851e-06 -3.21741799e-06
 -4.70514037e-06 -2.30925242e-06  4.93573689e-07 -5.90527545e-07
 -5.63454259e-07  9.34758099e-08 -8.89282954e-07 -2.66183247e-06
  4.37880929e-06 -8.02782080e-07  2.75103971e-06  4.12333836e-06
  3.57711219e-07 -4.17381077e-06 -6.05321475e-07  2.97496095e-06
  2.07111817e-06  2.52866021e-06 -1.10260447e-06 -1.55083974e-06
 -3.81368630e-06 -9.77369146e-07 -1.85700738e-07  2.51416332e-06
  2.00158008e-06  1.97154692e-06  5.23582945e-07 -2.88169820e-06
 -1.98858376e-06 -4.42308713e-07 -4.83973277e-06  3.50310818e-06
 -6.05634299e-07 -4.93359232e-07 -7.75707901e-07  4.50685107e-08
 -5.70677883e-06  1.50272419e-06  2.33118985e-06  1.44139306e-07
  7.28552565e-08 -5.09092526e-06 -4.18297013e-07  1.57515942e-06
 -7.32659406e-07 -1.00228799e-06 -1.43803710e-06 -2.08259820e-07
  6.67123895e-07  2.26397753e-07  7.25085247e-07  3.31253080e-07
  5.16682278e-06 -1.96073688e-06 -3.34378472e-06  7.47015638e-07]","[-163.00243635 -162.96075356 -162.65077887 -161.30765135 -161.74271899
 -162.15186759 -162.25922727 -162.40680898 -163.50520966 -162.68472059
 -163.10429626 -161.71911348 -162.75637394 -162.16296335 -161.53855217
 -162.68182448 -162.78773954 -163.24158614 -161.19027617 -162.69206247
 -162.6386435  -162.63648039 -161.35947197 -162.51577624 -161.30446908
 -162.63030324 -162.43881452 -162.22397306 -162.25641726 -161.68903124
 -161.86664105 -162.36721243 -162.74537789 -162.16637938 -162.01487442
 -162.66266199 -162.63117048 -162.75364519 -163.0976752  -162.39797289
 -162.5285757  -163.73783332 -162.64130354 -161.72310386 -162.04245191
 -162.7040449  -162.929398   -161.89946814 -162.15032207 -162.54418345
 -163.86233676 -163.87469144 -161.17872009 -161.71042023 -163.24540967
 -163.74972244 -162.03960541 -160.7637127  -161.93349854 -163.32269204
 -162.32944869 -162.33282612 -162.99158485 -161.84571708 -162.33161485
 -162.81714216 -162.23983847 -162.67411738 -161.65367314 -162.31350473
 -162.10828056 -161.46363512 -161.69494062 -163.28464544 -162.45760421
 -161.90069537 -162.01225628 -161.79384827 -162.20839119 -162.29955873
 -161.41329606 -160.84764122 -162.76389351 -162.47216275 -161.29491263
 -162.28840394 -161.76098933 -161.31179259 -161.75714754 -162.03878274
 -162.15455173 -163.2343501  -162.0459992  -162.52002451 -162.82765464
 -162.38611725 -162.18556177 -162.25072415 -163.29437671 -161.26113834]",0.6739999999999999
48,1.208666191549567,"[ 1.18234593e-06  2.47364988e-06 -1.24927472e-06  1.04219588e-06
 -1.23873125e-06 -9.05018176e-07  6.65887512e-07 -2.02659483e-06
 -3.43641751e-06  1.09998549e-06  1.55390380e-06 -8.52606034e-07
 -1.41317980e-06  1.85002353e-06 -9.82514384e-08  5.04184449e-07
  6.14320896e-08  3.54205482e-06 -3.29893512e-06 -2.37721794e-06
 -3.18835773e-06 -1.39451632e-06 -1.78318220e-07  2.00131584e-07
 -5.21289469e-06  4.94844281e-06 -4.04074137e-06 -3.84855324e-06
  7.02344396e-07  2.00275188e-06 -2.57729147e-06 -4.24273274e-07
  7.64388012e-07 -2.64465083e-06 -1.65302396e-06 -1.14848453e-07
 -1.94372923e-06  3.26358618e-07  4.22645708e-06  5.29819737e-07
 -1.60052162e-06  1.43858738e-06  6.28534063e-06 -2.37347854e-06
 -4.61817918e-07 -1.66876886e-06 -3.78259842e-06 -4.05475060e-07
  5.36484491e-07  2.11386443e-06 -2.21513616e-06  2.43564387e-06
  1.27168762e-06 -1.72155822e-06 -2.21042650e-06  5.17203026e-06
 -3.84302445e-06 -4.48760723e-06 -2.39730289e-07 -5.70583634e-06
  4.97945252e-06 -9.66673521e-07  9.31890700e-07 -3.39347167e-06
  4.08650713e-07  2.66457954e-06 -2.32807188e-06 -4.62402634e-07
 -1.33289661e-06 -1.08653909e-06  3.72090871e-06 -1.19003743e-06
 -3.36039746e-06  8.86458371e-07 -2.06151535e-06 -1.10126265e-06
 -7.29963578e-06 -2.79140475e-07 -3.70391663e-08 -6.65019491e-07
  4.37030351e-06 -1.60898140e-06  2.22277901e-06 -1.62674257e-06
  4.15720470e-07  1.09057968e-06 -7.97040777e-07 -6.66526605e-06
  1.79017713e-06 -4.23938487e-07 -8.83106544e-07  2.02841867e-07
 -1.98881771e-06 -7.50254809e-07 -1.69230026e-06  1.29338595e-06
  3.48212734e-06  4.01687502e-06 -3.69790840e-06  8.98254815e-07]","[-162.30577086 -161.81357618 -162.96465801 -162.14724685 -162.43333814
 -162.07629626 -162.54521537 -161.53666231 -162.69118509 -162.35466223
 -162.85946494 -162.0761857  -161.82527457 -163.24460157 -161.90032453
 -161.51903277 -163.66887271 -162.27609505 -162.4106121  -162.89244499
 -162.25719177 -162.05104249 -163.82605463 -160.80806318 -162.18814071
 -161.24962892 -161.15895916 -163.04751723 -162.6710802  -162.32175727
 -162.42004639 -162.34282713 -161.59334896 -162.75341408 -161.28031262
 -162.04779233 -162.46358948 -162.31946744 -162.48110044 -161.65820309
 -162.4982477  -161.86602774 -162.60016262 -161.8692639  -162.25596988
 -160.75662755 -161.6759793  -161.66473135 -161.95576761 -161.64442324
 -161.31240425 -162.77723598 -162.73107235 -161.74346394 -161.43716651
 -162.1622598  -162.61648731 -162.54849146 -161.82756222 -161.38107978
 -162.56242196 -161.54604742 -162.7822485  -161.20064399 -161.86336593
 -161.3033698  -161.72312679 -161.42938172 -162.66696207 -161.93451773
 -161.77487798 -163.04488763 -162.78181813 -161.8936639  -162.70610757
 -161.89761508 -161.76053797 -162.91315835 -162.88201366 -161.79425593
 -162.37976187 -161.09703056 -161.804486   -162.38506879 -163.39941557
 -162.05420701 -161.8074858  -162.29727912 -162.13768055 -160.7677856
 -162.61500363 -163.05003626 -161.46340962 -161.74483461 -162.78616882
 -161.56114663 -162.04605758 -161.80381521 -162.99639617 -162.00781746]",0.69
49,1.1817338800405226,"[ 5.04748450e-06 -1.20745838e-06  4.08354796e-07  5.23303908e-07
  1.05206665e-06  1.83430273e-06  1.94717516e-06 -1.95625055e-06
  5.26186853e-06  1.73941810e-06  2.14457517e-06  2.49984062e-06
 -2.16710803e-07  1.01816252e-06 -1.65720581e-08  4.69094403e-06
 -2.53378535e-06 -8.12654973e-07  7.40006663e-07 -5.34926536e-06
 -7.64733611e-08 -1.91588574e-06  3.16730517e-06 -5.74344133e-07
  4.11474559e-07 -3.05880084e-06  4.80343875e-06 -1.29046759e-06
  1.58482333e-06 -4.17529595e-06  1.50828485e-06 -2.13274681e-06
  8.67934664e-07  2.67990228e-06 -1.76409884e-06 -2.25123904e-06
 -1.77722896e-06 -3.54387303e-06 -5.35723670e-07  2.26170740e-06
  1.23194348e-06 -2.90115913e-06  1.57478133e-06 -2.06423787e-06
  1.53562448e-06  3.44065612e-06 -5.44233234e-06  6.42318287e-07
  6.96116092e-07  2.81688157e-06  2.98408930e-06 -2.07560353e-07
  1.44485507e-06  1.60654332e-06 -1.36213905e-06  3.21935097e-06
  1.17713244e-06 -2.26512570e-06  1.51607802e-06 -8.37797623e-08
 -3.85168644e-06 -1.44676849e-06  4.68329516e-07 -1.56207169e-06
 -8.23334929e-07  1.26930988e-07  1.74971637e-06  2.66163692e-06
  9.59394188e-07 -1.39028371e-07  9.19170408e-07  2.05651529e-06
  4.25230383e-06  5.37929940e-07 -4.09691733e-06 -3.05087806e-06
  1.69152498e-06 -9.23981797e-07  2.51880146e-06  6.08434456e-07
 -6.68979040e-07  2.25958806e-06  8.62266694e-07  1.72632417e-07
  2.06354624e-07 -1.75506673e-06  1.63763397e-06  2.06827503e-06
 -1.91198356e-06  3.94834548e-07 -1.96476222e-06  1.44950451e-06
 -5.30091246e-06 -1.01190205e-06 -4.05388189e-06  7.98575191e-07
 -4.42839113e-07  3.52875909e-06 -9.67716561e-07 -3.74601247e-07]","[-161.91731338 -161.30694256 -161.56764462 -162.70103274 -162.58458989
 -162.10734773 -161.71669563 -162.07399638 -161.6314922  -161.92640439
 -162.24362188 -160.82922701 -161.41104815 -162.42532059 -160.498855
 -162.13048728 -162.38585456 -161.81824172 -161.20457164 -161.24093694
 -162.3111074  -162.14973223 -161.51675523 -161.55455109 -162.28994971
 -162.36167955 -161.62581202 -161.62551052 -161.4231035  -161.51622947
 -161.25919761 -162.29834372 -162.56102906 -161.49671604 -162.64368777
 -162.55333692 -161.4425076  -161.20690888 -160.57677602 -161.91489644
 -162.3664148  -162.8478847  -160.2242951  -161.48545689 -161.82108468
 -161.22046348 -162.19473704 -162.03579455 -161.9533924  -162.72797569
 -161.91111161 -161.42634096 -160.40680042 -161.63792511 -161.22100859
 -162.00918587 -160.72779838 -160.08093284 -161.99658921 -162.06356575
 -162.14787571 -161.00679684 -161.68393642 -160.93307773 -161.93487564
 -163.03570625 -161.21464296 -161.48267256 -162.20300763 -161.60596701
 -162.29752385 -161.31278734 -162.21012782 -162.07227967 -161.80880302
 -162.72984189 -160.32944851 -162.12090054 -162.4618742  -161.76906036
 -162.69300717 -161.11419584 -161.557979   -161.09715839 -161.36882026
 -160.58833122 -162.60250927 -162.41619559 -162.14472267 -161.99470279
 -161.09087238 -161.97214154 -162.6478477  -162.12293628 -161.71364834
 -160.64431626 -162.06473815 -161.52782042 -162.23212844 -162.797868  ]",0.6809999999999999
50,1.1633227325342403,"[-6.38532072e-07  3.81651466e-06  3.07644240e-07  7.71038873e-07
 -1.35798701e-06 -3.49481907e-06  1.00243118e-06 -1.34471500e-06
 -4.27870052e-06  9.66619478e-07  8.26777546e-07 -1.62642092e-07
  2.17056561e-06 -3.13200918e-06  6.26949305e-06 -3.59742177e-06
 -2.77208008e-06  1.23645393e-06  2.26531338e-06 -2.92428633e-07
  5.35463383e-06  9.88331914e-07 -2.68980512e-06  2.85683936e-06
 -7.48927539e-07 -5.96449078e-08 -1.50977425e-06 -2.51976161e-06
  2.55249237e-07  4.46717491e-06  5.93199069e-07  2.20227884e-07
 -4.46577508e-06  1.67333065e-06  3.69864914e-07 -9.72164991e-08
  1.23415882e-07 -2.08762588e-06 -1.19679802e-06  3.10787339e-07
 -5.45743483e-06  1.05228141e-06  3.88471846e-06 -9.78764977e-07
 -4.29196370e-06  1.13968707e-06  5.11974102e-07  4.91533150e-06
  6.68490890e-07 -1.23117393e-06 -9.33145441e-07 -2.57855632e-06
 -3.98983506e-06  6.96100689e-07 -1.20780328e-07 -2.40500108e-06
 -6.27102585e-07  3.60127795e-06 -3.99204540e-06 -2.37735695e-06
  2.56491795e-06 -7.66491838e-06  3.89683899e-06 -1.77754544e-07
  1.43176770e-06  6.52392037e-08 -1.98252067e-06  4.36809755e-06
 -9.63017659e-07  4.33212139e-06 -7.10433188e-07  1.51106465e-06
 -1.96890007e-06  6.51937977e-07  3.40880012e-06 -5.03972031e-06
  2.25629290e-06 -1.97471695e-06 -4.27989509e-06  2.55955539e-06
  2.50465348e-07 -2.33168117e-06  5.05792931e-07 -3.94410655e-06
  6.09220461e-07 -1.38842964e-06 -1.69111339e-06 -3.14883954e-06
  3.03735579e-06  3.10119862e-06  2.86138355e-06  4.75131835e-06
  6.63740325e-07 -4.92090415e-06  2.06267575e-06 -2.38767966e-06
 -5.26151452e-07  9.88425061e-07  4.23980034e-06  5.68314462e-07]","[-162.11996095 -161.57105804 -164.19201389 -161.5450379  -161.2023124
 -161.25317599 -161.7247473  -161.808173   -161.00912845 -163.12858181
 -161.28395877 -161.37028496 -163.15172267 -162.01118842 -161.7882053
 -161.08165572 -161.04190557 -161.36306753 -161.75346754 -162.03638
 -161.83428429 -162.35868089 -161.00172054 -161.29616363 -161.97761167
 -162.18601422 -162.18957518 -161.82657705 -160.77460557 -162.19572615
 -161.03574909 -162.2806703  -162.23478153 -161.15358862 -161.20149442
 -161.17641611 -161.21969343 -161.70129579 -162.09929727 -161.97556173
 -161.13461646 -160.78935632 -161.80533547 -162.11721722 -162.05974069
 -163.20856114 -161.71457724 -162.0548351  -161.96974723 -161.63784975
 -162.47380089 -162.08077054 -162.00481241 -161.15639219 -160.7003061
 -162.2087342  -159.86405    -161.38102765 -161.79303493 -162.27227631
 -161.44839886 -160.80064114 -162.54146008 -162.29601568 -160.51254863
 -161.61606656 -163.36510206 -162.34586014 -162.26168062 -160.74486621
 -160.97731751 -161.56894776 -162.24813877 -161.42497464 -160.71645073
 -162.99285445 -160.97021085 -161.2755614  -162.53538402 -161.01400631
 -161.61058693 -161.34676155 -161.69430071 -161.07712073 -161.53515892
 -163.7476818  -160.15743768 -162.01185221 -161.0309184  -161.64862578
 -161.61607594 -161.34428097 -161.15871164 -162.04100847 -160.84387841
 -161.81039842 -161.14218406 -161.24913297 -161.68459615 -161.27425376]",0.65
51,1.139538618871215,"[ 2.15181283e-06  1.49792882e-06 -2.77602187e-06  6.89484717e-07
 -4.66282961e-07  1.68653836e-06 -1.00451839e-06  4.18454871e-06
  2.64286530e-06 -2.32651455e-07  7.92982124e-08 -3.00282219e-07
 -9.94485582e-07 -2.10436115e-06 -3.06301166e-06 -1.16289247e-06
  1.12041429e-07 -2.49169515e-06  3.19889372e-06  9.39408560e-07
 -6.33514863e-07 -1.59156308e-06 -9.51893646e-07  7.97814548e-07
  6.68079412e-07 -7.06333888e-07 -3.09605844e-06  3.88270045e-06
  1.65970618e-06  1.85207081e-06 -1.58051695e-06 -2.37805548e-06
 -5.96022361e-06  3.00298579e-07  4.15182614e-06  5.41105295e-06
 -3.89012875e-07  1.69942853e-06  1.58507692e-06 -7.38886521e-06
  5.38556350e-06  1.58594138e-07  3.88891495e-07  3.37413363e-06
  3.52426274e-06  2.84283449e-06 -2.16872852e-06  1.20846918e-06
 -7.26124631e-07 -1.25484158e-06 -4.30146788e-07  4.93256721e-06
 -1.08327806e-06  8.45214013e-07 -3.59702243e-06 -3.52179229e-07
 -4.39387554e-06  1.98528489e-06  1.56217917e-07 -5.72344160e-06
 -1.34935746e-06  7.99936960e-07 -1.20597781e-06 -1.38125151e-06
 -3.46092258e-06  2.94499439e-07 -7.49213221e-08 -1.65967165e-06
  8.93084632e-07  1.14235988e-06  5.70552138e-07 -5.03522744e-06
 -9.73702964e-07 -1.14197103e-06 -1.40526671e-06 -3.60062867e-06
  7.55488478e-07 -1.86844327e-06 -3.65799171e-06 -1.52634942e-06
 -3.50111025e-06 -4.87063309e-06 -2.93003804e-06 -2.12414879e-06
 -1.60639740e-06 -2.69079866e-06 -2.55206307e-07 -2.15379337e-06
  1.05058098e-06 -5.07349658e-06 -3.26333885e-07  3.91999408e-06
 -4.06793895e-06  1.21218381e-07  3.38453394e-06 -2.08671590e-06
  9.53387521e-07  3.20692629e-07  8.30595533e-07 -1.10595600e-06]","[-162.47968071 -162.28673021 -161.26677645 -161.80112609 -161.40826668
 -162.2418973  -160.99757296 -162.42639958 -161.26670688 -161.45922502
 -161.46044001 -162.31608653 -161.83480711 -160.52565806 -160.00205492
 -161.48123246 -162.08550683 -161.30779924 -161.66675183 -161.27063346
 -162.4215019  -162.00526065 -161.35253919 -160.79094417 -160.97119917
 -160.67962756 -160.99751886 -162.21997617 -161.762309   -161.76294364
 -161.65043556 -162.7251804  -161.63249408 -162.6818226  -161.03405697
 -161.2295712  -160.97463853 -161.01888795 -161.62723019 -161.25530122
 -160.45768126 -162.22614064 -161.75947888 -162.28615373 -160.29783987
 -160.91157601 -161.2925135  -161.58327718 -161.84987772 -161.66536991
 -161.80711139 -160.23152451 -161.41182615 -160.72513654 -161.67890764
 -161.63749915 -160.50155273 -161.33358795 -161.10423136 -160.98009897
 -161.45411305 -160.77685389 -160.82383912 -161.6568645  -160.36176723
 -163.314379   -161.41416823 -161.53283363 -162.14274384 -161.27594962
 -160.79910074 -161.69914543 -161.78843234 -161.55435889 -161.11704789
 -161.44941228 -162.45030821 -162.88463188 -160.92211888 -162.6833968
 -160.75967925 -161.77769077 -162.65359056 -162.2017377  -161.91517514
 -161.85325551 -160.75491517 -160.02792588 -161.1228109  -161.99270201
 -161.00146826 -161.28709553 -162.45605414 -161.47462289 -161.46732379
 -162.60207797 -161.17600703 -161.20209541 -162.1133379  -161.33377141]",0.6470000000000001
52,1.1186751774322563,"[ 1.82371731e-06 -3.23210375e-06 -3.38439291e-06 -3.66810083e-06
 -6.50273598e-07 -3.34298064e-06 -3.70520079e-07 -5.34053827e-06
  1.09488097e-06  1.61973388e-06 -5.80311476e-07  2.38350855e-06
 -1.37100531e-06 -1.72223391e-06  1.92855332e-06  2.95061721e-06
 -4.93571816e-06 -5.53609321e-06 -1.83473183e-06  8.31675749e-07
 -1.63846235e-06  1.47403725e-06  1.70936843e-06  8.33694506e-08
 -2.13761081e-06 -3.00022195e-06 -1.80282328e-06  2.85571907e-06
  4.16177771e-06  2.43494375e-06  8.18606192e-07  1.52608898e-06
 -8.81105716e-07  8.49975495e-07 -3.69263558e-06 -9.08476428e-07
 -1.75897616e-06 -2.90708843e-07 -4.93453087e-06 -3.05896876e-06
 -2.31482629e-06 -2.56645512e-06  1.96462182e-06 -4.73920442e-06
  1.52976285e-06 -1.90855783e-06 -1.55867352e-06  1.57283505e-06
 -2.78331959e-06  3.65674918e-06  5.36042399e-07 -2.00558948e-06
 -1.81849534e-06 -7.77159262e-07  1.83610463e-06  3.21257643e-06
 -3.47244447e-06  1.52486547e-06  1.43989589e-06  6.03619339e-07
 -2.99189335e-06 -1.52823219e-06 -9.20940311e-07 -9.94884830e-07
 -3.16819269e-06 -4.08908638e-07  9.95634539e-07  6.03782717e-07
 -1.25119964e-06  3.87654580e-06 -1.31934784e-06  3.37518996e-06
  1.22207412e-06 -1.59550705e-06 -1.49616194e-06 -1.42038641e-06
 -4.51017177e-06  2.71661036e-07  3.77587326e-07  3.70024715e-07
 -3.36312883e-06 -3.38446772e-08 -8.05762758e-07 -4.73719651e-07
 -4.83408107e-06  1.10522239e-06 -7.33592995e-07  2.05780669e-06
 -5.37751836e-06 -5.89129615e-06 -6.70185656e-06  1.92526526e-06
  5.65483417e-07  1.98726875e-06  2.07746362e-07 -3.33692714e-07
 -3.03123937e-06 -3.75957588e-07  4.43928105e-06 -1.86717268e-06]","[-160.5946655  -159.74447108 -160.49686966 -161.77324779 -160.52339421
 -160.78884523 -160.55104211 -161.28560671 -160.18779838 -161.0105383
 -162.16071102 -161.5962068  -162.75657869 -161.98863418 -160.68417194
 -162.46871841 -161.77510538 -161.13413513 -160.78815845 -161.45160419
 -160.81716445 -160.40594678 -160.10848749 -161.68288697 -161.33092501
 -160.80928825 -162.01224829 -161.83347494 -162.54650796 -161.66706706
 -161.82127869 -161.67267997 -162.15949149 -160.71611262 -160.93866024
 -161.2796097  -161.47546686 -162.01868979 -161.53787775 -161.51026994
 -161.02942585 -161.77283138 -161.38898092 -161.98264052 -160.99446514
 -160.4640424  -161.52430248 -161.3693386  -160.85141747 -161.0788583
 -161.00932689 -160.59999201 -161.44805602 -161.23729918 -160.8059779
 -160.68032165 -161.60310828 -161.56288766 -161.87402606 -160.39534257
 -160.33219517 -161.79211679 -161.42393382 -160.5898802  -160.42009006
 -159.72994638 -160.85769729 -159.92303785 -161.07823658 -161.73646902
 -161.04933152 -160.49636162 -161.78862483 -161.26786294 -160.98320342
 -161.56034432 -161.07353659 -160.80619514 -161.09063795 -161.75629684
 -160.69366849 -162.15415088 -161.19930193 -161.2365897  -160.6001288
 -160.1295587  -160.93877047 -161.27344995 -161.20381444 -160.79827654
 -160.75473465 -161.72599528 -161.52008437 -162.15008136 -161.15719976
 -160.98264239 -161.29308546 -161.70468485 -161.62300429 -162.84343602]",0.612
53,1.0947967745247609,"[-3.01726984e-07  4.16138277e-06 -3.78838212e-07  1.36299327e-06
  3.30143650e-07  6.29907771e-07  5.56793393e-06  3.87073832e-07
 -9.45732292e-08 -9.12123582e-07 -3.95938802e-06 -2.18740530e-06
 -3.01466493e-06  3.27669714e-06 -1.08624157e-06  4.80066645e-07
 -3.02536838e-07  2.08147138e-06  2.89210478e-07  6.10741880e-07
 -2.56773584e-06 -3.51231902e-06  1.93274809e-06  8.38742235e-07
 -5.85668653e-07  2.16308011e-06  2.89302437e-06  9.00626624e-07
 -1.53285519e-06 -6.69138713e-06  2.73747389e-06  3.49066072e-06
 -1.78540282e-07 -1.69865134e-07  1.25927761e-06  3.95704265e-06
 -1.02964561e-07  4.22878893e-06  4.24585408e-06  4.34823647e-07
 -3.30145676e-06  3.17430055e-06  1.61466976e-06 -2.96497648e-07
 -1.53877713e-06 -4.34268833e-06  2.45785105e-07 -3.06684615e-06
 -4.48681000e-07  2.14875668e-06 -3.64367631e-06  1.29201976e-06
  1.52070446e-07 -1.94014033e-06 -7.54935990e-07 -5.65814508e-07
  4.93034187e-07 -1.80976610e-06  1.02733586e-06  2.73439505e-06
  1.22400460e-06 -3.33468686e-06 -1.88565660e-06 -1.54995499e-06
 -5.62707354e-06  2.77875282e-06 -2.46443046e-06 -1.75679957e-06
  1.60184518e-06 -1.89284767e-06  2.94725120e-06 -1.90603178e-06
  5.45602298e-08 -3.65784073e-06  1.35497277e-06 -3.91709830e-06
 -2.51215768e-06  5.10987878e-06  1.72208354e-06 -3.62579284e-06
 -2.51511726e-06  5.88146644e-08  1.04511821e-06  4.64592974e-06
 -2.69550086e-06 -1.68367043e-06  2.05789522e-06 -1.15313515e-06
 -1.39244008e-06  7.10107380e-06  4.66649353e-07 -9.91472209e-07
 -3.09066350e-06  5.29470979e-06 -8.41375159e-06 -2.36517827e-06
  1.64627188e-06 -1.20530701e-06 -9.76211614e-07 -1.01461982e-06]","[-160.53409481 -160.69903471 -160.61113621 -160.56735806 -160.95525946
 -160.9464371  -162.38799079 -161.91896862 -160.64453506 -160.98613137
 -162.12218827 -160.62127673 -160.6642214  -161.66333132 -160.9148863
 -159.95467522 -160.64065843 -160.79464948 -161.33664599 -161.63747388
 -160.53812926 -161.36712002 -161.63087999 -161.05110781 -161.25212896
 -162.01049403 -159.50639107 -160.49251512 -161.21372654 -160.05372067
 -161.21017265 -161.2237803  -161.78833029 -161.37965258 -160.70391372
 -161.32101339 -159.31540544 -162.48408105 -161.16647399 -161.68189408
 -160.09791539 -161.09294624 -160.72638186 -161.07840352 -159.59641366
 -161.57065541 -161.80078791 -160.72227448 -159.65158807 -160.18006958
 -162.17525322 -160.76920619 -161.79718971 -160.27582526 -161.72032792
 -160.61795689 -161.1826473  -161.0901658  -160.81731561 -160.91702821
 -160.86080808 -160.32229106 -162.03281059 -161.34777913 -161.53744194
 -161.14483545 -162.28064432 -161.20166998 -160.46818791 -161.54067839
 -161.18720231 -160.22803977 -160.472505   -161.12609884 -160.18191198
 -161.65910243 -160.55426802 -161.65986406 -161.27503551 -161.37505948
 -160.86262644 -160.35436575 -160.21852526 -160.86516014 -161.33725136
 -160.33276204 -161.0525157  -161.1329243  -162.97897194 -161.39268972
 -161.36428345 -161.28421636 -161.33625583 -159.65795    -161.02744225
 -161.04265024 -160.71161664 -161.18668787 -160.55922416 -160.3090313 ]",0.649
54,1.073054822569526,"[ 3.28861388e-06 -4.91663210e-07  9.47229234e-07 -6.73986494e-07
 -1.66447572e-06 -2.77693806e-07 -6.03753428e-06 -2.09021540e-06
  1.74050775e-06 -2.36141800e-06  2.00264035e-06  1.09969552e-06
 -1.17127055e-06  8.76628757e-07 -6.12597688e-07  1.66349879e-06
 -5.19639583e-06 -4.00905179e-07  1.54410788e-06 -1.33973143e-06
  3.98667359e-06 -1.10772060e-06  1.31594348e-07  2.96339844e-06
  9.32850028e-07 -1.58744088e-06  1.22513081e-06  2.59153826e-06
  0.00000000e+00 -1.44279664e-06  1.33769680e-06  1.20826253e-06
  4.93575372e-06 -9.00795022e-07  4.77794154e-07  1.49288834e-06
 -1.72533028e-06 -2.65108612e-06 -1.12202133e-06  7.97886388e-07
 -7.52062276e-07 -8.54961500e-07  2.82588045e-07  7.90389332e-07
 -4.35354330e-06 -6.26804952e-07  3.33591969e-07 -2.52806698e-06
 -3.03357519e-06 -9.27943922e-08 -4.87318100e-06 -2.23743926e-06
 -1.63267481e-06  9.42672408e-07 -5.42679456e-06 -1.62715501e-06
  2.64959509e-06 -2.72984787e-06  4.12841228e-07  2.35636310e-08
  9.60806900e-07 -6.71712375e-07 -5.00396240e-06  1.81830310e-06
 -5.00603602e-06  1.35108286e-06 -3.69852258e-06 -1.12404366e-06
 -6.40434195e-06 -3.25146660e-06  0.00000000e+00 -1.60409923e-06
 -9.15306883e-07  2.04840246e-07 -2.81985638e-06 -6.91238471e-07
  7.12765905e-07 -2.56858982e-07 -3.69272700e-07 -2.17517023e-06
  4.75301415e-07  1.82815443e-06 -3.88999584e-06  7.25740335e-07
  2.07000181e-06 -5.30265828e-06 -6.17270984e-07  4.31718442e-07
 -3.17614500e-06 -9.32735413e-07  0.00000000e+00 -1.95648694e-06
 -1.13745161e-06  1.35823675e-06  1.36803117e-06  1.22198602e-06
  3.94561569e-06  2.63992202e-06 -3.73830247e-07 -5.26020151e-06]","[-162.1788411  -161.50933863 -161.13331977 -161.32501565 -161.35610999
 -160.75109814 -161.42187443 -159.8770149  -159.82520905 -162.76522294
 -161.44314499 -161.92580658 -159.85343611 -160.66545518 -159.85722324
 -160.70595685 -160.2496617  -161.13636434 -160.70224926 -161.82427848
 -161.03772128 -161.58745135 -158.62778482 -161.19803361 -162.19189967
 -160.9028128  -160.95145144 -160.36086608 -159.59641366 -160.86322411
 -161.5143386  -159.69568403 -160.79160067 -159.29660984 -160.92609438
 -161.1991922  -161.83405215 -160.48211809 -159.97428282 -161.80590183
 -160.50877128 -160.83050301 -160.67705655 -161.37387457 -161.83457777
 -160.21558533 -160.25931904 -159.69473537 -161.95728295 -160.55454277
 -161.27397513 -162.18063014 -161.46125825 -162.50495221 -161.30073618
 -160.39192375 -161.34948028 -161.97895079 -160.02869023 -159.85691786
 -160.39301886 -160.27437593 -162.82745481 -160.46473727 -161.10634046
 -159.68020407 -161.15097269 -161.0139724  -161.87870419 -161.31914046
 -159.59641366 -162.00439728 -160.83152421 -161.37981788 -160.84308591
 -159.90110279 -160.18087384 -160.22905427 -160.67993457 -160.69481222
 -161.01131273 -159.50639107 -161.05459189 -160.65090927 -161.83285491
 -160.40635178 -161.94958682 -162.53977182 -160.69262061 -160.83618609
 -159.50639107 -160.32953035 -161.42113124 -160.22436718 -160.69070392
 -161.45027355 -161.49561915 -161.71830486 -159.79520824 -161.6493352 ]",0.605
55,1.0500129924996404,"[ 1.94287337e-06 -3.88452849e-07  3.74973567e-06  4.13487086e-06
 -2.95228676e-06 -3.88705646e-06  2.70270479e-07  1.86257458e-06
  1.25171399e-06 -8.65625321e-07 -3.25495708e-08  7.32999055e-08
 -6.07903545e-07 -3.60423053e-06 -2.46544858e-06  2.74249276e-06
 -2.35200671e-06 -3.19031889e-06 -5.96039960e-07  4.82825503e-07
 -2.21962703e-06  6.34146384e-07  0.00000000e+00 -7.97551798e-07
 -7.37773094e-07  6.91049754e-07  2.09172228e-06 -7.70369232e-07
  1.95906055e-06  1.31439813e-06  6.38284836e-07 -2.89016379e-06
 -7.13769149e-07 -6.53153141e-07 -7.42930201e-07  1.35686900e-06
 -4.00912711e-06  2.40324020e-06 -3.27649523e-06  3.28686780e-06
  1.91723570e-06 -6.87398799e-07 -1.65509257e-07  1.73981336e-06
  3.29277472e-06 -2.08500809e-06 -6.37363118e-07  2.48937150e-06
  1.00036235e-07 -7.67929116e-07 -6.84035678e-07  2.76831492e-06
 -1.82724695e-06 -1.50329245e-06 -3.88147983e-07 -4.51316930e-07
 -8.24366794e-07  1.37032564e-06 -4.43658101e-08  1.81314980e-06
  7.69554586e-07 -2.75439872e-06 -3.24733090e-06  1.13753824e-07
 -1.03282214e-06  3.13919457e-06  3.56158422e-06 -1.10785011e-06
  3.98384614e-06  3.75021503e-06  8.92408480e-07  4.05777439e-06
 -3.55761466e-06  1.88544721e-07 -1.63044844e-06  2.10436620e-06
  2.29137525e-06  5.99904731e-08  3.56451595e-06 -1.83410918e-06
 -3.46166574e-07 -4.77478109e-06 -9.51993784e-07  2.92329841e-06
  1.50026675e-06 -2.22567048e-06  1.93203051e-06 -2.45475914e-06
 -5.05936539e-07 -1.44663207e-06 -1.87723912e-07  1.08630151e-07
  0.00000000e+00  2.48195076e-07 -1.19962924e-06  9.00424778e-07
 -4.30287623e-06 -1.93829484e-06 -9.24522953e-07  1.22869977e-06]","[-161.91994113 -160.56388801 -160.08168543 -160.98015031 -160.46642442
 -160.84033499 -160.16190301 -161.03897775 -161.39614647 -160.30993665
 -160.81470864 -161.56328705 -160.5569082  -160.53281841 -159.79301507
 -160.59236658 -161.06266284 -160.16448842 -160.07979792 -159.26313303
 -159.86594826 -161.21583202 -159.59641366 -160.51871437 -161.96325451
 -160.57885555 -161.9344122  -159.49322373 -159.77717918 -161.53274243
 -160.10441652 -160.44149186 -160.87156842 -160.60646211 -161.28075807
 -161.00975215 -160.45211802 -159.86659849 -159.70451231 -160.05318366
 -162.22300315 -160.69243762 -163.08078224 -162.33548751 -160.70542114
 -160.75753774 -160.45074321 -159.89862103 -160.52961126 -161.38644271
 -161.18574588 -160.3933593  -159.61660183 -161.54896064 -160.97747568
 -161.40925978 -160.53141928 -160.43680613 -160.30915138 -160.42265202
 -160.6272836  -161.33034292 -161.16803585 -160.17328629 -160.83756374
 -161.32560552 -160.51962348 -160.69254206 -158.83584933 -160.35245793
 -160.53995266 -160.20099656 -160.24975212 -160.80615412 -161.05276176
 -161.62649259 -161.9268662  -160.53986392 -160.47710949 -160.15571736
 -160.46501106 -161.67486163 -160.5976683  -160.6604613  -161.47570921
 -162.5549838  -161.08063738 -161.18305757 -161.45980331 -160.67281935
 -159.86857771 -160.96788441 -159.50639107 -159.48714854 -162.76697603
 -161.56512268 -161.17299196 -161.81359574 -159.84393864 -160.35821055]",0.618
56,1.0334969780656804,"[ 4.87103582e-07  7.42780112e-07  7.13633564e-07  3.14987512e-06
 -3.93503290e-06 -8.59818314e-07  2.55782807e-06  5.35291490e-06
 -4.81918493e-06  1.14023150e-06 -3.69982576e-06 -8.31295067e-06
 -1.00943768e-06  8.07850483e-07  1.36672012e-06  1.13953950e-06
 -3.21487371e-06  2.38343761e-06  2.06546964e-06  8.65109617e-07
  2.10488867e-06 -3.88628975e-06 -1.43422035e-06 -2.32950606e-06
 -2.43941302e-06  1.69975177e-07  4.91859015e-06  3.37085522e-07
  0.00000000e+00  2.48543826e-06  2.95663099e-07  1.89473555e-06
 -1.42734121e-06 -2.03948518e-06 -2.15335616e-06  2.05344873e-06
 -6.55624229e-07 -1.87213062e-06 -1.58962061e-06  1.97208055e-06
  6.92062460e-08 -5.98960706e-06  2.43176464e-06 -3.75918911e-06
 -2.93591443e-06  7.37232957e-09  5.37287506e-06  1.73512991e-06
  8.57087157e-07 -2.28034949e-06  3.01850082e-06 -1.05570950e-06
 -4.84449924e-07  4.36748715e-07  1.90417234e-06  3.90615957e-06
 -1.80708437e-07 -2.19433711e-06  5.03573767e-06  2.99800765e-07
  2.67365827e-06 -2.02044759e-06 -1.24659463e-07 -1.23283398e-06
 -1.19293510e-06 -2.69415450e-06  3.87011279e-06  1.40023579e-06
 -2.75862788e-06 -5.43564935e-06 -1.82672468e-06 -3.54039147e-06
 -5.18166361e-09 -4.34290289e-06  1.92413960e-06  3.12438107e-06
  3.05539017e-06  1.01886400e-06 -1.15509152e-06 -4.19692403e-06
  2.28122714e-06  1.21876026e-06 -1.47427473e-06  6.05850784e-09
  4.05489632e-06  7.61755355e-07  9.76361115e-08 -4.90438090e-06
 -7.22232882e-07 -3.48736138e-06 -2.88152372e-06 -2.78740679e-07
 -1.13947508e-06  1.65779297e-06 -2.03641132e-06  7.10121781e-07
  3.91796857e-07  5.36742051e-07  7.27396417e-07 -1.25604025e-06]","[-161.6267626  -160.54789098 -160.24723495 -160.04951881 -159.99111846
 -160.78178939 -160.67381032 -160.7019892  -160.10350288 -160.99475921
 -161.0248468  -161.2370076  -160.46411664 -161.14889766 -159.65208682
 -161.192004   -159.89245878 -161.56515978 -160.6971969  -160.74971838
 -160.42608838 -159.57743823 -159.47441238 -161.13386448 -161.06525086
 -159.6907796  -160.10644485 -160.31376555 -159.49322373 -160.62813538
 -160.37892013 -160.16205104 -160.22836098 -160.70401142 -160.72497843
 -161.55792669 -159.71345843 -160.69995178 -159.70648836 -161.98289919
 -159.94545681 -161.03510313 -161.7552206  -158.691004   -162.332574
 -161.50496809 -160.45794012 -160.83092886 -161.28386521 -160.55633554
 -158.75518355 -160.7824909  -160.40334792 -161.46513116 -161.30208355
 -160.5799838  -160.47856927 -161.06120837 -161.61421623 -159.6511022
 -160.01751329 -160.81266883 -161.50255411 -161.23444358 -160.25400673
 -160.32656012 -160.74450389 -160.39574608 -160.47004744 -158.84166104
 -160.86735679 -159.85885551 -160.86943072 -160.40343241 -160.96888703
 -160.95156554 -160.73030697 -160.88729743 -161.53126593 -160.70860935
 -161.41349933 -161.95728836 -160.47584384 -160.2665915  -160.95104074
 -162.1760832  -160.12568093 -160.40223995 -160.66091411 -160.70471533
 -160.14603214 -160.31330316 -160.02365698 -160.30211646 -160.34240391
 -161.36594117 -161.72693401 -161.72064981 -160.49365038 -160.2391916 ]",0.6319999999999999
57,1.0135614633485657,"[ 1.80663634e-06  5.36902889e-06 -5.30434120e-07  4.33363284e-06
  3.74711359e-07 -4.35306437e-07  4.06730048e-06 -2.11781171e-06
  3.53623276e-06  1.95315581e-06 -5.75973587e-07 -1.20009664e-06
  6.34217434e-07  8.88236409e-07  3.21279820e-06  1.25765031e-06
 -7.84634040e-07 -2.23279365e-06  6.35175536e-07  3.38851790e-06
 -3.27284039e-06  2.20858078e-06  2.52534498e-07 -4.86127316e-07
  6.23292784e-07  5.58244805e-06  7.20200139e-06  2.15433004e-06
  1.40741730e-06  1.54872153e-06  9.18596718e-07  4.59410870e-06
  3.85512722e-06 -2.41754286e-06 -1.77280905e-06 -4.60873102e-06
 -3.50842673e-06  4.52396045e-07  4.00288373e-06  4.31471552e-06
  6.11347036e-07  7.60845144e-07  1.12605278e-06  2.45502290e-06
  1.33098219e-06  5.17585658e-06 -1.26884701e-06  1.65635054e-06
  1.77778304e-06 -9.62938056e-07  1.72826920e-06 -5.35729403e-06
  2.47861137e-06 -3.43566664e-06  2.77388410e-06 -1.55216700e-06
  2.46154981e-07 -1.91313331e-06  3.50059297e-06 -4.85693230e-07
  4.13860144e-07  3.59483731e-06  4.04655256e-07  6.02226220e-06
 -1.84964028e-06  1.21424455e-07  1.46497035e-06 -2.51045392e-08
 -4.49704897e-07 -3.19634956e-06 -5.80742767e-06  8.71924626e-07
  8.10303139e-07 -2.83269209e-07  1.63854467e-06 -4.03150628e-07
  1.47650257e-06  3.17133786e-06  1.94259184e-06  0.00000000e+00
 -1.88734975e-06  3.43765094e-06 -3.05080175e-06 -7.71212134e-07
  5.78848093e-07 -2.01859700e-06 -2.88254396e-07  4.73189455e-06
  6.99846897e-07 -4.47948660e-06 -1.77311159e-06  4.45751689e-06
  3.01462576e-06 -1.04079658e-06 -1.58425778e-07  3.51290633e-07
  2.13354544e-06 -1.08645718e-07 -5.74565958e-06 -3.02036649e-06]","[-160.70862546 -160.52455327 -160.5623264  -159.91761341 -160.32950479
 -161.10266606 -159.46214436 -160.74076266 -160.49658429 -159.6276862
 -159.59273947 -160.81719139 -159.96760829 -160.5498645  -159.83678781
 -159.66938513 -160.23698736 -160.94518569 -159.99245551 -161.59968094
 -161.1178773  -160.6368174  -158.691004   -159.45636355 -160.39765809
 -161.35310972 -160.98350526 -160.91518283 -160.38746353 -159.65568315
 -161.05338359 -161.86171905 -160.55898941 -159.55520666 -160.13031371
 -158.86235694 -160.70589527 -159.47702201 -159.46039883 -160.65876395
 -161.27175055 -160.91489853 -160.46737255 -160.16533706 -160.32720683
 -159.8067899  -160.19989818 -160.75374483 -161.15906451 -160.15166234
 -161.72076105 -160.4795525  -161.00657735 -159.4345774  -159.5286933
 -161.16746114 -159.43482002 -160.09185109 -159.90782331 -159.42326228
 -159.75383559 -160.30025038 -159.69495671 -160.43556457 -160.94227753
 -159.81901529 -160.3943994  -160.63035401 -159.73421167 -160.95303076
 -159.7571853  -159.86821143 -160.04786528 -160.57869667 -161.18027515
 -159.64672326 -160.42947729 -161.18960532 -159.68483361 -160.24723495
 -160.71231123 -160.12018997 -160.8722402  -160.73940435 -161.22187521
 -160.39367415 -160.48908642 -158.30897756 -160.38302454 -160.72458238
 -159.90710919 -161.38192751 -159.72501797 -160.47774264 -160.35364965
 -160.33954056 -160.03293949 -161.1662137  -160.5220878  -162.21171522]",0.634
58,0.9990522701338018,"[ 1.46328464e-06  2.10931436e-06 -1.48160340e-06 -1.34340110e-06
 -3.91873000e-06  1.69779684e-06  1.87452797e-07 -2.07044697e-06
 -5.49768282e-07  8.56949027e-07  1.48077229e-06 -2.75763055e-06
  3.04399527e-06  7.99775751e-07  2.53458985e-06 -1.05359300e-06
  1.50204630e-06  5.25332668e-08 -1.19593864e-07  4.40736000e-06
  9.01073245e-07  2.04533311e-06  3.70088898e-06  3.77032377e-06
  1.74164683e-06  1.75097300e-06  1.99746906e-06  5.25219757e-06
  1.71252354e-06 -2.42496835e-06 -2.81050671e-07 -9.13522804e-08
 -3.69283348e-06  2.75731358e-07  5.62808052e-06  3.24852146e-07
 -4.74769475e-07  1.67942588e-06  2.36848522e-06 -1.34312911e-06
 -9.12240783e-07  3.25695676e-06  4.70132002e-07  3.10032104e-06
  2.67325822e-06  1.69107916e-06  3.89068799e-07  4.52127422e-06
  9.95398647e-07  6.20123400e-07  1.55777653e-07  1.92852858e-06
 -4.83070603e-07 -1.86701483e-06 -5.95845574e-07  1.01847954e-06
  4.43457542e-07 -3.93943492e-06 -2.16206729e-06  5.54124020e-07
  1.34788386e-06  9.65378971e-07 -2.02002760e-06 -1.12780397e-06
  6.98857880e-07 -1.00208358e-06  1.60978841e-06 -2.91531180e-07
  3.07219811e-06 -1.06213985e-06 -2.81775242e-06 -1.51664354e-06
  2.40107797e-06  1.33397635e-06 -1.66162199e-06 -7.48713586e-07
 -7.92479902e-07 -2.56898390e-06  1.79871621e-06 -4.49759074e-07
 -2.49027123e-06 -1.43463951e-06  2.49253952e-07  1.67639575e-06
 -4.54569577e-07  8.28353451e-07  9.56246815e-07  1.32036430e-06
  1.25147329e-06 -2.80151632e-06 -2.16050176e-06 -1.56105981e-06
 -9.94124357e-07  7.07612609e-07  2.08409874e-06 -3.15796143e-07
  9.67373820e-07  3.08487551e-06  1.42757181e-06 -2.54878790e-06]","[-161.14131666 -159.42225082 -159.85813358 -161.15972907 -160.39341138
 -159.56548291 -159.19211464 -160.92167553 -161.3823517  -160.92723089
 -160.25790121 -159.89746413 -160.69303061 -159.63938806 -160.73980382
 -160.83200245 -160.5199546  -160.32233632 -159.87757152 -161.38710852
 -161.73513148 -159.88038983 -160.93059937 -159.78093509 -160.68603815
 -161.23929306 -160.22750929 -160.14029082 -159.97093762 -160.3270378
 -160.58931731 -159.85751108 -160.87641355 -159.77042321 -160.01303463
 -160.4859308  -160.47324711 -158.83114055 -159.4349572  -160.90310021
 -160.2472744  -160.15395032 -160.16521339 -162.04287268 -160.52411409
 -159.84416053 -160.56590972 -159.62121322 -161.12598799 -160.90466903
 -160.79173859 -160.00726892 -161.62834765 -161.36162633 -160.50555208
 -160.27133485 -160.56035148 -160.19668934 -160.07570357 -160.35000757
 -159.31178048 -160.77732131 -161.20627437 -160.96572109 -159.09279275
 -160.54299477 -158.93600662 -159.92920433 -159.67441408 -159.18514167
 -159.64560344 -159.38854579 -159.87442809 -159.5894873  -160.95297965
 -160.65462287 -160.02754065 -159.26767225 -160.98850959 -159.99975918
 -159.9289312  -159.57779537 -159.26495104 -160.21568796 -160.43393329
 -161.30103564 -159.87299316 -160.87978453 -160.07666307 -160.20508653
 -160.78025653 -161.07924695 -160.62674253 -161.42297244 -160.28279111
 -160.74091323 -159.67308309 -160.45835774 -161.61088833 -160.66079027]",0.644
59,0.9783765863861928,"[ 4.74396357e-06  6.53612794e-06 -5.67127785e-07 -2.61327938e-07
 -4.57215002e-07  1.61947167e-06 -7.19810859e-08  3.04717439e-06
  1.34357575e-07  1.00445558e-06 -3.71889682e-06 -1.48673079e-06
  5.69062815e-06 -2.24246826e-06 -5.11370562e-07 -3.40811068e-07
  3.51583639e-07  6.80701644e-07 -3.09798772e-08 -3.17364156e-06
  1.91455137e-06  1.07353123e-06  2.99694208e-06  1.69498853e-07
  1.02788549e-06  8.70670160e-07  5.47572589e-07  1.79229123e-07
  3.44150028e-07 -9.04050986e-07 -4.69664267e-07  4.76517679e-08
 -2.26667485e-07 -3.25001050e-06  2.99468756e-06 -6.03183988e-07
 -1.03507391e-06 -2.56092600e-07  1.18327147e-06 -4.93681117e-06
  4.79341708e-06 -1.67044162e-06 -1.11610282e-06  5.91024871e-06
  2.40937843e-06  9.82916631e-07 -3.51439371e-06 -4.59745052e-06
  2.12207708e-06  1.78513706e-06 -1.17925335e-06  4.15363800e-06
 -3.89806919e-06  5.79149875e-06  8.80104439e-07 -9.41373906e-07
 -3.67232247e-06  4.10877986e-06  1.69574630e-06 -3.00466347e-06
 -2.72692203e-06 -1.09180041e-06  9.67985038e-07 -5.06896451e-06
 -2.57728071e-06  1.12696173e-06 -3.07898408e-06  9.21815645e-07
  1.99055986e-06 -7.47057548e-07  2.01824332e-06 -1.91805798e-06
  1.20580365e-06  2.03382655e-07  3.78356120e-06 -3.23589073e-06
  5.53357925e-06  1.32747802e-06  1.83354613e-06  2.18397192e-06
 -4.27630266e-06 -3.79988501e-06  3.61632528e-07  5.94876159e-07
  1.20100078e-06  1.00085455e-06  2.25986962e-06  3.93074079e-06
 -6.70092059e-06  6.13390664e-07  8.64639154e-07 -7.60725207e-07
 -1.95060945e-06 -6.45526960e-07  7.42354806e-07  2.89519658e-06
 -2.27150953e-06  1.18240274e-06 -7.92068551e-07 -1.21839079e-06]","[-159.53205701 -159.31857507 -159.55891095 -160.45690068 -160.67705714
 -160.47592385 -161.0287403  -160.18271306 -160.97622717 -158.95236431
 -161.10127152 -162.79026017 -161.20411775 -159.25861929 -160.77359833
 -159.75250828 -158.58421242 -159.50068985 -159.82261343 -159.85773211
 -159.184533   -160.00189184 -161.63756352 -160.35453223 -159.9865153
 -160.32738004 -160.69093286 -160.02848234 -159.8567956  -160.73783945
 -159.48648147 -159.2635352  -159.84970487 -159.72217386 -158.47968636
 -160.5698184  -160.86732685 -160.01051648 -160.56488473 -160.994847
 -160.18182251 -160.87874844 -160.27517453 -160.04219974 -159.44936125
 -160.75652957 -161.06630603 -159.18405483 -160.31561104 -160.36636396
 -159.60175008 -160.05453448 -159.71729434 -159.21302134 -159.86010453
 -159.76720872 -160.24374138 -161.61637914 -160.49085932 -160.49919905
 -159.68191097 -160.9807139  -159.80274129 -160.55934143 -160.63170257
 -158.92405306 -159.62002787 -159.94931767 -160.81644648 -158.56380872
 -160.38357304 -159.07787554 -159.57554294 -159.72900408 -160.25464188
 -161.31900935 -159.65996823 -159.46834702 -160.45154938 -159.86453207
 -160.48010122 -159.9753837  -160.30499064 -159.19211464 -159.85971267
 -158.95316404 -160.64062689 -161.72441133 -159.86798546 -160.33804375
 -159.59881735 -159.44656774 -160.57519633 -160.26260764 -160.25677162
 -160.20005026 -160.01290704 -160.79865626 -160.28377324 -159.80440551]",0.6259999999999998
60,0.9599875382026355,"[ 6.56030316e-07 -1.25667527e-06 -5.50210133e-06 -2.79735107e-06
 -2.70015977e-08  3.87204513e-06 -3.64109429e-07 -3.63019988e-07
 -2.84293972e-06 -2.53601596e-06 -7.34264458e-07 -2.79329108e-06
  1.96928545e-06 -2.07575204e-06 -1.69686395e-06 -1.32211018e-06
  3.37611628e-06  1.78940579e-06  1.75443618e-06  5.33922043e-06
 -2.53778927e-06  2.70075389e-06 -1.42503329e-06 -1.51359746e-06
 -2.44915730e-06 -2.09344603e-06  4.34341480e-08  1.86514177e-06
 -1.40201029e-06  2.01257895e-06  4.13559625e-06  2.09445838e-07
  2.41208459e-06  3.98067500e-06  3.48733428e-06 -1.58622506e-06
  2.74900256e-06  5.54287746e-07  2.32422308e-06  2.66871951e-06
 -1.50796029e-06  9.59584383e-08 -8.80269813e-07  1.27041957e-06
  5.16462422e-06  2.42379024e-06 -1.60819501e-06  4.56038213e-06
 -1.70735347e-06  2.04101225e-06  3.75643720e-06  2.72061210e-07
 -2.36384094e-06 -2.05509675e-06 -2.73466357e-07  4.20489519e-06
 -2.42241388e-06 -1.03263975e-06 -1.25512828e-06 -3.81301704e-07
  5.35309241e-08  1.55845404e-07  2.23368932e-06  1.51882542e-06
  4.61252547e-06 -6.50351322e-06 -4.93288233e-06  7.97215851e-07
  2.67676194e-06 -2.95670962e-06  3.50693583e-06  2.51620231e-06
 -4.98261829e-06 -3.57709986e-06 -1.68710012e-06 -3.38213778e-07
  2.98299436e-06 -1.73400044e-06  1.07422159e-06  5.71801749e-07
  5.13064201e-06 -8.53195698e-07 -4.80888713e-07  1.34302827e-06
  4.77215146e-08 -3.65217219e-06  3.94999220e-07  3.53630194e-06
 -1.48957577e-06  2.28110022e-06  8.57776222e-07 -5.25026985e-07
 -2.04044349e-06 -1.84838314e-06  1.79522652e-06  3.38472611e-06
 -1.39838933e-06 -1.12044338e-06  9.34414456e-07  7.45385514e-07]","[-158.91549845 -160.63448279 -160.48987212 -159.79301021 -159.772638
 -160.98628884 -159.51142847 -160.07504632 -160.44229996 -159.95298873
 -160.75093287 -160.16452412 -160.6858996  -159.46864968 -160.87513866
 -161.13287946 -160.29950948 -160.61279111 -161.07798457 -159.50928467
 -160.21443264 -160.65618961 -159.31075942 -159.76781234 -161.11915801
 -159.6714544  -159.77514471 -158.69359189 -159.67509578 -158.73793754
 -160.20422203 -159.69372555 -160.33872013 -159.33118765 -159.08956915
 -160.02774467 -160.05123353 -158.57408335 -160.42501366 -158.75794159
 -158.99068645 -159.16467569 -159.54832413 -160.76785631 -159.84193702
 -159.31436601 -159.85044531 -160.60180902 -160.2788582  -159.51839318
 -159.26140067 -160.45479051 -160.50289926 -160.16651259 -161.25621452
 -161.17237587 -161.00166218 -159.46650115 -158.34210925 -160.30511928
 -160.35968983 -159.93218436 -159.64084439 -161.25951673 -160.27035384
 -159.27660549 -161.62877249 -161.01072474 -160.95543089 -161.0478775
 -160.19857697 -158.56411669 -159.87421245 -160.43736441 -161.36990267
 -159.98976713 -159.8775479  -160.24360589 -160.13533082 -160.62846935
 -160.32627533 -158.90823484 -159.89579123 -159.70715388 -159.72139099
 -159.60844524 -159.45504198 -160.52588833 -158.85647475 -159.42593713
 -159.84436488 -159.66025696 -159.62523073 -160.87774643 -159.10047457
 -159.258876   -159.25399324 -159.99657491 -159.94192828 -159.68267652]",0.6460000000000001
61,0.9396428801541218,"[-2.97820040e-06 -7.98013182e-07  4.71421561e-06 -5.32508463e-07
  5.34383501e-07 -3.57812768e-06  9.00772016e-07  1.23773198e-06
  6.73652202e-07 -8.07626325e-07 -9.27227591e-07  4.66513895e-06
 -2.73604250e-06 -6.91623631e-07 -1.36133359e-06 -3.23194877e-06
 -3.71267333e-06  7.01199221e-07 -3.21988168e-06  5.60727757e-07
 -7.47043655e-07  4.28361592e-06  9.21134987e-07 -4.78182725e-07
 -2.50124118e-06 -1.42238909e-06 -2.19296135e-07  2.94820594e-07
  1.12660909e-07  1.88434884e-06 -2.25708861e-06  5.38196553e-06
 -2.68026300e-06 -3.17762459e-06  2.85963253e-06 -4.68267775e-06
  1.02931790e-06 -1.30071337e-06 -2.32795709e-06  5.27984350e-07
 -1.32048237e-06  1.37332225e-06  2.28944600e-07  3.84629733e-06
  1.74661592e-07  1.24278716e-06  3.49786262e-06  4.79208423e-07
 -9.75179473e-07 -1.40243216e-06 -3.19811594e-06 -2.25792272e-07
 -7.27330782e-06 -1.06100184e-06  2.31976865e-06  8.29583459e-07
 -1.29917760e-08  3.35248702e-07  8.71742752e-07  3.38421485e-06
  6.76714852e-07 -1.42007812e-06  5.09140733e-07  1.82266201e-06
 -3.58820088e-07 -2.23898833e-06 -1.72049864e-06  2.88194510e-06
 -9.24885996e-07 -6.14290792e-07 -1.19237927e-07  2.07300889e-06
  1.18005902e-06 -2.05327023e-06 -2.72459272e-06  7.81989315e-07
 -5.38116873e-07  5.31646271e-07  2.34882076e-06  5.86883491e-07
 -1.68881009e-06  2.60669380e-06 -5.82607404e-07 -1.08361369e-06
 -1.74935523e-06 -6.08405895e-07 -2.58032475e-06  2.31539643e-07
  6.26912402e-07 -3.67217244e-06 -4.53763869e-06  1.75143100e-07
  8.65055908e-08  2.26055695e-07  2.32797648e-06  3.52265525e-06
 -8.52461110e-07 -4.43105096e-07 -9.72296374e-07 -2.46987902e-06]","[-158.75069419 -159.40767512 -159.35727376 -159.52537258 -159.739142
 -160.50397516 -159.07982527 -158.57430957 -160.13662216 -161.26140254
 -159.20716134 -160.43255666 -159.35150745 -158.59054271 -160.60157011
 -159.21546662 -160.43263003 -159.85767662 -160.98224886 -158.89474712
 -159.99998628 -160.36000871 -159.87107516 -161.2659905  -161.156736
 -160.01652332 -161.38149452 -158.3969828  -160.96615533 -159.7569367
 -159.53484311 -159.37672292 -160.76519373 -159.72249228 -160.34772413
 -161.79776421 -160.29820878 -159.06390049 -160.64570714 -159.23542356
 -158.43878644 -159.99853826 -160.74022514 -159.00670896 -159.01380903
 -160.12724816 -159.52552823 -160.08211912 -160.1568897  -161.32550232
 -159.84155274 -159.38916931 -160.29733776 -159.73056505 -159.5869372
 -159.0207457  -159.71399188 -159.9309077  -159.5838554  -160.00052281
 -160.62221993 -159.01037745 -159.48934212 -160.52915342 -160.17361333
 -160.55709093 -160.9244829  -159.43962278 -159.58976515 -160.78522399
 -159.99377489 -159.45647593 -158.83284848 -160.0174994  -158.30428919
 -160.42827489 -159.03880497 -159.88791321 -157.89200959 -158.70707922
 -160.25415433 -159.07741171 -160.82575459 -158.67565948 -160.53536106
 -159.97578487 -160.21565918 -158.54213592 -159.15148917 -158.88991947
 -159.15450274 -160.00053148 -160.17508346 -159.76050382 -158.86025022
 -159.08189084 -159.05674032 -160.52787094 -157.58126912 -160.05209207]",0.591
62,0.9211666250973476,"[-5.81830041e-07 -1.82555303e-07  5.33067385e-06  9.75591124e-07
  4.99989711e-06  1.33308674e-06  2.78983665e-06  5.04675083e-07
  0.00000000e+00  1.67773837e-06  1.98402023e-06  3.76498206e-06
  2.09496762e-06  1.20765858e-06 -1.38592327e-06  2.18083379e-07
  3.67183707e-06 -1.69412527e-06 -5.36489013e-07  1.21926010e-07
  4.95738251e-06 -1.12944688e-06 -3.91915477e-07  2.28890981e-06
 -7.17147879e-07 -1.82756421e-06 -1.51901573e-08 -1.15902966e-06
  1.83803762e-06  4.40051302e-07  8.96715534e-07 -6.28007977e-07
 -1.32548244e-06  1.76125488e-06 -1.79644590e-06 -9.04829184e-07
  1.25238829e-06  6.74124374e-06 -2.73241375e-06 -2.00213727e-06
  2.22168065e-07  1.87686012e-06 -4.09929528e-07  7.12844628e-08
 -1.49752990e-06  7.36325129e-07 -2.93045278e-06 -3.31880382e-06
 -1.30021908e-06 -8.36459635e-07  2.13859968e-06 -2.62097907e-06
 -1.70907743e-06 -1.17188332e-06 -8.82457062e-07 -1.62986206e-06
 -1.38247058e-06 -5.61729409e-06 -2.49773476e-06  5.40613138e-07
 -3.72084390e-06 -1.00141258e-06 -1.54214588e-06  7.29474305e-07
 -1.31493460e-06 -8.37920842e-07 -2.82429474e-07 -1.28377516e-07
 -4.11327142e-06  7.08497940e-07 -1.23912140e-06 -2.55198027e-07
  1.56572559e-06  2.30743960e-06  1.88576934e-06 -4.53193289e-06
  1.68896558e-06  9.13656608e-07  3.26873000e-06  1.95637439e-06
  3.00168909e-07 -1.29591982e-06 -4.19459771e-06 -5.62438664e-08
  2.80585196e-07 -5.28821769e-06 -2.45274346e-06  0.00000000e+00
  1.29159594e-06  6.42655837e-07 -8.77866241e-07 -1.97353832e-06
  2.63535673e-06  5.18319808e-07 -9.80407753e-07  4.01515186e-06
  7.90465320e-06  1.52489236e-06 -1.23165604e-06 -2.83672040e-06]","[-160.29768619 -159.45863226 -161.27913848 -160.09829354 -159.47409385
 -160.59503087 -159.41569866 -160.29816795 -158.30428919 -159.35770617
 -159.26462128 -159.32839572 -159.31574779 -160.22044743 -159.34167937
 -158.70184749 -159.36535814 -160.02424428 -160.67548686 -160.01233556
 -159.75629584 -160.31486059 -159.62175189 -159.10154084 -159.43441111
 -160.3615135  -159.30797081 -159.22409972 -159.8553101  -159.04568846
 -158.5349618  -159.15177862 -159.10807129 -159.59141632 -159.65055905
 -158.52853698 -159.4615166  -159.9355413  -159.22382789 -159.57351905
 -158.84690653 -158.62658775 -160.05491127 -158.49868563 -159.43760885
 -160.16565606 -159.65339879 -159.43298637 -160.55223596 -159.40314144
 -160.15420248 -159.30328732 -159.30382113 -160.26069593 -161.10995546
 -159.79112509 -159.257525   -160.69299607 -159.60843588 -159.40610964
 -158.4586477  -158.30802314 -160.26561908 -159.82349894 -159.29131325
 -159.55168592 -159.1852644  -159.50463974 -159.17514067 -158.68996871
 -159.14476321 -159.84483127 -159.14951707 -159.17486351 -159.97975991
 -159.77047184 -159.17666464 -158.98881146 -160.14721701 -160.02599237
 -158.35218529 -161.11302844 -159.25107298 -158.69165215 -159.32408563
 -160.04098866 -161.27978608 -158.89474712 -159.14921699 -160.79737724
 -159.73005276 -159.08693094 -158.89375226 -160.17669508 -159.24723095
 -159.30429267 -159.69734234 -161.16046165 -160.19856385 -159.14580468]",0.5979999999999999
63,0.9073884554581955,"[-2.23224856e-06  7.87478966e-07 -3.32623849e-06 -1.21061872e-06
  5.40803503e-07 -3.23032121e-07 -6.53677449e-07  2.72458880e-06
 -1.53211648e-06  5.86778181e-07 -4.38491847e-07 -4.04734943e-07
  4.83223921e-07 -5.93715150e-06  1.41601267e-06  3.11738536e-06
 -3.23106468e-06 -2.47601071e-06 -7.95479477e-07 -1.38484577e-06
 -7.26823887e-07 -1.07958939e-09  6.91523549e-07 -3.03534033e-06
  6.88806014e-07  4.52423182e-07 -2.15422220e-06 -2.64594187e-06
 -9.01170124e-07 -4.29747316e-08  2.55147315e-07  1.98823752e-06
  4.19850954e-07 -2.40454000e-06  3.05459440e-07  1.69796567e-06
  3.79024446e-06  5.05757191e-06  8.57016551e-07 -1.36256736e-06
  1.99857106e-06  7.99061590e-07  6.18200832e-07 -2.68364901e-06
 -1.44079192e-07 -1.53352394e-06  5.42909142e-07 -5.53422469e-06
 -1.47570669e-06 -1.43418071e-06 -3.14892826e-06 -3.10673811e-06
 -2.58529763e-06 -3.96570104e-07  3.42351994e-06 -1.36243844e-06
 -3.20400468e-06  1.35118668e-07 -8.56660274e-07  1.61075567e-06
  5.03048590e-07 -5.79199913e-07 -4.25263676e-06 -1.13447558e-06
  7.25630414e-07 -1.69020897e-07 -8.50090448e-07  1.57047551e-06
 -2.32720509e-06  1.86102173e-06 -4.81852091e-06  1.21409015e-06
  3.25880097e-06 -1.76500030e-06 -5.65665544e-08  1.54695609e-07
 -8.40296636e-07  2.99242094e-07 -1.68653457e-06 -1.15510480e-06
 -2.75512760e-07 -7.13755220e-07 -1.29212884e-06 -4.80824351e-06
 -5.50319019e-07  2.67544258e-06 -2.41093586e-07 -2.56910756e-07
  2.24095271e-06 -3.03492040e-06  1.78542463e-06 -2.36330220e-08
 -1.60888928e-06 -7.14872022e-08  2.25957654e-06 -1.77093060e-07
  5.81937926e-07  2.46440062e-06  6.64622347e-07  1.47884485e-06]","[-160.06464038 -157.89161426 -159.29874321 -159.04987121 -158.46953219
 -160.11138535 -159.7161739  -160.04604071 -159.40242923 -160.35706083
 -160.17003311 -158.62658775 -159.26088229 -159.4923559  -158.66703058
 -159.86093011 -158.67928016 -159.68493044 -159.59177861 -158.20320141
 -159.62397502 -159.08022368 -158.52052611 -157.82767122 -158.99588327
 -159.84682614 -159.595418   -160.09319209 -158.52287472 -159.30679547
 -158.58710945 -159.16789289 -159.30480006 -160.81075123 -159.00798227
 -159.49754462 -160.28427068 -157.73836429 -159.27429408 -159.94826402
 -159.03055975 -160.30782034 -159.29944846 -159.77797218 -158.30802314
 -160.38342872 -159.48363732 -158.88590623 -159.66704348 -161.26414671
 -157.96754731 -161.45133165 -159.76813864 -159.4292504  -159.76845055
 -158.87023222 -159.74253351 -159.62487675 -158.76043393 -158.21253195
 -158.59762076 -159.54661126 -160.10118388 -159.91534505 -159.18800508
 -159.48673428 -158.41814406 -159.68494739 -158.3024788  -159.21874644
 -158.95412695 -161.25964714 -158.77944835 -158.0615912  -158.27027874
 -159.95813561 -160.41445471 -159.65703615 -161.10920769 -159.9377101
 -160.48605107 -160.20614344 -158.67233456 -158.71713157 -157.9579162
 -159.4581643  -158.73776855 -159.46377258 -158.17968284 -159.19457108
 -159.69409489 -159.58948429 -158.23063335 -158.80099081 -159.37478978
 -157.74963682 -157.50034021 -159.69506199 -159.17130217 -158.39275145]",0.5619999999999999
64,0.8924014000306595,"[ 3.82716076e-08 -1.72662705e-06 -1.78933440e-06 -7.49400737e-07
 -4.31013315e-07  2.68793043e-06  1.94799688e-06  1.56425506e-07
 -1.24755462e-06 -1.67726761e-06 -3.44221945e-06  3.05165879e-06
 -1.25177330e-06  2.57107741e-06  6.78192835e-07  2.82716437e-07
  2.89065245e-06  1.09333425e-06  1.61340202e-06 -2.90687259e-06
 -1.45860815e-06 -3.35519822e-06  1.78718893e-06 -3.61671630e-06
 -8.55827752e-07  2.34561109e-06 -1.53195261e-06 -2.27172436e-07
  1.69620888e-06 -2.54422747e-06  2.21184937e-08 -1.04853275e-06
 -3.11544437e-07  0.00000000e+00 -3.49617299e-06  3.12067356e-06
 -4.72573170e-07 -2.00174033e-06  0.00000000e+00  1.79449944e-06
 -3.74046254e-07 -8.77177739e-07  3.79745245e-07  6.76847370e-07
  8.59495238e-07 -2.42482022e-06  4.45955362e-06  9.04653573e-07
 -6.98361211e-06  4.14515253e-07 -8.15519789e-07 -1.09879622e-06
 -3.81204142e-06  4.13265806e-06  2.38343397e-06  5.27545156e-07
  1.81013068e-06  5.68436624e-06 -1.61236670e-06  2.47217247e-06
 -9.60838328e-07  4.08310511e-07  2.81444189e-07 -1.01791913e-06
  1.66418042e-06  3.38902185e-06  1.08466135e-06  2.38540968e-06
  3.70331743e-06 -1.80031139e-07 -2.95618803e-06  2.50234692e-06
 -1.26588861e-06  4.74378106e-07  2.00902027e-06  1.54467293e-06
  7.51971637e-07  8.32598728e-07 -4.99693151e-08 -1.10081857e-06
 -1.01761420e-07  6.28712636e-07 -7.85979821e-07 -1.58758270e-06
  2.46391988e-06 -6.96488594e-06  6.91774887e-07 -1.00852896e-06
  2.52288671e-06  1.14711731e-06 -1.74248893e-06 -1.66366256e-06
  1.36653535e-06  1.88912676e-06 -2.27830868e-06 -5.45153724e-06
  2.84975174e-06 -1.91827544e-06 -5.52355683e-07 -3.87106230e-06]","[-158.60735801 -158.79131011 -157.8433345  -159.27267138 -159.61177266
 -159.54206415 -160.01295996 -159.86865383 -159.81272529 -159.04361331
 -159.8125967  -159.50612264 -159.67920137 -159.92544632 -158.76915749
 -158.68748779 -160.73124892 -159.72660426 -158.95081007 -158.88855402
 -158.80043424 -159.57566392 -159.99232801 -159.83233525 -159.01260905
 -160.15153456 -158.20601972 -158.69028466 -160.06256186 -159.63957738
 -159.56012684 -159.43209167 -158.1660733  -158.23063335 -159.35469662
 -158.85622652 -158.80334288 -159.08110313 -158.62658775 -159.84543281
 -159.96707943 -159.85961955 -159.86129521 -161.12912147 -159.96575405
 -159.55453546 -159.36482204 -159.48782945 -159.56406548 -159.35543031
 -159.36797255 -159.02829099 -158.14798979 -160.39155453 -158.48271175
 -160.15892982 -158.31350542 -159.3229125  -159.25894234 -161.34640975
 -160.47770904 -158.79192336 -158.17968284 -158.47844097 -159.30404915
 -160.85290248 -161.09703428 -159.26891781 -159.37598823 -160.5545866
 -158.15333418 -159.15753572 -158.86167223 -158.76887678 -159.5145988
 -157.83488105 -158.54197282 -159.73172664 -158.5165795  -159.55320011
 -160.1112065  -159.37444985 -157.49730112 -159.13690317 -159.0746775
 -160.02489043 -158.90370347 -160.03132795 -159.25951939 -160.11117487
 -159.73440929 -158.04169225 -158.80182816 -158.64845939 -159.8807108
 -160.13483133 -159.7612718  -159.63447951 -160.22949273 -159.61981239]",0.579
65,0.8702390357659735,"[ 2.56519257e-06 -3.84625206e-07  1.06706443e-06 -1.73120507e-06
  3.75344868e-06 -4.26490139e-06  1.82102750e-06 -3.01435141e-06
 -1.80408272e-06  4.40813518e-06  1.68796910e-06 -1.52801934e-07
 -1.91153616e-06 -1.48589839e-06 -1.92442871e-06 -3.21608142e-07
 -2.86315689e-06 -2.00314881e-06 -1.89151490e-06  4.68039558e-06
 -3.96867899e-07  7.74163175e-07  4.62628698e-06 -9.70487189e-07
  1.57312100e-06 -5.72669956e-06 -8.44777938e-07 -1.31523253e-06
  1.92322847e-06  1.41713252e-06  3.07149670e-06 -1.39910402e-06
  2.33283941e-07  3.22693586e-07  3.82666787e-06  8.98189834e-06
 -5.39877581e-06 -9.97131367e-07  2.02533006e-06 -3.27813129e-06
 -3.02342032e-06 -1.09873845e-06  2.96143373e-06  3.17262932e-06
  6.64102538e-06  3.28479278e-06 -3.11263342e-06  1.65751522e-08
 -1.69655299e-06 -2.32396008e-07  3.76185875e-06 -3.94029186e-06
 -4.01120476e-06 -1.87487182e-06  1.07476897e-06 -2.42968666e-06
 -3.92885896e-06 -1.22233147e-06 -7.13296974e-07 -2.29948755e-06
 -2.57997333e-06  6.80201821e-07  7.06378484e-07  1.70578041e-06
 -5.26013577e-07 -8.21448358e-07 -2.14785126e-06  3.43049615e-06
  1.70329856e-07  8.70597581e-07 -1.18964707e-06 -1.47192651e-06
  1.34397246e-06 -1.72125112e-06 -2.47158925e-06 -2.82368578e-06
  3.95710080e-08 -4.18655749e-06  2.09769680e-06 -2.36068060e-06
  2.24038899e-06 -2.86648181e-06 -1.82488052e-07  1.39233278e-06
  1.58047007e-07  4.79524621e-06  4.89013828e-07  9.15083108e-07
 -1.61072638e-06 -2.07744478e-06  8.22664206e-07 -2.74302103e-06
  1.52072590e-07  1.64316690e-06 -1.95171233e-06 -6.92208556e-07
  1.60281764e-06  2.01514242e-06  7.65701431e-07  9.32062522e-06]","[-159.5641622  -159.69057431 -158.12733326 -158.87333074 -160.28196048
 -159.41164488 -160.18586015 -158.15706748 -158.34846037 -158.70492962
 -158.91199136 -158.19055475 -158.5870327  -158.83126245 -159.6990081
 -159.05804618 -160.66023397 -158.33689401 -160.26836791 -159.32354844
 -158.90706871 -158.7572921  -158.60003743 -159.52662822 -159.13219562
 -158.64315526 -160.85246069 -159.8168717  -158.68962048 -159.93140893
 -159.42666864 -159.232276   -160.14618025 -159.72960992 -158.26773092
 -158.62228589 -160.09361027 -160.80863108 -159.19313469 -159.37726648
 -159.60449292 -158.87908222 -159.81465244 -158.59627173 -159.25492867
 -159.11495577 -159.133736   -158.13243542 -158.91230735 -159.53093671
 -159.72218944 -160.81266098 -159.10627964 -158.85988268 -159.12790648
 -160.03602802 -159.61302292 -158.98417431 -159.00131522 -157.98032426
 -159.68032509 -158.55010707 -158.28096116 -159.38173523 -158.94542326
 -159.09696738 -159.9445095  -158.82454839 -160.00527597 -160.62295694
 -160.47307808 -159.42646697 -159.04712373 -159.31841654 -159.07436692
 -158.99545014 -158.30943344 -159.43834061 -158.34428408 -159.44107184
 -159.81870849 -158.85529886 -158.97040065 -158.96406209 -159.41661012
 -157.89681805 -158.82097713 -157.80327384 -158.79804436 -158.85144607
 -158.97494965 -158.23809987 -158.95148065 -157.72565068 -159.96429814
 -159.02072894 -158.61316329 -158.47392149 -157.96469704 -159.01873322]",0.5770000000000001
66,0.853125744706405,"[ 1.80609308e-06 -3.49655070e-06  3.06974964e-06  2.11414787e-06
 -3.06878353e-06 -1.68650965e-06  1.99946784e-06 -6.21422854e-06
  4.58073214e-06 -1.89198499e-06  2.96187864e-06 -1.19187387e-06
  5.94843965e-07  4.17064844e-07  6.95898185e-06 -1.72201311e-06
  3.95421825e-06  7.69110701e-07 -2.42363701e-06 -3.48606378e-06
  4.29580624e-06 -1.31853495e-06 -1.02632570e-06 -7.91013280e-07
 -4.46557104e-06 -2.03466748e-06  1.46751101e-06  1.76678070e-06
 -6.49722334e-07  2.79500972e-06  0.00000000e+00  1.17270873e-06
  4.01169841e-06  1.27070819e-06 -1.19033406e-06 -2.94386565e-07
 -1.23557881e-06 -5.73419041e-07 -2.22098016e-06  2.08875366e-07
 -1.94235718e-06 -4.11207377e-07 -1.55742307e-06 -1.47793515e-06
 -2.82548128e-06 -8.40883148e-07  5.57967857e-06 -3.46434834e-06
  1.31310778e-06  3.38056182e-06  1.21818854e-06 -2.84166466e-06
 -9.90977862e-07  2.73116462e-07  3.66930607e-07 -5.55532121e-07
  2.58148268e-06 -1.50326309e-06  1.07287338e-06  2.62725420e-06
  1.16556505e-06  2.88631555e-06  1.64291536e-06  2.18344971e-06
  0.00000000e+00 -4.01292838e-06  1.72761288e-06  3.04065362e-08
 -4.35599053e-06  6.99672645e-07  1.79206063e-06 -3.59574019e-06
 -1.43695524e-06 -1.46474578e-06  3.48184948e-06 -2.55148481e-06
 -4.55180027e-07 -3.32820576e-06  2.50466569e-06 -8.30885068e-07
 -1.03277211e-06  1.10265293e-06  2.72449070e-06  3.15668247e-07
  2.49928124e-07  6.03147230e-07  2.22828689e-06 -4.31354694e-07
 -1.01535905e-06 -1.55725534e-06  5.20392863e-07  5.35834416e-07
 -3.99982670e-08  2.70487505e-06  5.02727189e-07  4.07996082e-06
 -7.04788509e-06  6.07063152e-07 -1.16436546e-06  1.22580931e-06]","[-159.43253322 -159.6878156  -159.45703595 -158.50033158 -158.73936487
 -159.23966123 -158.8409055  -158.74191953 -157.55417905 -159.89295179
 -159.6836445  -159.73143676 -159.60850849 -159.32312172 -159.08591024
 -159.37735233 -159.22028046 -158.58372317 -158.30298105 -159.91722566
 -159.52266897 -159.12469654 -159.47327488 -157.97229137 -158.2553239
 -159.18326469 -159.12926426 -159.34990793 -158.37366668 -159.27829067
 -158.33689401 -158.96150213 -159.17352967 -159.25069964 -159.31880226
 -159.02115173 -159.25469635 -158.93134933 -158.62864165 -159.34175384
 -159.65138025 -157.80918034 -158.03780642 -160.26487817 -159.55398883
 -159.80145543 -159.6957715  -158.83804729 -159.59521189 -158.59545074
 -159.02187297 -158.98482168 -158.52590122 -159.97560528 -159.29844451
 -158.06651622 -159.25089471 -160.52939946 -159.32444158 -160.55321901
 -159.14682088 -158.27952566 -159.92090762 -158.2062799  -158.23809987
 -159.63621116 -159.52137841 -159.83427682 -159.75340679 -160.24141293
 -157.70993347 -160.42136849 -158.29330994 -158.53863101 -158.58045095
 -159.93340205 -159.35507513 -160.16686521 -158.93283313 -158.34807409
 -159.43720967 -159.5674416  -159.06462508 -158.26773092 -159.18102954
 -160.66084629 -161.02067458 -159.5662185  -158.20299888 -159.97770008
 -159.20535662 -159.79892488 -159.1025056  -158.24242572 -157.92857321
 -158.82208164 -159.87586027 -159.71803898 -158.71522151 -159.40766755]",0.6080000000000001
67,0.8352046912033528,"[ 3.54327661e-06  3.85890896e-06 -5.36467464e-06  2.59905250e-08
  2.26824530e-06 -1.20298430e-06 -2.38044156e-06 -2.15093769e-06
  7.25581567e-07 -1.38203199e-06  4.65861458e-06  6.43697712e-07
  1.94895217e-07  3.95546530e-07  1.06256708e-06  2.87881419e-06
 -3.94350297e-06  3.69518073e-06  2.57127670e-07 -5.13959453e-06
  0.00000000e+00  4.80438479e-07  1.21627369e-07 -9.79611584e-09
 -1.01469835e-06 -2.35392881e-07 -5.79066721e-07  5.77487889e-08
  2.09298971e-06 -7.95359009e-07 -1.75001735e-06  6.48746214e-07
  4.03700163e-07 -2.05954245e-06  7.20195045e-08 -1.16019312e-06
  4.43490617e-06  3.99308246e-06 -4.75919163e-08 -1.45628057e-06
 -2.97055095e-06  3.42250571e-06  2.07648145e-06  2.63465934e-06
 -5.49970339e-07 -4.33218933e-06  7.29895215e-08 -2.04047375e-06
 -7.35206713e-07 -1.52704516e-06  5.43109065e-07 -1.76803172e-06
  2.89741549e-06  1.58571904e-06  3.45746588e-06 -1.69599304e-06
 -1.64175200e-06 -2.17186178e-06  2.23601577e-06  2.89550318e-06
 -6.89245321e-06 -4.77202502e-06  3.05111670e-06 -5.39588113e-07
  3.47617247e-07 -1.66433422e-07 -2.51918837e-06  1.08400173e-06
  2.88799023e-07 -2.20631630e-06 -1.12644890e-06 -1.81835793e-06
  1.21508711e-06 -1.01407216e-06 -2.80821315e-07 -2.34371904e-06
  8.17409352e-07 -2.02985078e-06  4.05928040e-06 -7.79347563e-07
 -3.11176651e-06  2.41781414e-06 -2.16373275e-07  2.44769455e-06
 -5.12266716e-07 -1.04575734e-06  2.35814393e-06 -2.63828469e-06
  9.04455822e-07 -3.58109116e-07  3.71962417e-06  2.39246659e-06
  2.70499351e-07  2.84871963e-06  5.14889825e-06  3.94696980e-06
  5.22976663e-06  3.20043437e-06 -2.14424067e-06 -3.20994846e-07]","[-159.45116231 -159.18704939 -159.38637645 -157.86776521 -159.68833501
 -159.77878956 -158.77396842 -159.1985835  -158.11450296 -157.7336226
 -159.88432835 -157.97274374 -159.36122695 -159.4979686  -157.9083477
 -158.72179646 -158.44036497 -158.36302362 -157.04705458 -159.45801965
 -157.55417905 -157.67685672 -159.28660788 -158.02748768 -159.67675478
 -158.41905174 -159.81083585 -158.88900849 -158.75843297 -159.12574143
 -158.54386585 -157.24587633 -159.80317705 -160.55869587 -157.37033587
 -157.48258396 -159.65971039 -158.51398415 -160.00236335 -159.0902381
 -160.4154183  -159.17389622 -158.97841992 -159.46150835 -158.28867919
 -158.03860607 -159.0627959  -158.71412674 -159.08755344 -158.51386768
 -160.43377425 -159.57242332 -158.45457987 -157.69848318 -160.38720015
 -158.56260804 -160.01872438 -159.43128681 -157.91149197 -159.00748098
 -158.39908833 -160.19723069 -160.47649809 -158.77423502 -160.15715796
 -158.38361829 -159.97592712 -159.17260713 -158.93161858 -157.98117025
 -159.45776791 -157.99195048 -159.45607008 -159.7241289  -158.40125056
 -159.69207116 -159.38164306 -158.13495742 -160.41847312 -158.39498709
 -157.83180478 -158.53656269 -159.64773496 -159.89982132 -157.24843663
 -159.42508102 -158.19313173 -158.52076066 -160.23050879 -159.46449269
 -159.48621729 -157.71756605 -160.13093835 -158.78864779 -159.07631299
 -159.41452079 -159.18894045 -158.97550987 -158.45282142 -159.54706641]",0.605
68,0.818445239238148,"[-4.91946226e-07  3.84209169e-07 -2.49469714e-07 -1.19730569e-06
 -2.15214022e-06 -2.86548358e-06 -2.65760951e-06  2.24731081e-06
  3.62960040e-06  0.00000000e+00  3.91590738e-06  3.02199924e-06
 -2.90673950e-08 -2.01645648e-06 -5.09595082e-06  2.94436272e-06
  1.66105651e-07 -3.76169857e-07 -1.45713686e-06  1.30372553e-06
 -1.14988485e-06 -1.97993519e-06  5.18390109e-06 -1.35748903e-06
 -2.45178012e-07  8.88867156e-07 -4.79210662e-07 -1.57579811e-06
  3.42098424e-06  4.70148777e-06 -2.34122195e-06 -9.88962545e-07
 -8.62323283e-07  2.24402565e-06 -1.63878105e-06  1.42862529e-06
 -5.06035455e-07  6.59376810e-07  0.00000000e+00  1.22258205e-06
 -3.36533645e-06 -1.96652504e-07  3.84674262e-07 -1.19403468e-06
  9.22425544e-07  3.58153848e-06  1.51837275e-07 -1.77734308e-06
 -3.25155705e-06  4.71868672e-06 -4.90815358e-06 -1.10356731e-06
 -1.72194757e-06 -3.18796744e-06  7.20396598e-07 -6.86501259e-07
  2.52704680e-06  1.07358155e-06 -2.43631830e-06  1.43100601e-06
 -9.89283836e-06 -5.00413755e-07  1.22994453e-06  1.21252507e-06
 -6.37210013e-07  8.79056825e-07 -3.01173424e-06 -1.39982214e-06
  4.72563002e-07 -4.11730540e-06 -4.06480505e-07  1.53677398e-06
  5.60615484e-06 -2.54669560e-06  1.24156141e-06 -3.35208899e-06
  1.79425631e-06  1.12711920e-06  5.89436421e-07 -1.85544721e-06
  2.18467750e-06 -3.09313318e-07  1.78939145e-06  8.16294770e-07
  5.74779449e-06 -1.34213532e-06 -3.88904251e-06  3.05911558e-06
 -1.33027179e-07  1.15764751e-06  3.54547773e-06  1.28690717e-06
 -2.16477110e-07  2.19703958e-06 -5.20779316e-07 -7.17031017e-06
  2.08371534e-06  4.25993814e-06 -2.24496476e-06 -3.00719146e-07]","[-159.20991813 -157.89564474 -158.57998551 -160.42637567 -159.04281788
 -159.69984204 -158.42567574 -159.60938344 -159.42499392 -157.7336226
 -160.47673655 -158.14780719 -158.65253905 -159.39712747 -159.27737086
 -158.97739151 -158.63125402 -160.13484811 -157.25860022 -159.30608445
 -159.06539055 -159.6077459  -158.87562967 -160.37327816 -159.15899986
 -160.91517538 -160.56288227 -157.33297089 -158.70369811 -159.49564312
 -159.07578875 -159.81875259 -159.56705469 -160.09160772 -158.55769857
 -158.02687699 -158.38027912 -159.54324293 -158.28867919 -159.24055522
 -159.60381991 -158.99015321 -158.55901556 -158.3052127  -158.39074005
 -159.41080086 -157.63337992 -157.37291767 -159.02769131 -159.42420349
 -159.05074648 -157.82300247 -158.37216986 -158.90485786 -158.49678564
 -156.63063498 -159.11862104 -159.50297045 -160.45497984 -158.4174115
 -160.31242384 -157.98036027 -159.08452701 -159.15438131 -158.5974448
 -158.83673946 -160.31237721 -158.31074472 -157.69848318 -158.96043658
 -160.27428683 -158.83696158 -159.76896541 -159.31909811 -159.09604627
 -159.07903732 -158.71420289 -159.44774971 -157.79312691 -160.24557253
 -158.33114633 -158.05583742 -158.22863807 -159.65089239 -159.92166224
 -158.27777543 -157.97068017 -157.88577473 -159.2149468  -159.15957457
 -158.30751189 -158.02159345 -159.25162816 -159.05165331 -159.85288439
 -159.49542193 -159.27253087 -159.99093524 -158.90237024 -158.59978888]",0.5529999999999999
69,0.8019953227567629,"[ 5.52260347e-07 -1.43655359e-06  8.54893805e-07  2.39455402e-06
  1.19047573e-06 -1.32665167e-06 -3.56021272e-06  2.91782844e-06
  5.57739082e-07  2.86810773e-06 -1.70853078e-06  1.22917481e-06
 -5.00528093e-07  9.09065600e-08 -3.77618144e-07 -4.90408098e-07
  1.94400654e-06 -1.45800514e-06  2.72624832e-06 -2.08855970e-07
 -3.41572437e-06  2.19568299e-07  4.30148284e-06 -4.58573134e-07
  4.04689607e-07  5.98900520e-07 -2.04708835e-06  2.05297264e-06
 -8.34681037e-07  4.55260131e-06 -1.28237901e-06  1.52423035e-07
 -1.66998243e-06 -1.51582694e-06  8.89307331e-07 -1.15846913e-06
  1.80804152e-06  1.80665945e-06  9.73176610e-07 -9.01558514e-07
 -6.07759953e-08 -3.00532303e-06  4.04480412e-06  1.99412238e-06
  1.53112567e-06 -2.42532787e-06 -3.58521125e-06 -3.83943973e-06
  1.18492262e-06  3.83140610e-06  1.72997192e-06  9.23224158e-07
  2.31197489e-07  4.73415656e-06 -5.75180510e-07 -2.56944031e-06
 -1.53439626e-06 -2.28374213e-06  2.07612550e-06 -6.36216551e-07
  1.90253656e-06  3.82407510e-07 -1.18972144e-07 -1.35175398e-06
  1.98510814e-07  7.88964581e-07 -2.93872678e-06 -4.47446777e-07
 -1.02098188e-06 -6.21955350e-07 -1.72425880e-06  2.74223359e-06
  1.97200550e-06  2.21339109e-06  1.99617993e-06 -1.76754522e-06
  1.87128787e-06  1.78291980e-06 -6.94898672e-07  1.15803282e-06
 -1.57691417e-06 -5.52235057e-06  1.18429017e-07 -5.73869102e-07
 -4.08549089e-07  2.20814518e-06  1.52960024e-06  2.96637785e-07
  4.93235081e-07 -4.15867947e-07  1.49065667e-06  1.33305949e-06
  2.55598572e-06  9.79100130e-07  3.19966792e-06 -8.33620525e-07
 -7.79737653e-07 -1.63441832e-07 -2.98891340e-06  2.54074005e-07]","[-157.92489023 -158.1610784  -158.28587296 -159.37496119 -158.66220955
 -158.79947523 -158.91790084 -158.29302331 -158.47701654 -158.61381778
 -157.1234916  -158.85538377 -159.24920256 -157.34099256 -159.50676868
 -157.63713953 -158.94082776 -158.60799415 -159.39477746 -158.64118299
 -157.60796093 -158.53651416 -157.86568597 -159.19301499 -158.07961004
 -157.72543404 -158.00043103 -157.67549537 -157.62251737 -159.76472749
 -160.65680401 -159.68021919 -159.95002136 -157.23546779 -158.32515372
 -158.3895244  -158.63721796 -159.61567321 -159.03488618 -160.22502107
 -158.93354785 -157.80137653 -159.66740845 -158.47384054 -159.08079225
 -158.89572134 -159.88107564 -158.7005687  -160.14435172 -160.20927818
 -158.95704024 -158.32244224 -157.2043765  -159.44087739 -160.21857833
 -158.25506736 -158.51956754 -158.0084123  -159.33293089 -158.18953348
 -159.086448   -159.63448266 -160.32198539 -157.43864103 -158.33375984
 -158.13739159 -158.68164738 -158.86282063 -159.16794736 -158.9042083
 -159.96924459 -158.21305238 -157.48309068 -159.20423214 -159.91796332
 -156.49094881 -157.43062458 -157.73765335 -158.51816715 -159.31904689
 -159.75406237 -159.43138514 -156.94368055 -157.66636442 -157.96544293
 -158.47767628 -158.00176896 -158.0636536  -158.94012157 -158.199963
 -158.8708792  -158.48820471 -158.81048829 -158.00282675 -158.47827342
 -158.29917802 -158.25650841 -158.37880904 -158.77683922 -159.71232392]",0.552
70,0.7864541547717594,"[-2.67237478e-07  0.00000000e+00 -7.23695018e-07 -6.34475459e-06
 -7.80366749e-07 -1.13130517e-06  4.97903008e-09  1.35096071e-06
  1.53231049e-06  8.00950963e-07  2.85228337e-06 -6.97689800e-08
  6.55494218e-07  4.65749604e-06  3.22821666e-06  3.99955962e-07
  2.42913184e-07  1.66287539e-06  4.24372672e-06 -2.20917155e-06
  1.71827340e-06  7.54274727e-07 -1.41427067e-06 -1.45492280e-07
  5.25698897e-06  3.01828882e-06  2.86662710e-06 -2.69677007e-06
  2.21695493e-06  2.91094871e-06  2.08844196e-06  8.84645218e-07
 -1.22862717e-06 -1.63650507e-06 -3.33828606e-06  1.54686230e-07
  6.72652862e-07  2.48753636e-06 -3.44664350e-06  1.14431268e-06
 -6.66288476e-07 -6.06758152e-07 -1.78851904e-07 -1.30024047e-06
 -9.78791046e-08 -1.25193270e-06  2.03957291e-06 -1.26810661e-06
 -2.48768739e-07 -5.26206054e-06 -5.43770018e-08  2.34514766e-06
  1.00292277e-06  3.29714324e-06  9.03382379e-07  1.86798684e-06
  2.12905203e-06 -1.11096857e-06  2.19151295e-06 -2.66681554e-07
  3.53552771e-06 -3.12422691e-06 -2.98481744e-06  3.19952295e-06
 -7.70654942e-07  1.58095220e-06 -2.05372675e-06 -1.60116875e-06
 -3.93167786e-06  2.34565770e-06 -1.39172940e-07 -3.07161136e-06
  1.74505217e-06  1.54273892e-06 -1.85645751e-06 -3.12177163e-06
 -1.80075377e-06  3.23211097e-06  4.19333877e-06 -1.18714026e-06
 -1.44895181e-06 -1.30866512e-06 -4.59025064e-08 -1.49153969e-06
 -6.88772220e-06 -9.63280404e-07 -1.39017472e-06  1.91749169e-06
 -2.92306180e-07  3.23516687e-07  4.04472799e-07  1.40298177e-06
 -2.76401223e-07  3.20004675e-07  6.95745220e-07  1.45765352e-06
 -6.76751316e-07  3.75662262e-06 -2.71414803e-06 -3.92767358e-06]","[-157.60020433 -157.67549537 -159.43659376 -159.52854519 -158.62756818
 -158.1163409  -158.85643222 -159.76347042 -158.05346239 -159.70690067
 -159.85077511 -160.0848685  -158.72771406 -158.83958576 -158.49510948
 -158.78086324 -156.66530983 -157.99079234 -158.82000373 -159.23439814
 -157.78372756 -158.02578912 -157.39314433 -159.12609485 -158.90859197
 -159.53380345 -159.79207842 -158.28108692 -158.77061195 -159.93669251
 -158.4538564  -158.42422522 -158.59906095 -157.87429716 -158.94427957
 -158.09719773 -160.00509921 -158.66217386 -157.72796391 -158.45064288
 -158.35626101 -157.0544461  -157.94866532 -158.65028528 -160.59640545
 -159.05412225 -158.35021158 -157.70656749 -159.5608443  -158.86288759
 -158.6662278  -158.72220382 -157.72373363 -158.53000873 -159.17828458
 -160.08842122 -159.47362771 -158.18264529 -157.3523816  -158.343608
 -157.55738818 -158.23576744 -159.25449798 -158.21146327 -159.36598076
 -158.92313335 -159.27356827 -160.36959692 -159.17014617 -159.14888309
 -158.08193599 -160.33310261 -158.4700248  -159.74747479 -159.74042653
 -158.46674439 -158.12406385 -160.32144087 -159.15895317 -159.69067524
 -157.5178527  -158.86962222 -157.46618299 -160.09248936 -159.74661195
 -160.01565113 -158.68517253 -159.25746438 -157.56169212 -159.94590173
 -157.85128324 -158.61620622 -158.56837667 -158.07595678 -157.65287371
 -157.92129389 -159.87780687 -158.56252378 -158.86142351 -160.37389988]",0.5589999999999999
71,0.773317961777021,"[ 5.11458643e-07  1.74637333e-06  1.19087367e-06 -1.41540898e-06
  3.22351694e-07  2.56697644e-07  2.33816000e-06 -3.31245405e-06
 -1.50276008e-06  1.51341230e-06  3.77690674e-06  4.51529113e-07
 -2.51624436e-06 -3.38615064e-07  2.03943136e-06  5.75527018e-06
  4.32772723e-06 -2.20755369e-06 -6.21750007e-07 -8.49882140e-07
  3.48818529e-06 -8.86689899e-06 -2.34552299e-06  1.51626224e-07
 -3.32331647e-07  9.11767274e-07 -4.44709691e-07 -3.50999739e-06
 -1.51964178e-06  5.48391987e-07 -2.33055337e-06 -2.61718788e-06
  1.49802979e-06 -5.48518329e-06 -2.63815816e-06  2.28766712e-06
 -5.01270626e-07  1.73185594e-06 -1.57719242e-06 -9.82436238e-07
 -1.72232462e-07  1.96158851e-06  4.66942618e-06 -7.58477903e-07
 -1.03604468e-06  2.95315887e-07  1.25273631e-06 -1.30010141e-07
  1.39471106e-06 -2.20570058e-06  6.48934009e-07  2.72281265e-06
 -1.65540565e-06 -2.19705001e-06 -1.54646113e-06  1.33178274e-06
  1.57199925e-06 -2.25285189e-06 -2.59552721e-06 -2.10333477e-06
  2.12013356e-06  2.34836282e-06  3.05258227e-06  2.11969896e-06
  2.44078105e-06 -1.51052338e-06 -1.99264297e-07 -3.94279606e-07
 -2.29607478e-06 -3.10561184e-06  1.60913346e-06  1.40306093e-06
 -4.87883206e-06  1.47485947e-06  2.19883229e-07  3.22147911e-06
 -2.43290482e-06  2.36535019e-06 -2.64532097e-06 -1.52847693e-06
  3.98611906e-06  1.37110002e-06 -4.79478851e-06 -2.27356251e-06
 -2.79795160e-06  1.70779509e-06 -2.29154759e-06 -6.66960849e-07
 -5.29000000e-07 -6.42079205e-07 -8.60424546e-07  1.34499347e-06
 -1.88330500e-06  2.93470312e-06  2.74770540e-06  1.59013586e-06
  5.00268845e-06 -3.16039774e-06 -4.30764274e-07  9.26289197e-07]","[-158.41413084 -157.87767107 -158.63317331 -157.93771736 -157.75249875
 -158.62528959 -158.01054237 -158.44544767 -157.67582015 -158.19507137
 -158.01945448 -158.86530379 -157.76179653 -158.58279081 -157.74994991
 -159.05329493 -158.65011999 -158.79714918 -158.10655089 -158.9501989
 -158.79033245 -158.88337184 -158.29084722 -159.27468158 -158.12812822
 -157.60199681 -159.3311234  -156.72340834 -158.5751565  -158.85509641
 -159.60388506 -159.87490522 -157.20893047 -157.52985782 -159.10507849
 -158.09327099 -157.70090318 -160.63870154 -158.7520935  -158.91114387
 -158.55601554 -159.54589193 -158.18462374 -159.50155054 -159.31738269
 -158.51757978 -157.65472676 -159.25614329 -158.11742684 -158.14913571
 -158.16929724 -158.99528863 -157.5374315  -158.58989285 -157.78574333
 -158.38023289 -157.71797482 -156.89105802 -157.88207562 -157.77070099
 -159.77874613 -158.10462001 -157.62277604 -157.85941766 -159.56525378
 -158.80228425 -159.06295182 -157.84604732 -159.08021617 -158.51742109
 -159.0540574  -158.45499439 -158.19801149 -157.16905906 -158.67817496
 -158.25214814 -159.24673425 -159.63158791 -159.39764209 -159.28985088
 -158.78076592 -157.87950513 -158.25079276 -157.09460739 -158.80101127
 -157.15268265 -158.06877772 -158.17348721 -158.41628179 -159.63787084
 -156.61221143 -158.33304832 -158.85293589 -158.45196179 -158.28743996
 -157.26474605 -158.15833073 -159.3604842  -158.27177134 -157.7194533 ]",0.572
72,0.762049191513055,"[-4.14068639e-06  2.87086972e-06  5.58105384e-07  1.49230866e-06
 -6.87512829e-07  1.60299094e-06 -2.80578397e-06  5.19866970e-06
  3.68916276e-06  9.78581224e-07 -4.83592470e-07  1.09558204e-07
 -5.22210434e-06  3.53303619e-07 -9.73396913e-07  8.19939674e-06
 -2.41067258e-06 -2.19445226e-06 -2.16894155e-06  2.07306640e-06
 -2.46415649e-06 -3.27929012e-06 -8.49335262e-06  4.05266820e-07
  7.61559356e-07  1.70822589e-07  4.24347949e-06 -2.75630026e-06
 -4.46908206e-07 -1.28599958e-06  1.18159791e-06 -7.05820531e-07
 -3.47788729e-06 -1.60696304e-06 -7.93432072e-08  1.40716834e-06
  5.08395921e-06 -1.90684069e-06  2.37750802e-06  2.06075818e-06
  5.44297777e-07 -2.49476398e-06  3.10443780e-07 -1.66896115e-06
  3.55651079e-06 -2.33833330e-06 -1.52253497e-06 -4.97306048e-09
 -9.54908871e-07  2.11843025e-06 -1.15350104e-06 -2.23420314e-06
  1.71630933e-06  3.85062295e-06 -1.15728357e-07  4.19931881e-06
 -3.36667355e-06 -2.19533601e-06  0.00000000e+00  3.28723564e-06
  2.83583948e-06 -1.54044919e-06 -1.89349844e-06  1.28371097e-06
  3.45439024e-06 -2.91141255e-06  1.27231828e-06 -2.80669419e-06
  1.58196835e-06 -4.52666326e-07  1.36737396e-06  1.06322236e-08
  0.00000000e+00  1.95161696e-06  3.34289388e-06 -2.04318572e-06
 -5.39579970e-06 -2.45433784e-06  4.17014446e-06  1.79334151e-06
  4.39537829e-07  4.98725369e-06  2.75787789e-06 -1.05487771e-07
 -3.59136067e-07  1.71605999e-06 -3.43745281e-07  2.20130256e-06
  2.94600338e-06  1.43734761e-06  4.44611605e-07  2.28536608e-06
 -5.71067883e-07  2.94973960e-06 -2.05705317e-06 -2.48546049e-06
  1.44586898e-07  1.73403409e-06  1.36540919e-06  1.52488234e-06]","[-159.21499649 -158.06414071 -159.37810499 -160.26251414 -157.84489888
 -158.65899406 -158.81543016 -158.70618994 -158.96451754 -159.52379288
 -158.85471548 -157.63521264 -159.15086957 -159.21141471 -158.33241728
 -159.343606   -157.69576773 -157.01906841 -158.20182536 -159.32036921
 -158.50643639 -158.6494864  -156.78582241 -158.28351922 -157.16905906
 -158.29589343 -158.43217233 -158.85457815 -157.86940404 -156.02199938
 -159.86563933 -159.43721707 -158.46082307 -157.77509286 -159.01660667
 -159.05327798 -157.78319286 -157.63070867 -159.59094372 -157.92069252
 -158.07096728 -160.15183001 -159.4581605  -158.71297479 -159.69451333
 -159.7046982  -158.82893114 -158.85908092 -158.52584567 -158.65105246
 -158.54957314 -158.07235906 -157.3468479  -158.81397743 -156.58136492
 -158.78906903 -157.76194595 -160.13579787 -157.62277604 -159.375945
 -159.16209765 -158.92645445 -158.36587979 -157.46637869 -159.04295587
 -157.17206387 -158.59714972 -157.97190657 -158.2087888  -158.03232974
 -159.00370671 -157.15860055 -156.61221143 -158.44216203 -158.84662407
 -157.94615296 -159.43145191 -159.17384017 -158.72299448 -158.7386982
 -158.4884479  -157.2531274  -158.18235553 -156.94427495 -159.16048427
 -156.63924275 -157.74879237 -157.61869016 -157.20234166 -159.52871857
 -157.83836058 -159.23435115 -158.54854736 -157.40552815 -158.40136701
 -157.94050064 -156.49140863 -159.58916109 -158.46231565 -158.58913059]",0.5599999999999999
73,0.7490762970580149,"[ 7.82895421e-07 -3.75928030e-06 -2.45038376e-06  2.06072875e-06
 -4.67232784e-06 -7.16006819e-08 -7.93149305e-07  1.53015283e-06
 -1.93959768e-06 -7.10876614e-07 -1.54246017e-06 -2.47572864e-07
  1.55228529e-06  2.05686326e-07  4.08280534e-06  1.11819109e-06
  8.07363137e-07 -2.03813077e-06  3.53200114e-06 -2.41607881e-06
 -2.86103043e-06  2.37024340e-06  3.25541506e-07 -5.17337894e-07
 -8.33426429e-07  2.09879374e-06 -1.35290305e-06 -1.66854518e-07
 -2.37906487e-06  2.12998818e-09  2.33850055e-07 -7.89694929e-07
 -2.50175525e-06  1.25694016e-07  0.00000000e+00 -9.89648449e-07
 -2.69795220e-06 -1.39822917e-06 -1.11060316e-06 -1.35139863e-06
 -3.79058404e-06 -2.98077903e-06  1.14859558e-06 -1.59111640e-06
 -9.80761380e-07  0.00000000e+00 -1.18514912e-06  5.42772898e-08
  1.15744830e-06 -7.12682590e-07  1.42917705e-07  7.81041144e-07
 -3.34218883e-06  1.00194200e-06 -4.05986187e-07  3.28055139e-06
  2.83990841e-06 -2.68537620e-06 -1.20579872e-06  8.71336358e-07
 -2.67339401e-06  5.38462717e-07  1.36036406e-07  1.77070871e-06
  2.59570184e-06  5.69785395e-08  4.09337991e-06  3.97527516e-06
 -6.89588483e-08  1.19755598e-06 -2.81714396e-06  5.61469453e-06
 -1.27917508e-08  3.93448581e-06  2.89731042e-06 -1.04207027e-06
  1.58944780e-06  1.85164615e-06 -1.22760554e-06  2.62890329e-06
  2.08452385e-06 -2.52718998e-06  6.49192342e-07 -1.82469765e-06
 -1.90330206e-06  9.05459613e-08  3.35049929e-06 -6.47383748e-07
 -2.39256135e-06  2.22548053e-06  1.84698256e-06  6.69533074e-06
  4.03202709e-06 -2.91227743e-06 -1.98753072e-06 -1.10129107e-06
 -8.44117965e-07  2.79051586e-06  1.37445696e-06  3.62212076e-06]","[-159.94077678 -159.33542586 -159.61967857 -159.7789278  -159.18781467
 -157.36495495 -155.9176665  -159.12019351 -159.30496342 -156.17162045
 -158.24334563 -157.73300732 -158.86035689 -157.89944211 -158.08606561
 -158.01358076 -157.69635696 -156.82274552 -157.20844375 -158.99256026
 -158.68538907 -158.8173192  -157.38625626 -158.50314527 -157.47766858
 -160.02133622 -158.1074909  -158.28889675 -158.44934743 -160.54409134
 -157.59664788 -158.66423416 -158.12973143 -157.70497341 -157.17206387
 -157.82308447 -158.40914863 -159.97426338 -157.91858816 -158.75806826
 -158.21711948 -157.0899101  -158.97017928 -157.44218034 -158.81036721
 -156.94427495 -157.40166692 -157.14315921 -158.03429075 -157.8071438
 -159.43472207 -159.14689877 -157.9923146  -158.03700794 -158.02042333
 -157.63457036 -158.52885094 -159.62926441 -158.60566111 -160.00381094
 -157.38097925 -158.41589849 -158.0952226  -158.16458168 -157.14033631
 -159.17000137 -158.27872659 -158.71808046 -158.47688337 -158.95398248
 -159.53213806 -158.30806554 -158.63609294 -157.7924296  -158.3030927
 -158.33982895 -158.97766072 -158.76988752 -159.7085504  -157.42735525
 -157.46459154 -158.27440993 -157.79072505 -157.14772815 -159.55143652
 -157.88479851 -158.35556187 -160.4789575  -159.29605129 -158.13449552
 -157.70427829 -159.07359045 -158.31053328 -160.07222258 -157.92284207
 -157.7476535  -159.61397451 -159.3401294  -158.19750757 -157.98328002]",0.581
74,0.735176890073701,"[-2.98465746e-06  2.72442881e-06 -5.61233315e-07  2.45294256e-07
 -1.13194960e-06  1.34852413e-06  2.41160587e-06 -3.17451011e-06
  4.03130080e-06  2.22577344e-06 -2.80800592e-06 -5.31510135e-06
  7.69324306e-06  1.63601426e-07  4.00754067e-06  3.76818056e-07
 -2.86256745e-06 -1.74529501e-06 -3.07695094e-06 -4.72482659e-08
 -3.49694558e-08  2.82926022e-06  3.03774790e-06 -5.31815843e-06
  3.16501929e-06  4.08673864e-09  1.92089166e-06  1.80742540e-06
 -2.99314102e-07 -7.00471258e-07 -1.90383865e-06 -1.11130327e-06
  1.47497704e-06 -3.52664508e-06 -3.02218332e-06 -1.12889227e-06
  9.32059258e-08 -3.46526986e-06  0.00000000e+00 -8.97561735e-07
  5.88576649e-07  2.11653147e-06  2.34814020e-07 -1.74361629e-06
  1.64366951e-07  3.17577049e-06  1.24359910e-07  2.27873367e-06
 -2.87713684e-06  3.61967291e-06 -1.15940013e-06 -1.00428157e-06
 -3.76723280e-06  3.77631715e-06 -8.50293040e-07 -5.39376947e-06
  3.01075778e-06 -3.31645367e-06 -9.99787838e-07  6.72688069e-07
 -2.23120533e-07  3.03875643e-07  1.89802502e-06  1.02734973e-07
  1.65589296e-07 -3.26474906e-06  2.34342355e-06  0.00000000e+00
  1.61951113e-06 -1.95730929e-07 -7.76342347e-06 -1.12521941e-06
 -2.12485503e-06 -1.07817367e-06  0.00000000e+00 -4.58273510e-07
 -9.46826744e-07  1.52935596e-06 -4.37075086e-07 -2.59315305e-06
  4.71179291e-06  5.69439661e-07 -1.50518254e-06 -3.25064949e-06
 -3.90633196e-06 -1.20390215e-06  1.11215393e-06 -1.53424547e-07
  1.12985710e-06  5.62499425e-06 -7.72763039e-07 -1.38850396e-06
  2.70920297e-06 -1.09550597e-06 -2.75149150e-06 -4.42701870e-06
 -4.92150584e-06 -5.35944064e-07 -1.61107307e-06  3.35973873e-06]","[-158.76769601 -157.924013   -157.35586031 -158.32754955 -157.64878181
 -157.80656796 -158.11962745 -156.55546184 -158.42897052 -156.44306694
 -158.82511674 -160.12064202 -158.94820987 -159.69504791 -159.27864063
 -159.31638443 -159.57738802 -156.0272366  -158.24004591 -157.45023498
 -157.60858321 -157.60240861 -158.42492596 -158.01861276 -158.82775351
 -158.38079799 -157.06985021 -157.95240944 -158.34121226 -157.95762568
 -158.04612221 -158.5403427  -158.54037381 -157.28780151 -158.26798116
 -157.02966576 -157.98100498 -158.55099946 -156.17162045 -160.24748086
 -158.14555539 -158.55629697 -157.95251986 -159.02985515 -156.59225895
 -158.26054662 -158.35452496 -158.51073343 -157.12013176 -157.82986683
 -159.42598466 -156.95354976 -158.47106499 -158.98677475 -158.82913507
 -157.90134913 -159.19690453 -159.49499157 -159.42174592 -158.01642821
 -158.99726373 -158.67965235 -159.01785144 -158.39082604 -157.20329187
 -157.03427961 -157.56718379 -157.14033631 -160.07378102 -158.26299065
 -158.62765131 -159.42023903 -157.51330942 -158.2643932  -157.14033631
 -157.88717059 -158.23291462 -158.19171749 -158.57555954 -156.54314957
 -158.73253133 -159.17872325 -157.16747002 -157.98047235 -157.18613762
 -157.68340859 -157.94426031 -157.24425298 -158.39723524 -159.41364838
 -159.44584455 -157.40197982 -157.58284168 -157.0496898  -157.23452917
 -158.12814225 -157.98775389 -156.84596688 -159.87311541 -157.46381059]",0.5219999999999999
75,0.7205983293945005,"[-3.09624625e-07 -5.07700277e-06 -5.23864246e-06 -7.42451486e-07
  4.69902567e-06 -1.43733905e-06  4.23515626e-06 -3.70912737e-06
 -2.39344844e-06 -1.53692922e-06 -2.87730041e-06  2.01569322e-06
  3.95377925e-06 -1.90159209e-06 -1.95213156e-06 -1.09053901e-06
 -2.00186086e-06 -1.32438586e-06  5.02963872e-06 -1.33879940e-06
 -9.26652240e-08 -9.43003285e-07 -1.97860083e-07 -2.35425064e-06
 -3.24564279e-07  0.00000000e+00  6.05572852e-07  2.92076257e-06
  6.25678058e-07  1.82834769e-06  2.69127862e-07 -5.69351720e-07
 -1.17132833e-06  1.12292053e-06  1.53909688e-06  3.80310779e-07
 -1.47638761e-06 -1.29688992e-06 -1.73777564e-07  5.38563574e-07
  0.00000000e+00  2.75488198e-07  0.00000000e+00  3.10213373e-06
  2.97732474e-06 -1.83120587e-06 -1.31061451e-06  1.92478954e-06
 -3.20500755e-07 -1.58332991e-06  6.21851577e-07 -5.49748981e-06
 -2.12368434e-06 -1.45712525e-06  1.71904268e-06  7.75106605e-07
 -1.55139994e-06 -3.31483866e-06  9.43577655e-07  3.44229741e-06
 -1.73666298e-06  8.68135185e-07 -2.31777437e-06 -1.42794712e-06
 -3.35595843e-06 -1.75273707e-06 -1.64748289e-06  2.72505887e-06
  9.28544725e-07 -1.05193121e-06  1.43480946e-06 -2.27650112e-06
 -1.93526816e-06  0.00000000e+00  8.53012204e-07 -1.10398336e-06
  3.85246132e-07  2.33202181e-06  2.27412151e-06 -1.55254003e-06
 -8.62283950e-07 -2.31465878e-06  2.59091992e-06 -1.48026326e-06
  5.85878454e-07  3.42686088e-06 -6.74289826e-07  7.54115730e-07
  1.78512695e-06  1.12370619e-06  2.39051703e-06 -1.04375849e-06
 -2.10944963e-06 -2.92234687e-06  0.00000000e+00 -3.48934164e-07
 -2.78419218e-07 -2.15829938e-06  7.99130157e-07  1.92670297e-07]","[-158.93361522 -158.35055757 -157.0834821  -159.04590986 -158.25885307
 -157.34167097 -156.87343658 -157.51901614 -158.77172162 -157.63354169
 -157.41765802 -158.0699816  -159.72117538 -158.98713177 -156.49849421
 -158.48764677 -158.9109082  -157.87524157 -158.19857    -158.60325888
 -157.87929229 -157.25267708 -156.53196572 -159.17694109 -157.48069153
 -156.0272366  -157.12689819 -159.10947723 -159.40820221 -158.56229355
 -158.66995625 -157.22476837 -158.30343581 -157.93319837 -158.79303236
 -156.64100911 -159.16691953 -157.89174616 -156.45025217 -157.26888544
 -156.0272366  -155.95878849 -156.44306694 -159.97066008 -158.94725866
 -157.47923798 -157.01481964 -158.6249425  -157.83199618 -158.93449983
 -157.25707126 -157.34525132 -157.57857576 -160.38467886 -158.49327791
 -159.47937651 -158.64539031 -159.62834018 -156.49601354 -158.17868652
 -159.36702668 -158.29926808 -157.68664432 -158.14161714 -157.84269123
 -158.31714645 -158.27763194 -158.15168351 -159.1900825  -159.13808403
 -157.54861768 -156.8093344  -157.08760622 -156.55546184 -157.30927074
 -157.9426088  -158.7264476  -157.6322577  -157.78977449 -157.71295865
 -157.21115471 -157.90939489 -157.46296482 -157.67268416 -156.62836514
 -157.22287074 -158.0827966  -157.66541338 -156.58268549 -158.31815155
 -158.02138031 -157.54600762 -158.52149325 -159.0156099  -156.0272366
 -158.9176514  -158.57292362 -157.36978133 -159.01836777 -156.73240466]",0.5100000000000001
76,0.7087904439466456,"[ 1.03579944e-06  2.04339709e-07 -7.73911635e-07  2.33100163e-06
  5.78768122e-06  2.18725809e-06  1.32988966e-06  9.64970387e-07
 -2.81968991e-06  9.79753493e-07 -4.98855900e-06  8.03491365e-07
 -3.30790039e-07  3.30958049e-06 -2.39107480e-06  3.18354559e-06
  5.61651873e-07  1.98660451e-08 -1.17978834e-06 -6.86537469e-07
  2.03074197e-06  3.05205184e-06  1.35049432e-06  1.03201412e-06
 -7.20696450e-07  2.06063708e-06  1.29868146e-06 -3.28707794e-06
  1.48269237e-06 -9.18153081e-07 -4.18792064e-07  4.48675569e-07
 -8.42486745e-07 -2.36720217e-06  1.11369096e-06 -2.43572632e-06
  4.50498426e-07 -2.32281252e-06  3.47515688e-06  2.93839141e-06
 -4.48693031e-09  9.65539866e-07 -1.73763609e-06 -1.17705207e-06
 -6.04289071e-06 -9.02682147e-07 -1.30720036e-06  0.00000000e+00
 -1.10817686e-06 -8.60124413e-07  1.36576991e-06  1.46924532e-06
 -2.53516316e-06 -4.04379701e-07  3.45340874e-07 -1.32694872e-06
  2.09778874e-06  7.42907681e-07  2.50414290e-06 -1.38210067e-06
 -1.52639261e-06 -1.71343803e-06 -7.68406844e-07  1.52930497e-06
  0.00000000e+00 -3.71608494e-06 -1.57033426e-07 -1.13075045e-06
 -2.84618037e-06 -2.00845629e-06 -1.51864710e-06  5.64835767e-07
  6.45723101e-07 -4.42707896e-06 -2.30256796e-06 -2.94048299e-06
  1.77809216e-07  1.32561697e-06  3.33599788e-06  2.56933888e-06
 -1.47897592e-06 -5.78897836e-07 -3.65543900e-06  1.80185266e-06
  3.39497926e-06  1.63034288e-06 -1.59658573e-06  2.83080162e-06
 -4.47282370e-07  1.02700626e-06  3.39023026e-07 -2.83319140e-06
 -2.93952350e-06 -1.76941711e-06 -2.23910659e-06  3.34614344e-06
  9.26169070e-07 -2.49476578e-07  1.31443063e-06  8.83925464e-08]","[-159.67026303 -157.9933016  -157.57900396 -157.35575083 -158.93240583
 -156.84389117 -156.21273932 -157.62474465 -158.58455474 -158.15470014
 -158.01684674 -157.44245147 -158.52967096 -156.29403496 -159.11117412
 -157.61714617 -156.19268774 -158.15022683 -160.12835192 -157.47757738
 -158.31115385 -157.94584296 -159.11828286 -159.17907884 -159.23593555
 -157.74878146 -157.58679366 -156.85254725 -158.70431789 -157.5884009
 -158.72137569 -158.03166813 -159.69955274 -158.16251851 -159.13115439
 -157.03329326 -158.36383855 -157.23176922 -157.92433673 -159.12889449
 -158.29118469 -157.67001345 -156.64100911 -157.32275639 -158.12869524
 -157.7102731  -158.85647966 -156.0272366  -157.3715979  -158.30910666
 -158.46598652 -156.81138473 -157.93069603 -158.40811024 -156.49849421
 -157.97321043 -157.47971663 -157.96110642 -156.08723909 -157.1954186
 -159.19341898 -158.85105868 -158.4369311  -157.0181118  -156.62836514
 -158.25263467 -156.54578855 -158.12535123 -156.7897844  -158.80227341
 -158.43141997 -156.97735485 -158.68648357 -158.48435396 -157.32769705
 -157.10082412 -157.18067405 -157.62153592 -158.40231718 -157.74346155
 -158.33502221 -157.34525132 -158.06421705 -157.93012034 -158.5337218
 -157.91040232 -157.54650988 -157.36957013 -158.15964412 -157.99754776
 -158.27402218 -158.42388788 -158.58076534 -158.16467998 -158.57691563
 -157.53643726 -156.97905592 -159.24136748 -156.97217153 -158.1996094 ]",0.5149999999999999
77,0.696437710650256,"[ 1.67895439e-06  1.19651609e-06  4.10154807e-06  1.76520428e-06
 -3.50294900e-06  1.68470302e-07  0.00000000e+00 -8.64969796e-07
  6.38006733e-07 -9.73806597e-07 -1.94711356e-06  5.73224532e-06
 -7.98445757e-07 -2.98872380e-06 -4.46669428e-07  2.10202236e-07
 -2.02840478e-06 -1.34959803e-06 -7.55678704e-07 -2.34368445e-06
  2.93449019e-06  9.11338813e-07  9.03247594e-07  6.29594115e-07
 -2.93074524e-06  1.42302570e-06 -1.34603770e-06 -3.54834259e-06
 -7.82832666e-07 -2.26949484e-06  1.43295192e-09  2.81274327e-07
  9.38825422e-07  2.24746730e-07  6.91266363e-07  2.88792432e-07
 -6.30738597e-07 -3.84885122e-06  2.69684141e-07 -2.47182027e-06
  2.18161452e-06  1.16648597e-07  1.40072972e-06 -2.08883329e-06
  0.00000000e+00  1.80445268e-06 -4.29642513e-06  6.41425165e-07
 -2.01928234e-06  1.50141833e-06  2.24517909e-06  1.57521283e-06
  1.08604695e-06 -4.24180634e-06 -7.23529454e-07  1.90197416e-06
 -2.47547807e-06 -3.41415184e-06  6.64352856e-07 -1.25141137e-06
 -2.44077110e-06 -3.42241620e-06  2.81581800e-06  8.98178981e-07
 -4.87424497e-07  3.13635737e-06  0.00000000e+00 -2.54317910e-06
  2.34994525e-06 -5.20682448e-06  1.12825670e-06  1.74131254e-06
  2.17954827e-06  3.35747608e-06 -4.08972473e-06  2.38284257e-06
 -4.31088503e-07  0.00000000e+00 -1.57893735e-06 -1.43753140e-06
  2.08140439e-06 -1.38589227e-06 -2.26827625e-06  7.76689552e-07
 -3.01566340e-06  1.56583862e-06 -3.19694144e-06 -8.93395006e-07
 -6.22921219e-07  1.33189107e-06 -9.18832515e-07 -3.49466877e-06
  6.35312430e-07  0.00000000e+00  5.85619853e-06  5.21200360e-06
  5.85358785e-07  4.29872406e-06  6.84991316e-07 -4.17052244e-07]","[-157.29354783 -157.31370852 -157.82015403 -158.01355363 -157.93827745
 -159.12617481 -156.49849421 -157.02165797 -158.99152063 -158.33771757
 -156.10948407 -158.83220457 -157.47338903 -158.68923811 -157.68292661
 -159.96222306 -158.66538836 -154.64902408 -158.65891512 -158.41031013
 -158.04306265 -158.61579324 -158.16258443 -157.68291394 -157.72576534
 -157.97089132 -158.02914463 -158.53000089 -158.07999882 -158.50328711
 -159.45192975 -156.77472903 -159.04636623 -158.45007074 -158.16353359
 -156.76960832 -156.74518732 -158.85766843 -157.25993905 -158.6027464
 -157.00965131 -158.21126075 -157.36265149 -157.76747845 -156.21273932
 -157.12215629 -159.66710079 -159.5546735  -158.11297944 -158.04641895
 -158.73140036 -159.13857778 -156.99147553 -157.95086275 -158.6832121
 -158.5930246  -157.48851587 -160.59958356 -159.62340465 -158.82783106
 -157.5001634  -159.17233831 -158.29430972 -157.7331905  -158.56550327
 -156.99695638 -157.47971663 -158.81881543 -158.53233407 -158.19046431
 -158.49395334 -158.60900448 -158.58459261 -158.40360399 -158.63043562
 -158.06818826 -158.69184924 -156.21273932 -158.13216668 -157.11758887
 -158.40339387 -157.23054618 -157.89536891 -159.18353875 -157.37145259
 -159.13935348 -158.7269345  -156.98788803 -156.17575958 -158.27593773
 -158.59281515 -158.13109636 -158.55107083 -156.21273932 -157.5071227
 -156.6979833  -158.38690042 -157.39092452 -157.63233087 -157.46080188]",0.539
78,0.6845285358912023,"[-1.22024486e-07 -1.83197125e-06  0.00000000e+00 -2.71721768e-06
  2.65919271e-06  1.92898801e-06  4.28136074e-07  8.54841167e-07
  3.68242887e-06  2.16874398e-06 -7.59424298e-07  3.54443880e-06
  8.32585332e-07 -1.42699191e-07  1.30051345e-06  4.05987726e-07
  4.27477601e-06 -2.99167332e-06 -1.99450975e-06  1.96974035e-06
 -2.56640494e-06 -9.85323655e-07 -5.07830856e-07  9.38340071e-07
  5.16612720e-07 -1.57659403e-06  1.94062520e-06 -1.07991835e-06
  2.96340529e-06 -2.47422893e-06 -4.09180178e-06 -1.25439488e-06
 -2.22170220e-06 -8.89645031e-07 -1.40989245e-06 -1.09873122e-06
  1.18509618e-06 -1.96194551e-06 -8.34779666e-07 -1.58692571e-06
 -4.01745137e-07  2.68804066e-06 -4.21581032e-06 -8.75752720e-07
 -1.50559304e-07 -1.94751256e-07 -2.61060618e-06 -3.25162688e-06
  0.00000000e+00 -4.10536556e-06 -1.26388822e-06  2.79063068e-06
  2.90243138e-06  2.65039012e-06 -1.88795664e-06 -4.90756644e-08
  4.68889518e-06 -1.97002304e-06  1.96887511e-06  2.76494786e-06
  5.68514154e-07 -2.11941962e-06 -1.07776129e-07  1.91955065e-06
  1.32840437e-06  1.00216531e-06  3.27809060e-06 -4.72701672e-06
 -7.99684425e-07  2.29260845e-06  9.33241151e-07 -6.54401122e-07
  3.93462889e-06  1.39712518e-06 -7.81365540e-08 -2.77464899e-07
  1.61686905e-06 -3.17311060e-07  4.79204800e-06 -3.09759433e-06
  1.31584724e-06 -1.60807428e-07 -3.75362383e-06 -1.27895760e-06
 -8.85915671e-07 -1.30891503e-07  1.15902413e-06  1.20453618e-06
  6.50263890e-07 -2.94542718e-07  7.15520219e-07  3.75985399e-06
 -1.50270399e-06 -5.11951361e-07  2.72920438e-06 -9.38509188e-07
  2.32441512e-06 -1.64942150e-07  1.29270833e-06  8.88517366e-07]","[-158.0039069  -156.36550013 -156.17575958 -157.94642183 -157.99311546
 -157.77890368 -159.30286954 -158.2679804  -156.91145971 -158.63781533
 -160.07382348 -158.45335121 -158.6647699  -157.19944954 -157.24972946
 -157.37293814 -156.65783993 -157.14967435 -157.01243558 -158.60697812
 -155.78821328 -158.102197   -157.10595725 -158.76916236 -158.07825816
 -158.15686349 -155.98319014 -158.49820058 -158.62614027 -158.30928652
 -160.81541884 -156.51976375 -157.63685339 -156.49849421 -157.73498386
 -157.15198114 -158.52728506 -158.59965582 -157.05561752 -157.87593049
 -159.55942738 -158.47050887 -157.57732497 -158.50946841 -156.97607196
 -156.99579267 -159.10298941 -158.81049913 -156.21273932 -158.00041896
 -156.88693614 -159.92324213 -157.65448446 -157.84633446 -157.13533994
 -156.40566006 -157.67749596 -158.71094095 -158.22763159 -158.13638592
 -158.22846131 -159.75939356 -157.54641191 -157.74345898 -158.40797265
 -157.63237698 -158.3965169  -158.7062567  -157.89707479 -157.84414409
 -156.88316965 -156.96420013 -158.58474946 -157.84784232 -157.5073057
 -158.62707893 -156.70467874 -158.04042811 -157.37598497 -156.96169174
 -157.75698068 -157.01885974 -158.06176148 -159.27198554 -158.11029527
 -157.44684392 -158.9862181  -158.01046406 -158.89772632 -157.03743003
 -157.26918386 -156.80449174 -157.86721535 -157.64388481 -157.88729247
 -157.28166094 -157.71048764 -159.31173459 -157.23708875 -156.83954943]",0.502
79,0.673981308151418,"[ 2.88564116e-06 -1.89159550e-06 -1.05738766e-06  8.53164312e-07
 -7.62452933e-07  0.00000000e+00 -2.33027088e-06 -3.38172178e-07
  8.20428403e-07  3.45825075e-07 -6.40054194e-07  2.92254337e-06
  2.03935637e-06 -4.20195475e-06  0.00000000e+00  1.73823642e-06
  4.91563226e-06  4.35332657e-07  9.37601798e-08 -3.09892628e-06
  1.25098748e-06 -2.58236708e-06  0.00000000e+00  1.17666171e-06
 -9.26676402e-07  1.21567083e-08  3.20163277e-06 -3.16510215e-07
  2.92310234e-06 -5.66620527e-07  4.28595001e-07 -6.69188081e-07
  1.35157289e-06  2.59995655e-06 -2.00315431e-06 -1.56315052e-06
 -1.25202211e-06  4.91112614e-07  2.59717919e-06 -1.84203377e-06
  1.30171586e-06 -3.42664416e-07 -3.65278006e-06  2.11268287e-06
 -1.11815390e-07 -1.59596403e-06 -5.84078666e-06 -3.24092418e-06
 -4.04066099e-06  1.87601904e-06  2.41360062e-06 -2.77500835e-06
 -1.30550695e-06 -1.83988725e-07  1.37679785e-06  1.78067058e-06
  3.00707869e-06 -4.41301994e-06 -4.78375479e-07  1.78905995e-07
 -4.45477660e-06  4.79236436e-07  1.84607759e-06 -3.44391260e-06
  1.54579108e-06 -1.77162067e-06  4.60999364e-07 -4.32191730e-06
 -2.64467824e-06  5.25171753e-07 -1.80051259e-06 -9.18053340e-07
  2.42060432e-06 -3.01732065e-06 -4.65191848e-07  0.00000000e+00
 -3.22127338e-07 -2.29500634e-06 -2.60169204e-06 -2.67713591e-06
  1.60889907e-07  1.93069728e-06 -2.44574289e-06  4.81885635e-07
  4.36551664e-07 -2.29282535e-06  5.93387430e-08  2.63643960e-06
  2.59517518e-06 -3.00862708e-06  1.25208616e-06  3.70762423e-07
  1.39460941e-06 -9.32268435e-07  3.31719498e-06  4.24819516e-06
  1.11079149e-06 -5.02229141e-07  1.40107164e-06  8.28127756e-07]","[-158.20512547 -157.80207859 -156.52009547 -156.93398719 -156.08498824
 -156.21273932 -158.96582459 -157.68821813 -157.19035759 -156.27098788
 -158.0916177  -159.27977662 -158.97892229 -158.48573478 -156.83954943
 -157.4778731  -156.94758378 -159.36440209 -157.54433613 -159.25093868
 -158.33673748 -156.86382034 -155.98319014 -157.60905743 -157.08124243
 -157.76144275 -158.18240415 -159.75993577 -157.44082154 -157.03668307
 -158.38115536 -158.34856027 -159.5895728  -156.0939602  -156.90117476
 -157.67169125 -159.78718094 -157.31425534 -159.46306435 -157.97084259
 -156.33561779 -158.53060987 -158.21401803 -158.45748196 -157.99100362
 -158.08849004 -158.95377103 -158.26787828 -159.17078521 -158.02558301
 -157.67008692 -156.23025538 -159.00286926 -156.80629163 -157.11234316
 -157.87256722 -160.38492819 -158.94368987 -157.69494168 -156.08835221
 -157.58890198 -158.23065435 -157.09850957 -156.95915202 -156.93978675
 -158.05328626 -157.9077709  -157.67810639 -157.00742821 -158.6196695
 -158.13678978 -157.70432866 -157.38504456 -158.07087117 -159.11465973
 -156.65783993 -156.89034618 -158.38823298 -157.96184878 -156.30473937
 -158.36613556 -156.94342627 -156.99070253 -155.75739103 -157.04730245
 -157.70129356 -158.09921861 -158.50516801 -157.82321227 -157.90199751
 -155.89685664 -157.59567261 -156.91106456 -159.40877619 -159.20719979
 -159.24166397 -157.68416664 -156.40585548 -157.27847481 -157.49603475]",0.46599999999999997
80,0.6581760890242785,"[-1.53294710e-06  3.06652826e-06 -2.34594740e-06 -6.42757671e-06
 -4.60450429e-06  4.72111890e-06 -2.48473787e-07  7.86189680e-08
 -4.41261363e-06  3.63206774e-06 -3.57371047e-07  2.70441887e-06
  6.47674695e-07 -3.39358957e-06 -3.34018304e-06  2.58868958e-06
 -3.83671201e-06 -1.31863739e-06  2.20271240e-06  9.90566600e-07
  2.27678561e-06  2.14858033e-06  7.59263671e-07 -9.72880231e-07
 -8.47101543e-07 -4.35268179e-06  2.73553582e-07 -9.84849291e-07
 -1.68290332e-06  4.96369847e-07 -6.09376433e-06  1.77238213e-06
 -1.15094353e-06 -2.32920394e-06 -7.54124298e-06  2.60575517e-07
  1.52329513e-06 -9.53395305e-07 -1.12614183e-07  4.19268631e-06
 -1.97285947e-07 -2.69427001e-06 -1.24651453e-06  8.89611418e-07
 -1.94945625e-06 -1.74484500e-06  8.63158509e-07  1.27259125e-06
 -1.86621921e-06 -1.28712874e-06 -1.14910671e-07  1.35211921e-06
 -1.19467211e-06 -1.85338691e-06  4.47075632e-06  2.03382653e-06
  3.08159584e-06 -4.27893422e-06 -3.26997411e-06 -2.57890324e-06
 -8.83281216e-07  1.26241073e-06  1.75923752e-06  2.83295572e-06
 -5.77245433e-06  1.07355382e-06 -1.13014632e-06 -4.94913688e-06
  1.85812555e-06  3.29676054e-06 -2.24005099e-06 -3.83601087e-06
  0.00000000e+00 -2.84099777e-06 -3.91090174e-06  2.24202883e-06
  2.83211361e-06  1.08794280e-06  4.96284906e-08 -8.95847395e-07
  2.48882820e-06 -1.19508808e-08 -1.32474996e-06  6.57549874e-08
 -3.11029827e-06 -1.92755128e-07  3.34620954e-06  1.09525488e-06
  4.03635169e-06  3.87836468e-06 -1.11892850e-06  1.19214647e-07
  4.79629915e-08 -1.44511711e-06  8.69926018e-07  3.84491204e-06
  2.98503787e-07 -6.77835216e-06 -2.30513881e-08 -2.84637319e-06]","[-158.29432311 -158.45330286 -156.70962426 -157.70338488 -158.12710777
 -160.20586586 -157.32632059 -156.61935559 -158.83872005 -158.50236054
 -156.53965909 -156.67861643 -157.32918179 -157.65706974 -158.70062946
 -158.35719085 -158.76402588 -159.29850923 -156.89346156 -158.14364747
 -158.92384814 -158.63819167 -157.3330143  -156.53045004 -158.21478369
 -159.10012763 -156.60854766 -157.80248984 -157.25728554 -157.82172603
 -158.90741577 -160.05038608 -158.44867188 -159.09259687 -159.68712745
 -159.0654162  -155.87296518 -158.85284179 -157.27487019 -158.80353081
 -157.53628195 -158.24741806 -158.45602395 -157.44119409 -157.57635632
 -156.98698423 -157.26666964 -157.25720442 -158.4312196  -159.40651816
 -158.81944892 -158.10980334 -159.35574032 -157.41348126 -158.83134097
 -158.98950139 -156.15086577 -157.89681166 -156.2546735  -156.74116867
 -157.53704416 -157.93143962 -158.20142059 -155.35631521 -158.35399529
 -157.64800885 -156.66418662 -157.82832276 -158.10658041 -157.30070521
 -158.62643571 -158.58008137 -156.52009547 -158.7593904  -156.48058572
 -156.53446357 -158.18721486 -158.62521081 -157.62508503 -157.41562064
 -158.10557262 -158.29296538 -156.1738459  -157.31492311 -157.04755417
 -158.3250202  -157.9921936  -157.04961124 -158.41543327 -158.21400653
 -158.29312612 -157.69847393 -155.67481053 -156.78806585 -157.46865408
 -156.58712665 -156.95849754 -158.76336738 -157.02433381 -156.74484779]",0.5670000000000001
81,0.6479642693844232,"[ 4.28458251e-07  2.47309274e-06 -1.16899244e-06  5.08956510e-07
 -1.15055940e-06 -1.99463974e-06  2.00007986e-06  1.23595406e-07
  1.35884199e-06 -2.45008132e-06 -5.28143235e-06 -1.02368900e-06
  4.24859854e-08  5.03938050e-07 -1.44730920e-06 -3.91543042e-06
  1.17110565e-06  1.14796941e-06  1.06471977e-07  2.31629208e-06
 -8.35590344e-07  5.37481499e-06 -5.32825159e-08  1.69016964e-07
  3.42949831e-06  4.39980793e-06  0.00000000e+00 -6.90774130e-07
  1.23140495e-06  1.79076364e-06 -4.51281793e-06  8.75922604e-07
 -3.87716771e-06  1.33877210e-06  3.94981981e-07 -9.00180290e-07
  3.94805929e-06  1.23907221e-06 -6.94698568e-07  9.95217966e-09
  1.80421637e-06 -1.35338691e-06  1.23814012e-06 -2.17227185e-06
 -8.49802869e-07  2.92485592e-06 -3.23267059e-06  1.93391521e-06
  2.11300153e-06 -4.68698548e-07  1.41057200e-06  0.00000000e+00
  2.87611055e-07  5.53783680e-07 -1.29709893e-07  1.37855095e-06
  5.35236946e-06 -1.02659642e-06  3.20046156e-07  1.30972275e-06
  1.73984539e-06 -4.82705500e-06  0.00000000e+00  2.63121378e-06
  2.12335369e-06 -3.55040322e-06 -2.56301430e-06  0.00000000e+00
 -4.07218794e-06  4.88709217e-06 -2.24794224e-06  0.00000000e+00
 -2.57928104e-06 -1.17080712e-06  4.74268895e-08  1.12150774e-06
  2.27868243e-07  1.34317086e-06 -1.37816103e-07  5.30706128e-07
 -9.26561055e-07  4.79614468e-06  1.75856861e-06  6.12330147e-07
  1.65874120e-06 -1.78031764e-06  4.00254446e-06 -1.21750899e-06
  2.11340163e-06  5.29659563e-07  1.61218798e-07  1.52151878e-06
 -1.27936459e-06 -5.20010107e-07 -2.52135657e-06  6.91219401e-07
  1.06616125e-06 -9.42496845e-07  1.08416449e-06  3.04451408e-06]","[-156.97930143 -158.15701713 -157.52049013 -157.17969078 -156.93241122
 -159.57813378 -156.99194156 -158.48531848 -156.11051811 -157.84915272
 -156.78383386 -157.62408493 -156.07263631 -156.44887926 -156.71200802
 -156.13574075 -158.37027744 -157.93285619 -158.86203943 -157.33150382
 -157.04535586 -157.97037536 -156.82942271 -157.26719465 -157.05725996
 -158.9055125  -156.2546735  -157.57680869 -157.9012888  -158.63300134
 -159.35139766 -157.94741791 -158.63422221 -158.82113329 -157.79307652
 -155.50827809 -158.55273129 -157.9297555  -158.81320972 -156.40948441
 -157.19090147 -159.05909974 -157.16289992 -156.67555901 -157.86968165
 -157.99956771 -157.13401837 -155.57679446 -157.48352046 -156.5672849
 -157.94069744 -156.1738459  -159.00412425 -158.12515769 -156.75921111
 -158.49326559 -158.68027921 -157.35692399 -157.82160534 -157.95622812
 -157.83948606 -157.80055431 -156.48058572 -158.44038103 -156.70840917
 -157.10707666 -158.26044331 -155.87296518 -156.27432147 -157.40888974
 -158.25312166 -156.53045004 -157.81296921 -157.68589972 -158.26143149
 -157.62840449 -156.70737513 -157.4833892  -156.77711908 -157.78320113
 -156.48724465 -158.69758743 -157.2653726  -156.97682328 -158.34595528
 -157.41096263 -157.67855493 -156.64599605 -156.16080373 -157.25125881
 -156.25873768 -156.2527789  -157.81182834 -157.84205645 -157.18688109
 -158.30982815 -158.5637403  -156.15984913 -156.39606781 -158.14021009]",0.4579999999999999
82,0.6345500426508457,"[ 0.00000000e+00  1.78097186e-07 -3.26470353e-06 -4.35624596e-06
  3.12063320e-08 -1.21164767e-06  3.56087188e-08 -1.80468842e-06
  2.94878685e-07  1.50389040e-07  3.98540881e-08 -8.27618949e-07
 -1.23979494e-06  1.50902981e-07  7.14729459e-07  1.70403156e-06
  0.00000000e+00  1.01860422e-06  6.84764295e-06 -3.04051730e-06
 -4.22581426e-06 -4.33280022e-06  2.02034503e-06  3.55753297e-07
  6.12856867e-07 -2.72436278e-06 -2.86467298e-06 -1.54969061e-06
 -2.31169442e-06 -1.04840997e-06 -1.86008569e-07  0.00000000e+00
 -2.22946356e-06 -4.46279569e-06  3.46152883e-07  0.00000000e+00
 -2.64056735e-07 -2.13850478e-06  0.00000000e+00  0.00000000e+00
  1.32402564e-06 -2.62027127e-06 -2.99475894e-06  7.86480961e-08
  5.73797878e-06  0.00000000e+00  8.48498745e-07 -5.38537224e-06
  2.37686806e-06  6.38811627e-06 -1.17334925e-06  0.00000000e+00
  1.50792107e-06 -5.51116466e-06 -4.09915289e-06 -1.15719003e-07
 -6.87173672e-07  7.81025757e-07  0.00000000e+00  3.14160302e-06
  5.88909751e-07  1.64561918e-06 -1.11912454e-06 -5.13406890e-07
  1.16944115e-06 -2.72531346e-06  2.88302918e-06 -8.72391442e-07
  0.00000000e+00  2.40617302e-06  2.50594883e-06  5.47345166e-07
  9.34109898e-07  0.00000000e+00  2.23777238e-06  8.72069390e-07
 -9.81810960e-08  2.06214424e-06 -6.33865605e-06  2.58652779e-06
 -1.84452595e-06 -2.65169682e-06  2.10876063e-08  2.73333888e-06
  1.94351944e-06  1.44311657e-06 -9.71828848e-07 -2.50396926e-06
 -1.05120913e-06  1.60145954e-07  9.44187397e-09 -4.93406478e-07
  2.42078136e-06  0.00000000e+00  1.25951510e-06 -1.92819047e-06
  3.23800882e-06  2.36341191e-06 -1.69196134e-07  7.68302934e-07]","[-155.57679446 -156.46823757 -157.72675606 -158.44792542 -156.36416999
 -157.50960671 -159.0819968  -155.6659541  -157.29295887 -157.57448197
 -156.33439628 -157.69635313 -158.02130796 -157.83923154 -158.03570812
 -156.48386595 -156.64599605 -156.43679412 -157.95718493 -158.12377248
 -157.77420097 -157.26231028 -158.13156726 -157.52343367 -158.41231464
 -156.57370339 -157.52062508 -158.39394826 -157.33408175 -158.08425803
 -159.56681409 -155.50827809 -157.06120844 -158.31591349 -158.38171939
 -155.57679446 -157.51981237 -157.44304107 -155.57679446 -156.07263631
 -156.30254389 -157.88996061 -157.2582046  -154.69535789 -158.35452491
 -156.64599605 -157.25867958 -159.10072986 -156.79418294 -158.20548871
 -156.58944541 -156.48724465 -157.07627356 -157.30676976 -157.8748777
 -157.89089112 -156.56902098 -158.25717045 -155.57679446 -156.72455523
 -158.63907094 -158.8040366  -156.661473   -157.60748582 -157.79651902
 -157.41939492 -158.10915841 -156.53045004 -155.57679446 -157.31227727
 -156.53791689 -156.01632064 -157.45663318 -155.87296518 -156.60221935
 -157.49012174 -157.65604049 -159.37684086 -158.80531871 -159.0944652
 -155.83991542 -157.18352686 -156.96660452 -158.09719156 -157.3007797
 -157.4874737  -156.94947443 -157.87678014 -156.9147173  -157.06747212
 -159.06640471 -158.37900075 -157.73366567 -155.57679446 -157.83986337
 -158.3947501  -157.42499814 -157.83411887 -157.88269173 -156.26096032]",0.42999999999999994
83,0.6266855113596834,"[-4.26383973e-06 -1.79148245e-06  0.00000000e+00  2.49726252e-06
 -3.48641990e-06  9.06137870e-07  2.68669240e-06 -3.24364026e-06
  9.35941530e-07  1.40496974e-06  5.77218138e-07  6.38953551e-07
  1.66759726e-06 -6.26103328e-07  0.00000000e+00  1.58954603e-06
 -9.06688403e-07  3.57309252e-07  4.47495435e-06  1.17739813e-06
 -1.81664660e-06  2.65889304e-07  8.42911543e-07 -1.41587240e-06
 -5.37008460e-07  3.45811634e-06 -1.65515403e-06  5.57401372e-07
 -2.66351051e-06 -1.76630666e-06  2.74279355e-07  1.92969928e-06
  5.39511759e-06  2.77174036e-06  3.33409031e-06 -9.85807086e-07
  9.32721177e-07  5.21231095e-06  2.24535421e-06 -2.11646808e-06
 -1.81523471e-06 -1.30066993e-06  1.55358277e-06  0.00000000e+00
 -6.49558988e-07  7.19989654e-07  2.56996147e-06  2.17493183e-06
 -1.87771515e-06  0.00000000e+00 -2.10319017e-07 -6.96173703e-07
 -6.53475976e-07 -1.77431509e-06  0.00000000e+00  1.29811288e-06
  3.24473243e-06  3.14987062e-06  1.70363380e-06 -7.94720438e-07
 -8.83270090e-07 -1.23445095e-06 -1.60053861e-06  8.01313616e-07
 -9.61691927e-07 -5.73177437e-07  1.66394533e-06 -3.25773693e-06
 -3.18220206e-06 -2.91666694e-07  0.00000000e+00 -7.96690571e-07
  4.71297085e-07 -1.34493574e-06  1.00369934e-06 -4.25549021e-06
 -1.01366299e-06 -3.08883928e-06 -2.17007645e-06 -1.34515875e-07
  5.23931167e-07 -1.44856094e-06  1.94534320e-06  1.52636634e-06
 -1.08928133e-06 -3.02477160e-06 -9.87953770e-08 -5.20104853e-06
  4.83949240e-06 -1.08223501e-06  0.00000000e+00 -9.03453525e-08
  2.72096092e-06 -6.64753353e-07 -2.53076183e-07  3.12431823e-06
  1.56502598e-06  3.53681470e-06 -2.05177374e-06 -2.83041878e-06]","[-156.10217444 -155.48189186 -155.83991542 -157.56233097 -156.71976887
 -157.54194163 -156.23480737 -158.29624838 -157.92358111 -156.20483759
 -156.274192   -158.19181672 -157.86127303 -157.03045569 -155.57679446
 -156.10236363 -158.49486843 -159.40371833 -157.2553989  -157.46537626
 -158.19931618 -158.6411715  -157.58152933 -157.70818746 -157.88859012
 -157.16465103 -158.8722066  -157.83629566 -156.4557946  -157.30477101
 -157.34229727 -157.33700206 -157.4822129  -158.13065311 -157.9921314
 -155.75782229 -158.52342272 -158.45833058 -158.5786106  -156.48675163
 -156.96690223 -156.8681812  -155.57679446 -154.69535789 -158.20313889
 -156.51001695 -157.65512691 -158.08208573 -158.46387853 -155.57679446
 -157.59294222 -157.00765354 -157.05222637 -157.55634213 -154.69535789
 -158.63171555 -156.63041032 -157.04584075 -158.65959773 -156.25037897
 -156.57891133 -156.55978255 -159.94324807 -156.77452154 -157.21970896
 -156.33718366 -159.20319502 -156.66329797 -158.34602299 -156.16098298
 -155.87296518 -155.98599671 -155.87847283 -158.40279153 -156.40801561
 -156.9421537  -157.66441532 -158.42351274 -158.57388756 -157.26556807
 -158.16847952 -157.51876137 -157.42220769 -156.77319803 -158.05475076
 -155.95464475 -157.46115891 -158.10557039 -157.50887366 -158.04778898
 -155.57679446 -157.85721826 -159.14952876 -157.61507361 -155.56041395
 -158.37735845 -158.63804087 -155.87393761 -156.63558489 -158.59225351]",0.48400000000000004
84,0.6149937427460297,"[ 0.00000000e+00  2.76322098e-06  3.31057706e-06 -3.24155883e-06
 -4.56730316e-06  3.59934276e-06 -1.91095672e-07 -5.08666233e-07
 -3.40408157e-06 -1.34169286e-06  7.63065200e-07  3.77619472e-07
 -4.50956467e-07 -1.42867257e-06 -5.48544107e-07 -5.93377939e-07
 -4.11204511e-06 -4.36335279e-06  4.20161217e-06  1.36732455e-06
  2.13441185e-06  4.84276494e-06  0.00000000e+00  1.75477529e-06
 -1.93497583e-07  1.68384350e-06  1.16845561e-06 -2.46433519e-07
  1.67931551e-06 -1.25159204e-06 -8.63514128e-07 -2.09726588e-06
  0.00000000e+00 -2.88234255e-06  3.59720802e-06 -1.86252749e-06
 -2.19432928e-07 -1.21273132e-06  1.64400433e-06  3.26397732e-07
  1.35184966e-06 -6.13969126e-07  1.64541265e-06 -1.95998714e-07
  1.28958721e-06  1.14825430e-06  8.27205328e-07  1.10330778e-06
 -2.54348531e-07 -3.15012615e-07  1.69492743e-06  1.67562881e-06
  2.44293646e-07 -2.89402441e-06  0.00000000e+00  1.54902802e-06
 -4.61134154e-07  1.32635741e-06 -2.97677860e-06 -1.16761018e-07
 -2.06191919e-07  7.73612647e-08 -3.87022542e-07 -2.63709301e-06
 -6.88991739e-07 -3.45933068e-06 -3.87916961e-06 -3.28666283e-07
  2.41734154e-06  1.51618730e-06  7.77534500e-07  1.87575775e-06
 -1.72178004e-07  1.91768814e-06 -1.81044799e-06  3.42859756e-06
 -2.04763723e-06 -1.27447957e-06  2.39026260e-06 -3.94292939e-06
 -7.50977760e-07  1.57757329e-07 -4.29142591e-07  2.63722553e-06
  5.79520872e-07 -3.30034416e-06 -3.50404659e-06  3.26443780e-06
  1.21392113e-06  2.03764903e-07  7.71989132e-07  4.67299544e-06
 -1.91999952e-06 -2.41230421e-06  2.37973565e-07 -1.25804097e-06
 -1.13524130e-06  1.25798317e-07  2.34429230e-06 -1.49280960e-06]","[-155.48189186 -158.49227709 -158.67541332 -155.29983584 -157.2010683
 -156.9053535  -156.42431157 -157.31827934 -157.01952541 -156.88632864
 -157.02496346 -157.10642953 -156.53584773 -158.48349639 -156.92162568
 -156.71382945 -158.25684345 -156.26285553 -158.33097638 -155.46840802
 -156.81221181 -157.04697247 -156.23480737 -158.69357666 -157.66505158
 -158.93964682 -158.01134931 -156.88496427 -157.25890606 -157.07682877
 -157.67563828 -156.42729341 -155.56041395 -158.81178889 -156.56183548
 -157.07294786 -159.58546891 -155.67195449 -157.3100012  -158.72658525
 -157.86570529 -157.62846866 -156.78276149 -156.23803279 -157.15910002
 -157.30116443 -157.48030889 -155.87393761 -158.16895256 -157.76863398
 -158.01950631 -157.46595435 -157.06426315 -155.75934057 -156.20483759
 -159.2000171  -158.57216008 -156.54617056 -157.64632033 -158.1112822
 -157.26059031 -156.49084427 -157.24224058 -159.15526372 -156.77023594
 -158.12174146 -158.76121853 -156.04129555 -157.92721328 -157.55355219
 -157.32439452 -156.84990561 -158.28677658 -157.05658348 -158.88418193
 -156.40755534 -158.18741548 -156.22074969 -155.85960745 -157.70107754
 -157.77739918 -159.45616056 -155.71274615 -157.97092918 -156.43236335
 -158.08933951 -157.07182796 -158.8228884  -158.48062821 -157.18224005
 -156.39484931 -158.12858216 -157.11755862 -158.30799652 -158.90833615
 -156.33862447 -158.9927815  -155.58746225 -157.42218141 -158.12206051]",0.49800000000000005
85,0.6023143160849325,"[ 1.67086009e-06 -5.62026976e-06 -3.46556832e-06 -1.35006883e-06
  2.17679051e-06  1.25142254e-06  1.25832410e-06 -1.97784837e-06
 -1.50604197e-06  1.54274636e-07 -1.29186848e-06  1.66510299e-06
  2.17464528e-07 -1.65868026e-06  3.94815019e-06 -2.00159035e-06
 -1.49695205e-06 -5.44077157e-07 -1.80358222e-06  1.78579246e-06
  2.14666757e-07  2.34335573e-06  5.04266682e-06 -1.27313398e-06
  0.00000000e+00  5.87479793e-07  2.25510358e-06 -5.44605289e-07
  2.87481617e-06  0.00000000e+00  3.14250624e-06  9.92877420e-08
  4.20698843e-06  3.53913175e-07  6.02478560e-07  6.09955080e-07
  2.43618500e-06 -7.03749315e-08 -1.65562820e-06 -9.67698470e-08
  3.48725314e-06 -1.51379422e-06  2.15292895e-06 -2.83560416e-08
 -1.44182844e-06 -1.24719720e-06  2.78969593e-06 -3.08235430e-06
 -5.42112061e-07 -1.03447213e-06 -1.34236907e-06  5.75326671e-07
  2.86961118e-06  1.44317445e-06  8.15575382e-07  6.95296447e-07
  6.15552093e-06  4.22651830e-07 -2.69348838e-06 -3.72532228e-06
  2.66382490e-06 -1.15847526e-06  1.77313504e-06  9.67708069e-07
 -3.50864655e-06 -3.13451234e-06 -2.25066565e-06  9.70146174e-07
  1.08708436e-07  6.69704858e-07  6.02321284e-07 -2.52995683e-06
 -3.60422582e-07  0.00000000e+00 -3.86526001e-06 -1.98000893e-07
  3.89599090e-06 -6.26938512e-07  2.10103725e-07 -7.66566959e-07
  1.26047194e-06  1.51604755e-06 -8.22318655e-07  1.56215276e-06
 -1.31096345e-07  1.80419854e-06  1.82645594e-06  6.50672520e-07
  2.75553273e-06  6.70200874e-07 -1.74104439e-06 -7.11260029e-06
  2.75924680e-08 -3.17443834e-06  1.07212901e-06 -3.19608856e-06
 -5.88360089e-07  3.77134417e-06  1.02451372e-06  2.72253968e-06]","[-156.16399313 -158.32841157 -158.36709575 -158.26875282 -158.02355023
 -157.76214627 -158.88408345 -156.98303295 -156.11123314 -156.82856822
 -157.91660394 -156.6283967  -156.25083172 -157.47256176 -158.55033929
 -157.56970724 -157.54542761 -156.61177074 -158.35441718 -158.59359547
 -158.32852888 -157.65337722 -157.27325428 -158.16182506 -156.22074969
 -156.75842386 -156.81980579 -158.86501373 -157.79985515 -156.26285553
 -158.42383205 -156.25624475 -157.62195182 -156.76370651 -156.30868049
 -156.89198231 -158.17635437 -157.94326429 -157.7931849  -157.7396457
 -156.87822494 -157.43241822 -157.02875781 -157.68075175 -157.67710219
 -158.82930361 -158.2907904  -157.60639417 -155.99685789 -156.89567343
 -157.27561324 -156.87003331 -158.47972114 -157.27905287 -156.81341773
 -155.56909116 -156.93288896 -156.12177402 -158.33169169 -156.65920524
 -156.61467222 -158.01930703 -158.41402189 -158.20821697 -157.01763082
 -156.12688535 -157.5579101  -156.23803279 -159.73732412 -156.71382945
 -157.50913481 -158.39950353 -159.1653     -155.85960745 -157.77641133
 -158.37409476 -157.20924412 -156.72185307 -156.10669607 -157.80253528
 -157.93701929 -158.39885935 -157.18215294 -155.65734349 -156.81459228
 -156.51428303 -156.74230615 -160.42972255 -156.28014042 -156.96163066
 -157.46074881 -157.38550117 -157.67131155 -156.61165239 -158.32574155
 -157.43720444 -159.50126471 -157.35443659 -156.50742754 -156.91098866]",0.477
86,0.5914958310331493,"[ 2.09757452e-07 -1.35790053e-06  1.63560811e-06  7.51800559e-07
  2.09406883e-06  6.44942234e-06 -2.80519080e-07 -9.84389171e-07
 -2.67468561e-06 -5.21788190e-06 -4.56353156e-06  7.83850804e-07
 -9.07838366e-08 -7.85470784e-07  3.28483654e-07 -2.64082132e-07
  1.56150664e-06  6.83291399e-06 -8.30892619e-07  3.11223928e-06
 -1.19552984e-06 -9.14532524e-07  1.22607771e-06  1.09504125e-06
  5.79210526e-06 -5.25644293e-07  1.24616309e-06 -1.13069563e-06
  1.57142141e-06 -8.93562711e-07 -4.18043981e-06 -9.48784102e-07
 -2.26542669e-07 -1.50417928e-06  1.54493632e-06  4.42604778e-06
  2.52550378e-06  2.41741507e-06  1.91638249e-06 -2.45708939e-06
  1.32491699e-06  1.34036384e-06 -2.28293154e-07  3.42391003e-06
  1.38999849e-06  4.86261795e-07 -9.05353391e-07 -1.31704293e-06
  5.68338354e-06 -3.52256591e-06  2.98872854e-07  5.23693854e-06
  8.64317740e-07  9.01506398e-07 -1.58743371e-06  4.09153168e-06
 -2.81244829e-07 -2.14543413e-07  6.61901353e-07 -6.18008932e-06
  3.72549036e-06  1.85863146e-06  3.68021203e-06  3.07301109e-07
 -3.85437185e-07  9.31810024e-07 -1.03228171e-07 -2.31069760e-06
 -1.71873320e-06 -1.02664311e-06  1.36297739e-06  2.70138191e-06
 -5.31236482e-07 -1.98622125e-06  1.38390814e-06  9.49692644e-07
  7.52314132e-07  1.18217420e-06  2.55826361e-06 -3.26264165e-06
  1.90718152e-06  1.98875624e-06 -2.47694074e-06 -1.62969763e-06
  4.42729464e-06 -3.59696315e-06  6.00553664e-06 -1.66636900e-06
 -1.12918682e-07  9.22374936e-07 -7.10149819e-07 -6.52887995e-07
  1.80722030e-06 -4.71103559e-07  1.94327719e-07 -2.65414513e-07
  3.25079677e-06  5.43518652e-07  4.14777669e-06  0.00000000e+00]","[-157.09515341 -158.28432354 -156.93299823 -155.30704249 -156.80178708
 -156.78080796 -157.09330019 -156.29237528 -158.99470055 -156.77277755
 -158.69541862 -156.0068156  -155.2065675  -155.76083885 -157.32135034
 -156.28442735 -156.13530411 -158.11752864 -157.08995488 -159.80729376
 -156.82310458 -158.80963706 -155.98353113 -156.61113648 -157.14719491
 -157.37230243 -158.30205413 -157.07019652 -157.46599111 -157.19678136
 -157.40401744 -158.69606395 -156.51300582 -156.30913258 -158.91837381
 -156.69964303 -158.21985715 -157.16068337 -157.49802648 -156.85460372
 -157.03748621 -157.37227559 -156.03650809 -157.38034866 -159.42356835
 -158.24882139 -157.03918912 -158.13802994 -155.72801514 -155.75600577
 -158.60675896 -157.79389148 -156.76370651 -158.08664925 -156.23143224
 -157.17125183 -156.59514322 -156.16399313 -156.04990127 -158.73037846
 -156.52698221 -159.07870634 -156.63402078 -156.78026561 -156.16888924
 -156.81166433 -158.56552588 -158.22116232 -157.51424615 -156.6051182
 -157.19795908 -157.13722409 -157.28194132 -157.89718336 -156.95065328
 -155.737367   -157.95633579 -157.37853853 -158.18247315 -157.38749581
 -159.09427508 -158.23813046 -157.31938977 -158.1645904  -157.53963465
 -157.3359248  -157.92866328 -158.252667   -155.89740004 -157.99515421
 -156.66349519 -158.24813365 -157.43697886 -156.3338695  -156.05265935
 -157.06249651 -159.14827241 -158.38811458 -155.8310335  -156.12688535]",0.474
87,0.5823567211398976,"[-3.11745394e-06 -3.15720836e-06 -2.95422409e-06 -5.00318906e-06
  2.23471516e-06 -1.60145651e-06  5.89176095e-07  1.21440352e-06
 -1.61788491e-06 -1.47382832e-06 -1.05712894e-06 -1.87336200e-06
  1.65787794e-08  5.07568342e-06 -2.28715972e-06 -3.61954554e-07
 -4.83252823e-06 -6.21333707e-07 -2.66075559e-06 -1.06106148e-06
 -4.37007304e-06 -2.63472695e-06  7.79937018e-07 -4.46993092e-07
  1.29853475e-06 -5.20468481e-07 -2.37537934e-06  4.59855947e-07
 -2.74467276e-06 -1.16428053e-06 -1.64026170e-06  2.73005225e-06
 -2.35029655e-06 -6.02424728e-07 -1.15337456e-06 -2.61883717e-06
 -1.78688736e-07  7.75572696e-07 -3.59283887e-07 -3.93365894e-07
  0.00000000e+00 -5.03070008e-06  1.49246085e-06 -3.56755883e-06
 -4.26501393e-06 -1.46831576e-06  5.07162781e-07  1.03406312e-06
  8.29673859e-07 -1.73760106e-06  1.83870174e-06 -1.81370957e-06
  0.00000000e+00  2.91355528e-06 -5.28642333e-07  5.88570447e-08
 -1.10717065e-06  3.14472202e-06 -1.05312042e-06 -5.19330615e-06
  1.92198685e-06  2.34138845e-06  4.30907610e-06 -3.45463583e-06
 -3.29866395e-06  2.20667552e-06 -2.90872880e-06 -1.17862267e-06
  3.00497499e-06  1.13696532e-06 -2.58841260e-06  5.49874444e-07
  1.77422956e-07  1.32156118e-06  1.34493719e-06  1.15615122e-06
  1.93419650e-06  1.95559695e-06  0.00000000e+00  0.00000000e+00
  1.36782899e-06  1.61849319e-07  2.89320477e-06  1.26929033e-06
  1.15518830e-06  1.80456463e-07 -1.04815686e-06 -2.80798766e-07
  0.00000000e+00  1.17747139e-06 -2.33109849e-06 -7.64436176e-07
 -2.09492190e-06  1.11356389e-06  2.87048472e-06  3.21869794e-06
  2.40538341e-06  3.52088512e-07 -1.62077518e-06  1.81512035e-06]","[-155.87121305 -157.20799814 -157.90053406 -158.05240616 -157.91819377
 -157.05918043 -156.89485525 -156.64956084 -156.8821499  -156.64889732
 -157.68147899 -157.43664064 -156.72995856 -157.5871059  -158.71244077
 -159.16318178 -156.40669158 -157.17912081 -157.79677776 -158.36581638
 -157.82977137 -158.38887317 -155.90765096 -154.7095322  -157.02595752
 -157.36355462 -156.73116621 -156.73435343 -157.39849938 -156.16285283
 -157.12120433 -157.80331373 -157.50067983 -158.17133376 -157.17494696
 -156.03990995 -156.47100429 -156.31292936 -157.53685957 -157.96914249
 -156.30913258 -156.05024366 -156.59498025 -158.93052226 -156.95449127
 -156.10690435 -158.02498415 -154.50013777 -157.73107256 -156.72602994
 -157.19993927 -158.28305867 -155.30704249 -157.50753093 -157.11523885
 -157.25797491 -157.30618359 -157.26965199 -156.65439367 -158.18579933
 -155.86356614 -157.23851128 -157.29109081 -158.11907122 -157.81426757
 -157.01843543 -158.51996339 -156.94755681 -157.32812927 -156.86384618
 -157.37420766 -155.58206449 -155.98353113 -157.9156901  -155.57217025
 -158.85708596 -157.08702963 -158.03337291 -155.737367   -156.30913258
 -156.30583114 -157.25467156 -157.72659068 -157.49904197 -159.01628206
 -156.9049789  -157.71880864 -160.03615635 -156.30913258 -155.50548051
 -157.01477647 -157.58480433 -156.85448345 -156.94735357 -159.71507391
 -158.29705101 -158.95086949 -155.77391931 -157.8740594  -157.80193637]",0.4679999999999999
88,0.5725119165454007,"[ 7.06700980e-07 -7.64114202e-07  0.00000000e+00  4.23693349e-06
  2.17784887e-06  6.80663435e-07 -3.52334337e-06  2.19920657e-06
  4.74407826e-06 -1.03427474e-07  2.21628413e-06  7.06666338e-07
  0.00000000e+00 -6.49048848e-07 -6.49984253e-07  2.55850203e-06
  1.41584739e-06 -9.40979856e-07  4.34859933e-06 -1.92032059e-06
 -1.70524584e-06 -2.57659687e-07 -8.85144955e-08  2.40825828e-06
  2.75230409e-06 -2.84466573e-06 -3.46316796e-07 -1.46498912e-06
 -3.34796385e-06  1.60149435e-06  3.16654963e-06 -7.47042068e-07
  2.05718926e-06  2.31500150e-06  3.06633211e-06 -7.79642915e-07
  1.70459055e-06  0.00000000e+00 -1.60388217e-07  1.17262168e-07
  1.32699929e-07 -2.59508975e-06  1.14963260e-06  4.48313991e-07
  1.99242870e-06  1.02307559e-06 -5.29187442e-07 -2.41772601e-06
 -4.57750202e-06 -3.74115666e-06 -3.06083856e-06  2.52916166e-07
  9.01516428e-07 -1.15149301e-06  3.48627476e-06  2.23605955e-06
  1.56766301e-06  2.23961906e-06  8.13695385e-07  4.63583790e-06
  5.65912894e-07 -5.80495309e-07  1.10311417e-06 -5.86043340e-06
 -6.45183217e-07  9.57769691e-07  2.21796300e-06 -2.01417350e-06
 -2.25416786e-06  2.01725356e-06  2.81387328e-06  8.93586634e-07
 -4.58994331e-06 -4.20864970e-06  1.89435184e-07 -8.86567279e-08
  9.42675020e-07  0.00000000e+00 -6.31001368e-08  3.29569959e-07
 -7.79988692e-07 -1.85772205e-06 -7.01168443e-07 -3.88549810e-06
 -1.14510592e-06  3.40623285e-08  7.67909003e-07  1.36488084e-06
 -2.43366114e-07  3.70824222e-06 -1.63273502e-06 -1.40734056e-07
 -1.66497797e-06 -7.45466141e-07 -1.18594207e-06  1.26537372e-06
 -1.65359247e-06  4.95193319e-08  1.33573807e-07  4.26193608e-06]","[-157.19841726 -158.2871854  -156.30583114 -156.05510602 -157.64990884
 -159.59186888 -156.01124241 -156.28225541 -157.47212662 -159.04873992
 -156.51868134 -157.64354968 -154.7095322  -157.41597569 -156.95763154
 -157.31164642 -158.0635952  -156.05835877 -157.97996936 -156.68700455
 -158.08374782 -159.68614926 -156.87125928 -157.41205294 -157.56640111
 -156.37102065 -157.62486075 -158.22907508 -157.15605419 -155.61309447
 -157.29756266 -157.03778981 -157.42459641 -156.61946203 -156.70245491
 -157.1061303  -158.36853112 -155.737367   -158.23930861 -155.87774508
 -157.55008307 -156.9756382  -157.43224254 -155.92340908 -157.96107009
 -157.01258086 -159.8280581  -158.6165035  -156.60662463 -157.01311783
 -155.88872191 -158.03713228 -156.99606047 -157.33211357 -156.80504783
 -158.77656538 -157.82771801 -157.37212517 -157.08327091 -156.59515158
 -157.66902794 -155.57091637 -157.62078476 -157.83531472 -158.22247201
 -156.74164105 -157.35599086 -156.29632033 -158.84578868 -158.01120945
 -159.20489999 -157.07217918 -158.67140134 -158.01763847 -158.62959404
 -154.64659865 -156.51255369 -155.57217025 -157.67484354 -156.16087891
 -157.24333585 -156.30945075 -158.06101309 -157.30294026 -157.05517112
 -158.59475256 -156.87480795 -158.18728244 -157.65433601 -155.33445897
 -157.01097441 -157.58185416 -156.0714047  -158.19374958 -156.49181686
 -157.28531317 -157.07097373 -156.36938015 -158.52405822 -160.19287743]",0.49400000000000005
89,0.5652569239083768,"[-1.05303129e-06 -7.48362697e-07 -6.70106738e-07  1.86503472e-06
  1.31116376e-06  1.66222793e-06 -2.72202004e-08 -2.07371438e-06
  4.67874819e-06  2.25976065e-06  4.29930152e-06  1.30480244e-06
 -1.86330491e-07 -1.56362405e-06  3.12359343e-06  1.52918387e-07
 -3.30165988e-06  4.23897667e-06 -1.36228879e-06 -1.86765575e-06
  1.83427816e-07  1.50914486e-06  2.34012058e-06  4.22317048e-06
  3.36758477e-06 -6.50526619e-07  2.83123922e-06 -4.57120526e-07
 -1.57164237e-06 -2.46537645e-06  1.53537795e-06  1.64055221e-06
  5.16319721e-07 -2.08717291e-06 -1.58210516e-06  3.26315746e-07
 -2.45120245e-07  1.69169943e-06 -4.76678757e-07  1.76675344e-06
  1.27819986e-06 -2.82770476e-07 -3.23664620e-06  4.98111405e-07
  5.52243362e-07 -3.34466425e-06  2.41805927e-06  1.25043698e-06
 -4.81733572e-07  2.04354648e-06 -3.80701185e-06  2.99279951e-07
  4.92822145e-07  5.09605811e-06  9.99248231e-07 -8.53769959e-07
 -1.59040980e-06 -2.98586232e-06 -7.45283674e-07  1.69135397e-06
  0.00000000e+00 -2.53553160e-06  5.48575412e-06 -3.89300399e-06
  2.24372250e-06 -1.56249673e-06 -1.81141823e-06 -3.33722895e-06
  1.10223304e-06  9.68272175e-07 -3.67254254e-06 -2.53584824e-06
  2.35556075e-07 -1.07859036e-06  2.07000013e-07 -1.78911319e-06
 -1.19698380e-06  1.40810141e-06  1.21376446e-06 -1.89796509e-06
 -1.83662506e-06  1.75327778e-06  8.50239251e-07 -5.50679988e-07
 -1.13398819e-07 -2.29500317e-06 -1.68472642e-06  1.06441737e-06
 -4.07926243e-07  6.87719555e-07 -4.26514412e-06  1.13904546e-06
  7.74273783e-07  1.88386990e-06  2.65285030e-07  8.35604983e-08
 -2.07707924e-07  1.52099205e-06 -6.35903020e-08 -1.41176720e-06]","[-157.7759149  -156.20869805 -155.651591   -156.6187447  -156.71849648
 -155.50435307 -157.90151937 -158.82220761 -157.97931994 -157.71293856
 -156.77204561 -157.49973352 -158.55756273 -157.89896214 -158.39996179
 -157.27484348 -158.5729901  -157.23121423 -156.61265956 -156.88676526
 -157.0607341  -156.36581037 -157.95804269 -156.96460478 -157.24733832
 -156.74569686 -159.95508321 -157.14782403 -157.42714729 -156.6154192
 -158.24504486 -156.99255393 -158.26107772 -155.90135319 -156.8633364
 -157.36353461 -155.86909858 -156.81839947 -157.67283646 -156.57290978
 -156.33053846 -157.12445797 -156.0714047  -158.19319512 -159.08282398
 -158.22102501 -156.35410971 -157.4459647  -156.84002897 -156.67924832
 -155.69713772 -154.77762987 -156.76286413 -158.32073685 -157.94142675
 -156.17573425 -156.96668024 -157.79791182 -155.57757122 -157.87956283
 -156.01124241 -156.73844817 -159.62247472 -156.54982183 -157.89089191
 -157.18414636 -157.20016164 -156.01699701 -158.3785841  -156.7419269
 -157.7921466  -157.8213881  -155.91419556 -158.09572962 -157.0065457
 -157.15199723 -156.23376999 -156.62558589 -156.36134167 -158.55413131
 -155.6246683  -157.18883667 -157.24632191 -157.10719553 -156.11136865
 -157.96507491 -158.6116637  -156.26396075 -155.72280782 -156.12664548
 -157.13306609 -156.94237969 -157.64754307 -157.45745167 -156.85733457
 -157.73021057 -158.33090327 -156.37153929 -157.33743257 -157.25069215]",0.4709999999999999
90,0.5535012631734698,"[-5.69552630e-06  7.83717556e-07  5.02290044e-07  4.05405720e-07
 -1.69992584e-07  5.40908712e-07 -2.78940435e-06  0.00000000e+00
  6.33894198e-06  1.86502151e-06 -3.54116074e-06 -3.40738125e-06
 -3.00824571e-06  1.69421291e-06 -5.84227388e-07 -8.29041750e-07
  1.66891785e-07  0.00000000e+00 -7.33123009e-07 -2.83665406e-06
 -4.15517240e-06 -3.18923176e-06  1.36452012e-06 -1.10295138e-06
  0.00000000e+00  5.51959720e-07 -1.92769365e-06 -1.81847291e-06
  1.66367994e-06  1.10035251e-08 -3.31447710e-08  7.00312482e-06
  8.93544928e-07 -1.24256902e-06 -1.16109543e-06 -2.08765839e-06
  1.74121218e-06 -1.72634689e-06  2.13971186e-06  2.37075875e-06
 -1.63026693e-06  0.00000000e+00 -9.35015181e-07  6.92571013e-07
 -9.28452907e-07  1.96929969e-06  1.66572019e-07  5.19640909e-07
 -2.56947601e-06 -3.61649353e-08  9.57260277e-08 -3.43417317e-06
 -9.71785108e-09  2.54952480e-06 -1.24353091e-06  9.74802294e-07
 -1.94912070e-06 -3.71322553e-06  3.39584226e-06 -1.94040545e-06
 -1.61392702e-06 -6.50890848e-07  4.88058363e-07 -1.11037211e-06
  1.41763662e-07 -3.00096246e-07 -5.02572889e-06 -1.13007682e-06
  2.27780774e-06 -4.16013118e-06  1.73933746e-06  1.01643445e-06
 -8.45225075e-07  0.00000000e+00  3.11684693e-06  2.26613804e-06
  1.61170164e-07 -6.50977038e-07  9.63128096e-07 -5.58714002e-06
 -1.71399856e-06 -7.07143270e-07  4.56165958e-06 -6.27957472e-06
  7.25391033e-07 -7.21633327e-07  2.46459225e-06  2.05653187e-06
  3.24140653e-06  2.72634905e-06  1.49612544e-07 -2.17812149e-06
  0.00000000e+00 -3.34056032e-06  1.03026325e-06  0.00000000e+00
 -7.33076806e-07  5.22502585e-07 -2.24125627e-06 -8.84352646e-06]","[-155.79761806 -156.60661753 -158.04624979 -158.52895419 -156.69065072
 -156.14287178 -157.64434141 -156.17573425 -158.0669604  -157.67158583
 -158.01311961 -155.00209146 -156.14836179 -156.58208489 -157.55917792
 -155.9053337  -157.20279429 -154.77762987 -157.30356147 -156.36014345
 -155.26042191 -156.66643883 -157.29885351 -156.6338401  -156.12664548
 -155.84827213 -158.27464714 -157.53613225 -156.99495143 -156.09621045
 -158.48055902 -156.87042811 -156.80406323 -156.60734126 -156.34149246
 -156.07960468 -158.67225505 -157.37509419 -157.55621107 -157.08231731
 -157.06995914 -154.77762987 -157.69192048 -158.48476334 -157.06922652
 -157.90912636 -156.11859552 -157.70764208 -158.35900211 -156.49653888
 -156.59202835 -158.57972518 -158.70292784 -157.94273837 -157.49962966
 -156.75278315 -157.06548041 -159.01038033 -157.42433318 -158.96345932
 -156.58010457 -158.56207444 -157.85988759 -158.00313307 -156.39978749
 -156.33339425 -158.29267662 -155.25319349 -156.75921266 -156.97282215
 -155.9772183  -157.92465832 -157.81867252 -156.36581037 -156.75612965
 -159.0152352  -156.12870471 -158.21602622 -155.1359377  -157.61899463
 -156.85231582 -157.05087693 -158.12554792 -155.96159188 -157.01313826
 -156.68285327 -156.1913508  -157.92352403 -156.61461917 -157.47861911
 -157.07717445 -156.99805123 -154.77762987 -157.28418913 -155.93916504
 -156.33053846 -157.93920547 -156.96303446 -156.86653001 -156.73098726]",0.483
91,0.5444948793263262,"[ 4.21035746e-06 -2.67633587e-07  9.04502034e-07 -2.15021145e-06
  2.50629473e-07 -8.14155370e-07  4.90986035e-07  8.55654007e-07
  6.18596448e-06  1.30942759e-06  1.12735884e-06 -5.49772805e-07
  4.81239987e-07  4.50403795e-07 -2.35590912e-06  5.83733994e-06
  3.01293856e-06 -1.15433064e-06 -3.16807494e-06 -4.05670108e-06
  1.10977093e-06 -4.58322598e-07  2.49410502e-07 -8.41263766e-07
  0.00000000e+00  5.60469286e-07  2.53229680e-06  2.39573861e-06
 -6.99274564e-09  0.00000000e+00  2.65129031e-06 -5.20363846e-07
 -3.36158156e-06 -3.61454541e-07 -1.18466869e-06 -8.03286214e-07
  4.63539139e-06  8.69145182e-07 -3.74007917e-06  2.18763366e-07
 -6.13360852e-07 -1.73765785e-06 -1.58293789e-06  1.96619389e-06
 -1.13191576e-06 -3.79230637e-06 -5.81790277e-07  1.19541849e-06
  4.54079574e-06 -1.38344694e-06  6.90133908e-07  0.00000000e+00
 -5.12988958e-06  3.01705473e-07  1.15326801e-06  1.98391926e-06
 -2.97949911e-06 -3.46634085e-06 -2.84140463e-07  5.20605815e-07
  2.44071255e-06  1.13258673e-06 -5.84789283e-07  3.16488950e-06
 -1.30150077e-06 -2.93398554e-07  1.60447674e-06 -3.28163360e-07
 -3.97389727e-06 -2.74611814e-08  2.82570999e-06  3.40225776e-06
 -1.85745458e-06 -1.75306403e-06  6.75086843e-07 -1.14726109e-06
 -5.26284941e-07 -1.81413704e-06  1.28917887e-06 -8.20163380e-07
 -1.72806459e-06  2.06582534e-06 -2.85590393e-06 -1.28211921e-06
  2.92345726e-06  1.87820584e-07  1.32934300e-06  6.24592322e-07
  2.19304425e-06 -3.77602469e-06 -2.01143809e-06  3.41055495e-07
  2.07202300e-06 -2.29823976e-06  2.17493267e-06 -6.08838410e-07
 -1.98160549e-06 -1.10037623e-06  7.82947504e-07 -1.58616973e-06]","[-158.11757111 -156.35715631 -159.39542322 -156.44472428 -158.55232113
 -158.24195868 -157.26145788 -157.3578544  -158.03556129 -155.80390446
 -156.33986453 -157.80594432 -158.1734276  -157.13663531 -157.64325376
 -158.79880925 -156.95998527 -154.65506299 -158.1681114  -156.96400796
 -159.4397238  -156.45419456 -154.79512583 -156.34638209 -155.1359377
 -156.45032781 -156.2249726  -157.96382668 -157.56156427 -155.1359377
 -157.60086283 -157.0629024  -156.1852908  -156.3904038  -157.5228699
 -158.26016889 -157.6141449  -156.43553276 -158.12335683 -157.75490562
 -156.74137034 -156.79982089 -158.52883156 -155.5122997  -156.99633481
 -158.04461581 -159.58022018 -157.6063009  -159.05654458 -158.19483115
 -155.64073408 -155.79761806 -157.02559267 -156.16391716 -158.67344803
 -157.5340239  -155.99849495 -157.30446536 -157.15141725 -160.39911655
 -157.407118   -156.43779196 -158.04549813 -156.00086915 -157.04456986
 -156.09186064 -155.89264276 -156.67829778 -154.98358352 -156.41340253
 -156.46369124 -155.52524364 -156.78651681 -155.5202778  -156.84985605
 -157.01844348 -156.32996909 -156.84197663 -157.79260713 -155.73941358
 -155.61775649 -157.5061191  -156.59539625 -156.87182385 -157.62170345
 -157.96708707 -156.54490572 -157.87241654 -157.63414773 -158.12379953
 -155.64979201 -154.91256272 -156.42882057 -155.83054027 -157.24465226
 -157.92907124 -156.75226147 -155.88217797 -155.95997416 -156.57934388]",0.465
92,0.5375655548047256,"[-1.27315191e-06 -2.01080175e-06  5.50471302e-07 -1.03829700e-06
 -5.80506007e-06  3.43549249e-07 -3.15556043e-06  2.90519316e-06
  1.04089921e-06 -1.37937624e-06 -4.29708398e-06  3.39294946e-06
  1.33224128e-06  1.66275875e-06  3.65579179e-06  3.54965158e-06
 -2.70049694e-06 -4.51183017e-06  4.16561567e-07  2.87824005e-06
 -5.92120730e-06 -2.28413479e-06 -2.31698101e-08  7.92420916e-09
  2.27266346e-06  2.16933598e-06  8.07263118e-07  9.46318034e-07
  2.62895337e-08 -1.47562039e-06  2.02445428e-06 -3.16744078e-06
  3.63915688e-06  6.29278517e-07  1.56803576e-06 -3.87776463e-07
 -2.40701414e-06  5.27511090e-08  3.18166633e-07  1.87847065e-06
  0.00000000e+00 -6.66694426e-06  2.74665771e-07  1.02679406e-07
  1.14384680e-06 -1.70173144e-06  0.00000000e+00  1.65431780e-06
 -3.42809304e-08  1.60164195e-06 -3.10292987e-06 -1.26990618e-06
 -3.48107857e-06 -2.01400650e-06  8.96133824e-07  8.50801197e-07
 -2.17952729e-07 -3.56069907e-07  9.57633742e-07 -1.12841610e-06
 -5.35956624e-08 -1.83306316e-06 -2.22739117e-06  1.18266558e-06
  3.13401854e-06 -6.42397209e-07  4.13124653e-07 -1.14875596e-06
 -3.51972538e-06  6.56966516e-07  1.96071954e-06  2.98131266e-06
  1.50112646e-07 -3.12513759e-06  3.08229627e-06  1.82203906e-06
  3.12119568e-07  2.41010490e-06 -8.02531676e-07 -4.10396570e-07
 -1.77363907e-06 -3.77878887e-06 -6.21173768e-07 -1.53990765e-06
  3.57005537e-06 -3.28414828e-06 -6.56017916e-07 -1.39573173e-06
 -7.18096513e-07  1.39552585e-06 -5.26651757e-07 -1.89005592e-06
  0.00000000e+00  3.87918070e-06  6.35020920e-08 -1.26557885e-06
 -2.78686430e-06 -1.90268888e-06  0.00000000e+00 -3.07502713e-06]","[-155.90938238 -157.65094589 -158.13465807 -156.72234562 -157.76815593
 -156.1852908  -158.21141528 -155.92559399 -157.43383464 -157.67782679
 -156.47116605 -158.94188843 -156.47337325 -158.16590878 -159.09512785
 -157.72520184 -157.22598792 -156.46743509 -157.58187396 -156.34016337
 -157.29027183 -157.10335498 -157.74769684 -157.1080997  -157.64507039
 -156.80043901 -157.31834504 -158.73342677 -157.04199176 -157.56287144
 -156.43244095 -157.29646061 -156.51708953 -155.58852195 -154.79474862
 -155.95444866 -156.0105438  -156.55472632 -157.4842455  -155.9950843
 -155.1359377  -159.78429242 -156.85880558 -157.42036658 -157.45065374
 -158.57597459 -156.09186064 -155.85053412 -156.98131065 -158.28964358
 -157.35606407 -156.98962269 -158.07136593 -156.37364986 -156.36902883
 -155.83656302 -156.87249661 -157.35945144 -156.92967004 -156.6153754
 -156.52269965 -157.05645431 -155.69573842 -159.3193028  -156.50492221
 -157.88853627 -155.87895566 -156.04238628 -156.59681167 -155.61775649
 -157.79129109 -157.16503215 -157.85722763 -157.31270536 -157.56755837
 -157.13945897 -156.57468608 -157.41898082 -157.03140017 -155.96854448
 -157.63031949 -155.9820049  -155.87135229 -157.71491649 -156.00376406
 -160.03272149 -155.49941688 -156.61092    -155.65787782 -156.87477896
 -157.25363879 -158.36390028 -155.99849495 -157.28215707 -156.2208375
 -157.14237122 -155.57948316 -157.99238888 -154.98358352 -158.21254176]",0.4649999999999999
93,0.5293947931145584,"[-2.23869734e-06 -7.87448350e-07  3.70803499e-06  1.73519733e-07
  2.67817392e-06 -1.13137572e-06  1.22479963e-07  2.07711198e-07
 -4.17738229e-07  2.85730968e-06 -6.49076848e-07  1.41251221e-06
  5.19702313e-07 -1.03840901e-06  3.65501198e-07  1.76001807e-06
  8.21600661e-07  6.46832243e-07 -1.74499990e-06 -1.02509775e-06
 -6.03951904e-07  2.75640539e-06 -2.85074203e-07  5.18867787e-07
  5.46383039e-07  1.77422256e-06 -2.22745845e-06  8.90992013e-08
 -2.85456311e-06  8.62571502e-08 -3.89290828e-07  4.44084566e-07
  2.24842592e-06 -8.09797605e-07 -5.15779836e-06  2.70388137e-06
 -4.12855038e-07 -1.40111214e-06 -4.44990527e-06 -1.20618603e-06
  1.38701382e-06  1.75935810e-06  1.55936347e-06 -1.64821083e-06
  0.00000000e+00  3.98604992e-06  1.21656632e-06  8.87727341e-07
  1.38242887e-06  1.07467940e-06 -4.98197093e-06  9.39376256e-07
 -3.78951842e-06 -1.19535657e-06  1.09147679e-06  2.85941009e-06
 -1.85723552e-06  7.62940282e-08 -6.53289063e-07  1.40940572e-07
  3.15860095e-06  0.00000000e+00 -1.70462538e-06 -1.87127879e-06
 -2.60884487e-06  5.05511318e-06 -1.22582899e-06  2.77459117e-06
  3.33727609e-06  2.64521989e-06 -2.71925995e-06  2.20266933e-06
  3.98781507e-06  3.08561510e-06 -1.16815308e-06  1.90900459e-06
 -1.74780959e-06 -8.61468160e-07 -1.38367033e-06 -3.22009901e-06
  1.78756282e-06 -6.75943472e-07  7.06412265e-07  5.26084155e-08
  3.99124111e-06 -2.98459020e-06  1.54350217e-06  0.00000000e+00
  2.08606708e-06 -1.69965244e-06  1.87492660e-06  2.88703099e-06
 -1.63842046e-06  1.90539618e-06 -4.12443746e-07 -1.09549177e-06
 -1.44755449e-06 -1.14476028e-06 -1.13660776e-06  2.27713870e-06]","[-155.84307065 -156.67666489 -156.7964596  -157.15070767 -158.48859743
 -156.1852908  -156.50382068 -155.9925372  -155.28681719 -156.78430243
 -155.78156618 -157.61647014 -156.12878716 -157.08885358 -154.79474862
 -157.74321884 -157.0781384  -155.43379078 -156.50698077 -158.02944838
 -157.6471505  -156.32365983 -157.29299737 -156.71815098 -156.40163213
 -157.86802237 -156.99775449 -158.27016836 -158.01700673 -156.22640266
 -155.98723687 -157.49090028 -157.36438771 -156.74088076 -158.19273933
 -155.9469277  -156.56403536 -159.2969323  -157.68951897 -156.80598989
 -157.1635725  -157.14889758 -156.16908633 -157.31737548 -156.50492221
 -158.64325794 -156.79909897 -156.26247079 -157.53366717 -156.7144123
 -156.50099654 -158.17069642 -157.52329395 -155.62964207 -156.87540448
 -156.68296669 -158.07105622 -155.51985959 -156.62276112 -157.18977419
 -154.8310384  -155.9950843  -156.38554276 -156.72621309 -156.97077655
 -157.82886866 -158.33672006 -156.41616933 -156.62122441 -155.89421775
 -157.43701055 -157.930897   -156.67653886 -157.87686912 -155.61276662
 -157.52901024 -156.7972543  -155.82377054 -157.23859577 -155.84506409
 -157.1828496  -157.00081037 -156.01982508 -158.68585175 -156.65571648
 -156.19710637 -156.79657578 -156.09186064 -158.30473789 -156.90016147
 -156.51730021 -157.27139378 -155.9209134  -156.752411   -156.02856565
 -156.56716069 -157.80742698 -156.21224732 -155.91559152 -156.37288694]",0.4280000000000001
94,0.5219291269903837,"[-7.89015648e-07 -2.50960942e-08 -3.45901030e-06  4.37947322e-06
 -7.74463152e-07 -1.25405276e-06  6.32912027e-06 -1.08449370e-06
 -9.48154807e-07 -1.14839383e-06 -1.19073345e-06 -6.38028992e-07
  5.49266984e-07  7.02456588e-07  6.44955733e-07  1.37984218e-06
  1.00251023e-06  1.71387035e-07  3.20196757e-07  6.85356185e-08
 -1.86725564e-06  2.88636540e-06  5.43209867e-08 -4.99765967e-06
 -4.67691800e-07  4.06952652e-06 -1.46801008e-06 -2.48176646e-06
 -4.54280739e-06  5.83852866e-07  2.68629439e-07  2.66133906e-06
 -2.96125959e-06  7.13020246e-07  1.44320467e-07  0.00000000e+00
 -1.83866662e-07  1.22368270e-06  0.00000000e+00 -1.65494757e-06
 -1.41007616e-06  8.27739067e-08 -2.29559765e-07  2.25699809e-07
  7.96737233e-07  0.00000000e+00 -3.13459173e-06  1.35780239e-06
  3.78833292e-06 -2.07811822e-06  3.36553404e-06  2.16248971e-06
  1.38951532e-06  9.57338478e-07 -4.84621125e-06  3.84842153e-07
 -1.41056590e-06  7.94091039e-07  8.21109816e-07  4.93768689e-07
  1.26177585e-06  1.15755979e-06  7.94481335e-07 -3.96667489e-07
 -1.90920744e-06  1.38859640e-06  1.18681208e-06 -1.03096353e-06
 -2.19314227e-06  4.47142274e-06 -6.68286294e-07  1.90038577e-06
  1.52736927e-06  4.55766276e-08  4.32190612e-08  3.11634338e-07
  1.80553273e-06  2.57857493e-06  1.96486419e-06 -5.43041985e-07
  6.83359813e-07  1.01041806e-06 -3.04105369e-06 -3.61526778e-06
 -3.98452357e-07  2.87956722e-06  6.97713802e-07 -1.95235207e-06
 -2.76857416e-06  2.03558153e-06  2.88407927e-06 -1.20747041e-06
 -8.74910991e-07 -1.21581180e-06  4.93521430e-07 -8.78441381e-07
 -1.07073723e-06  1.24763255e-06  7.24036684e-07  1.57716659e-07]","[-156.85962694 -154.52180091 -158.27859103 -158.03936612 -156.78504904
 -159.43871892 -155.50247352 -158.5431289  -157.11625454 -157.71535137
 -158.44869765 -156.73689828 -157.51467184 -156.99394756 -156.23270419
 -157.22933633 -155.80758305 -156.7276675  -155.86368185 -155.89514569
 -157.20152743 -156.36890802 -156.84816255 -156.2261744  -158.88709508
 -157.26088641 -155.13825802 -156.61095624 -157.35324518 -156.1406431
 -156.85266315 -156.61090589 -156.69185247 -157.38786912 -154.32318033
 -155.51985959 -158.22237771 -157.60457899 -156.21224732 -156.26880162
 -155.30753537 -155.82377054 -155.09573066 -157.16240617 -156.83012994
 -156.16908633 -156.04760994 -155.88935302 -157.15543943 -157.63529047
 -157.53949742 -156.6067701  -156.68819504 -157.62264289 -155.97905883
 -159.54675827 -157.17141974 -156.62856575 -157.32919923 -157.92089986
 -157.5227535  -156.78676986 -155.47919232 -156.22640266 -157.09294769
 -157.60860193 -154.91076906 -156.08652424 -158.17585564 -156.57604216
 -156.73616026 -157.4277516  -157.78654499 -157.06508701 -155.91644779
 -157.72677159 -158.66461231 -156.92498146 -156.86962895 -159.65160317
 -157.29640349 -156.72370002 -155.87165515 -157.63550611 -157.28833054
 -157.1143675  -157.95662071 -156.76997013 -157.36365584 -157.48585073
 -156.13684368 -156.7484474  -156.93232472 -156.10069495 -158.23399413
 -156.75496155 -156.23482536 -157.87373276 -159.49106846 -156.07192376]",0.43999999999999995
95,0.5121921937507365,"[-6.89571010e-06 -1.33976826e-06  1.61524767e-06 -1.50894909e-07
  4.67182396e-06  2.21731532e-07 -6.80145593e-06  3.68415435e-06
 -1.16323444e-06  4.46906226e-07 -4.75284260e-07  1.61169491e-06
  2.26842909e-06 -3.63023786e-07  7.92098578e-07 -8.82634927e-08
  1.63336373e-06  2.54603019e-06  5.70521271e-07 -3.09501553e-06
 -1.15681149e-06  2.64362717e-06  1.52825755e-06  1.07105776e-06
  1.33997169e-06 -2.49681966e-07  4.27033045e-07 -6.98127203e-07
 -1.71127089e-06 -2.02116970e-06  5.09676093e-06  1.25128261e-06
  1.46907049e-06 -2.17748902e-06 -1.98329586e-06 -2.24149241e-06
  7.71134685e-07  3.10063355e-06  4.17951948e-06  4.36379475e-06
  9.66260806e-09  2.06096771e-06  9.76409238e-07 -4.59672056e-06
  0.00000000e+00  3.53547802e-07 -2.86084296e-06 -1.12571116e-06
  2.37170019e-06  5.87709255e-08 -8.28706349e-07  0.00000000e+00
  1.09755948e-06 -7.78406863e-07 -6.66977361e-07  2.64540019e-06
 -3.80803722e-06  2.87531671e-07  0.00000000e+00  0.00000000e+00
 -4.39453881e-06  0.00000000e+00 -1.05840080e-06  2.72032909e-06
 -1.92241410e-06 -5.21298177e-07 -2.80703598e-06  3.99733562e-07
 -9.16258536e-08 -3.58706154e-07  4.43618650e-06  3.56320438e-06
  2.81269018e-06 -1.36520889e-06 -1.62954284e-06  1.66373190e-07
  1.25232224e-06 -1.82720910e-06 -1.07355694e-06 -1.90670436e-06
 -2.18265926e-07 -7.92602272e-07  9.47676855e-07 -4.57745222e-07
  0.00000000e+00  3.24243544e-06  1.90289251e-06  2.11607103e-06
  2.72384965e-06  2.24289452e-06 -1.59753907e-06 -3.19721011e-06
 -4.25433651e-08  0.00000000e+00 -3.23725250e-06 -5.69609021e-06
  1.08817356e-06  0.00000000e+00 -4.46063126e-06  0.00000000e+00]","[-156.67609692 -156.76421528 -155.89769845 -159.1045443  -157.71812447
 -156.79369499 -155.89594175 -155.43381277 -158.2257817  -156.41227532
 -158.75038046 -156.46279819 -157.49843952 -156.56396234 -157.13460704
 -156.14906079 -155.35263736 -156.98804958 -155.59563377 -156.96043823
 -158.22460377 -156.45492422 -156.76702464 -157.03945876 -156.32822922
 -156.98557846 -157.77618632 -156.82329937 -159.00979702 -157.07735028
 -156.21433858 -155.65139506 -158.05817178 -157.14681337 -158.27133282
 -155.67969764 -158.09489496 -158.07292089 -157.47533447 -157.13615662
 -157.0747419  -157.75719171 -159.02670618 -157.22860349 -155.97905883
 -157.29235974 -157.25544918 -156.72617737 -156.74342354 -157.82583014
 -157.5038428  -156.13684368 -155.64951367 -155.0449362  -156.89997344
 -157.7609222  -156.15613712 -157.39683849 -154.32318033 -155.89514569
 -155.42117757 -156.23270419 -157.18528989 -158.30945615 -154.73628423
 -157.60567775 -156.36586285 -156.90729989 -156.06247249 -155.95904595
 -155.97561092 -156.55177762 -156.35314314 -159.15002854 -156.00543416
 -155.97869472 -156.08783647 -156.99171409 -158.02799446 -157.82591953
 -156.80371295 -157.01207268 -158.66546243 -155.94607424 -154.91076906
 -157.24707403 -158.79528835 -155.81546787 -157.2678042  -157.59484892
 -156.26494526 -156.56604898 -155.33891992 -156.04760994 -157.35279843
 -158.32087013 -154.69593894 -155.82377054 -156.97540627 -154.32318033]",0.44800000000000006
96,0.5038780071934313,"[ 2.05392406e-08  1.05099128e-06  2.39134357e-06 -1.06697008e-07
 -1.13265385e-06 -2.81600606e-06 -1.74639492e-07  4.34130289e-06
  2.99185088e-06 -3.13958853e-06 -2.81452934e-07  0.00000000e+00
 -1.46241851e-06  1.39264841e-06  4.10415759e-06  1.38373601e-06
  2.62012047e-07  5.61196430e-07  1.36644736e-06 -1.06868873e-06
 -2.14345571e-06  2.92411194e-06  2.72520337e-06 -7.75574371e-07
 -2.87906179e-07 -4.25967594e-07 -9.16317796e-07  3.66689706e-06
 -5.76744316e-07 -1.29714988e-06 -3.78308301e-07  3.12005644e-06
  2.71831550e-06  1.78287995e-06 -8.52096233e-07 -1.64357193e-06
  0.00000000e+00 -3.54203245e-07  7.15118720e-07 -3.10469462e-08
  1.18708653e-07 -1.30888936e-06 -3.78272101e-06 -1.87586133e-06
  2.61268439e-06  2.09953329e-06 -3.72606569e-07 -2.15760267e-06
  7.73755139e-07 -3.17767172e-06  8.69330373e-07 -1.99157238e-08
 -3.14986511e-06 -4.80742224e-07 -8.21257892e-07 -1.33086385e-06
 -2.50852349e-06  3.97841983e-06 -8.35951426e-08 -2.75845805e-06
  1.80936761e-06  1.40758383e-06 -3.90532532e-08  3.60590582e-07
  7.31440519e-07 -5.42944462e-07  2.01960683e-06 -7.86610603e-07
  0.00000000e+00  2.36175208e-06 -3.40065406e-07  1.65879743e-06
  2.24808525e-06 -4.51831321e-08 -1.18220812e-06 -1.53855202e-07
 -6.45850537e-06  1.05227539e-06  6.25475086e-07  3.57554496e-08
 -2.70499128e-06 -3.85865560e-06  3.62286284e-07  3.26941116e-06
 -2.37810461e-07  1.38780633e-07 -3.33370008e-07 -2.03056404e-06
  4.71866576e-08 -7.96499653e-07 -3.04233223e-06  1.52713901e-06
 -4.41074702e-07  1.19788118e-06 -4.28262921e-06 -1.16060841e-06
  2.74642074e-07 -3.72232619e-07 -2.14564876e-06 -3.53464524e-07]","[-156.2304723  -155.34353778 -156.89430221 -158.29785152 -154.41910691
 -157.4234041  -157.53218655 -156.24553433 -158.00360784 -156.39116955
 -156.71648215 -154.73628423 -155.99592967 -156.31184251 -157.15478143
 -155.82609273 -155.75252303 -157.79473978 -155.2302942  -155.18693153
 -157.10313504 -156.1323308  -157.50016887 -158.11664518 -158.17485681
 -156.86281853 -156.79262965 -156.70743302 -158.88543988 -156.56359083
 -157.21075786 -158.42651031 -157.19434011 -157.73876153 -156.93470665
 -156.93094362 -155.43381277 -158.14540375 -157.15980021 -154.2629725
 -158.10743528 -157.61615777 -156.16802607 -155.53680467 -156.7997281
 -157.30314851 -155.63460599 -156.16111524 -155.21052966 -155.19684163
 -156.38771804 -157.11571778 -157.37460435 -158.17155528 -157.03569397
 -155.91364204 -153.90649214 -157.15990253 -156.07617884 -157.88338752
 -156.00937598 -157.61187202 -158.13793188 -157.33205568 -154.82677713
 -156.5672036  -156.66033598 -156.8651956  -156.14906079 -156.10091914
 -156.12863045 -157.34299362 -157.30446533 -157.05136202 -156.98498
 -156.160788   -156.32391634 -157.17691725 -156.50539715 -158.92623414
 -157.75220171 -158.06575627 -157.00016629 -154.42498197 -157.62964328
 -156.35077638 -156.48567736 -156.36455151 -156.68370698 -156.51888651
 -159.78256969 -157.13637693 -158.16418739 -156.12991895 -156.95777193
 -156.16841423 -158.0103416  -157.59836834 -157.8130689  -158.265701  ]",0.447
97,0.4958239282110708,"[ 4.90553630e-07  5.09510270e-07  2.53272215e-06  9.73767732e-07
 -6.27473973e-07  2.43962018e-06  1.83132896e-06  0.00000000e+00
 -5.07652035e-07 -8.46128384e-07 -1.11385358e-07 -1.93178692e-06
  4.30053670e-07 -1.89726834e-06  7.11102648e-08 -1.74292470e-06
 -2.54123086e-06  7.25579135e-07 -5.49131159e-07  0.00000000e+00
 -1.54801895e-06  0.00000000e+00  0.00000000e+00  2.81112651e-06
 -1.22247496e-07 -5.54852746e-09  4.77534074e-06 -1.85572508e-06
  4.00598663e-06 -1.24558587e-06  0.00000000e+00  1.39869511e-06
 -1.75945190e-06  1.91083407e-07 -8.90993485e-07 -2.53605968e-06
 -3.64974407e-07 -1.79034388e-06  4.37851437e-07  1.15473344e-06
 -3.83297207e-06 -4.39245707e-06  8.57898384e-07  1.86323816e-07
  1.72312020e-06 -5.68690030e-07  0.00000000e+00 -5.63959552e-06
 -7.36049507e-07 -9.40410320e-07  5.13681180e-09 -8.65214932e-07
  3.17783418e-07 -1.74181707e-06 -1.19667895e-06 -3.67784285e-07
  6.04057889e-07  3.49331610e-08  4.85768510e-07  5.46940934e-07
  2.08183955e-06  0.00000000e+00  3.86497376e-06  8.66458807e-07
 -2.14141661e-06 -2.13685393e-06 -1.44599572e-07  2.27318472e-06
 -1.52195106e-06  0.00000000e+00  9.01047357e-07  4.97660278e-07
 -9.11854250e-07 -2.34262414e-06 -5.29941333e-08  3.91678784e-06
  1.27676853e-06  0.00000000e+00  4.68366871e-07  3.54924867e-07
 -4.69423029e-07  1.83968479e-06  2.79546265e-06 -1.05456934e-06
 -1.11126590e-06  1.13722893e-06 -8.75067113e-07  6.47113635e-08
 -2.20100170e-06 -4.16429246e-06  1.57628479e-06  1.76274455e-06
 -1.00115543e-06 -2.37417893e-06  8.85216170e-07 -8.71413518e-07
  1.33438778e-06 -1.15183008e-07 -2.38634163e-07  9.93654635e-07]","[-154.42498197 -156.4371833  -156.24644282 -157.12042227 -156.24889464
 -156.38859195 -156.31757501 -156.14906079 -156.38423017 -158.27307486
 -157.11000093 -157.68534987 -155.12311755 -156.73703159 -157.39758776
 -155.92212038 -158.01611969 -156.85059334 -157.52701721 -156.1323308
 -157.6384085  -153.90649214 -153.90649214 -156.67015134 -154.76973108
 -155.67682204 -156.85866814 -156.91616572 -158.28401601 -157.19019697
 -153.90649214 -157.18151097 -157.02212094 -158.14255009 -156.79382072
 -156.29353233 -158.42928734 -156.91280127 -157.54667027 -156.98307586
 -157.29414135 -156.94242767 -157.51934971 -157.46706122 -156.63643492
 -156.91296705 -154.42498197 -158.67825842 -156.70317997 -155.91540779
 -154.91523985 -157.11405727 -156.27316191 -156.7212913  -157.64171706
 -156.72145179 -155.24926511 -157.74109306 -155.78418467 -156.51634611
 -156.67994298 -155.99592967 -157.01380842 -158.24330629 -157.55135942
 -157.17782836 -158.48556515 -157.28964191 -158.30731634 -154.42498197
 -156.37636776 -156.95195285 -156.28798629 -158.06430137 -156.35310705
 -157.84528258 -158.45873438 -154.73628423 -155.33627105 -157.38852782
 -154.09047369 -157.38967868 -157.1743804  -155.96278991 -156.11505006
 -155.9534805  -155.67297066 -157.48737519 -156.03510097 -158.31637957
 -156.32189135 -157.92669825 -157.70142174 -157.7639202  -158.22574412
 -155.51990199 -159.20533718 -157.00018037 -156.819583   -157.46770601]",0.451
98,0.4876417358166163,"[-2.79307125e-06  6.21023685e-06  2.62080403e-06 -2.06127459e-06
 -3.01870284e-06  6.47941764e-06  8.56984561e-07  0.00000000e+00
 -5.19434523e-07 -4.80402354e-06  5.77540161e-07  8.96681295e-07
  0.00000000e+00 -1.66090196e-06 -8.11521835e-07  7.43612002e-07
  1.71634604e-06  2.46349239e-09  1.86009710e-06 -3.53540707e-06
 -3.12051434e-06  0.00000000e+00 -1.87513344e-06 -1.82155808e-06
  2.38559986e-06  8.50365266e-07 -4.77266710e-06 -7.21431995e-07
 -4.66567134e-07 -2.81424022e-06  2.02311326e-06  2.29536761e-06
 -1.07412703e-06 -9.65023803e-07 -3.77395494e-07 -5.30465747e-07
  5.31192466e-07 -1.51449697e-06 -2.11635342e-07 -1.83032189e-06
 -6.16550353e-07 -2.40794974e-06  6.38386201e-07  0.00000000e+00
  0.00000000e+00  0.00000000e+00 -1.20895542e-06  1.87858413e-06
  0.00000000e+00 -1.23969122e-06  7.26448471e-07  0.00000000e+00
 -3.76938182e-07  5.00170700e-06 -2.11576034e-06 -1.05076714e-06
  1.27960092e-06 -1.27154482e-06  1.95407526e-06  0.00000000e+00
 -6.00937518e-06  0.00000000e+00 -1.64299379e-06 -2.72672914e-06
 -7.79406887e-07 -1.37255445e-06  7.52839898e-08  1.78686041e-07
  3.77720220e-06 -9.70574957e-07 -2.33273937e-06 -1.14922742e-06
 -1.87587853e-06  1.93790446e-07  1.90985696e-06 -1.08178875e-06
  2.95445841e-07  2.92997321e-06 -2.41985770e-07  4.26753640e-06
  7.18401734e-07 -1.29824885e-06  1.45600775e-06 -5.06583991e-07
 -2.21375330e-06 -3.27124466e-07  0.00000000e+00 -2.11782826e-07
  1.32223988e-06 -2.24622447e-07 -2.66470136e-06  5.83885131e-07
 -2.86057110e-07 -1.01672671e-08 -1.07257154e-06 -2.28420630e-06
  4.77645652e-07  9.82918257e-07 -9.10113447e-08 -3.02524310e-06]","[-157.55229137 -157.8730303  -157.92734126 -156.92276154 -157.69079858
 -157.20807015 -155.66361156 -154.91523985 -155.9394457  -157.59529453
 -156.11928128 -157.48965898 -154.42498197 -157.29142057 -158.47839633
 -156.13514212 -158.01869018 -156.67739262 -155.55307786 -157.3722963
 -158.09986313 -154.42498197 -158.10070719 -157.06424551 -156.02249967
 -156.92445405 -156.57961642 -158.06792991 -156.46986099 -158.41913883
 -155.71886265 -156.6196657  -156.15683144 -155.98018448 -156.51286662
 -156.19224591 -156.95942627 -157.07557598 -156.61175355 -157.93705653
 -157.79496058 -157.61599447 -156.79756252 -155.12311755 -153.90649214
 -156.4371833  -156.53989875 -158.11976428 -155.12311755 -156.34784131
 -156.23255065 -153.90649214 -158.49597957 -157.87059691 -156.8945369
 -159.51694214 -157.79536555 -157.17955219 -156.45920421 -155.12311755
 -156.68160601 -156.37636776 -157.36220936 -157.56284298 -156.07813727
 -156.81711572 -153.92656473 -156.79478798 -157.264384   -156.35437814
 -157.3861065  -156.85029493 -157.39821931 -156.2233055  -156.97690432
 -157.1038281  -158.28076522 -157.06978298 -155.62299828 -158.69788718
 -157.31642807 -156.07843499 -156.49548235 -155.85161632 -159.47495314
 -157.00396645 -154.42498197 -156.0174436  -157.30423795 -157.68327977
 -157.93447722 -158.11427425 -156.95662513 -155.04680115 -156.96386934
 -157.63640941 -154.9914292  -157.43976526 -156.97482244 -155.37712533]",0.4459999999999999
99,0.48147953355170925,"[ 2.30631308e-06 -2.81833505e-07 -1.49235402e-06 -1.24893153e-06
  2.64853136e-06 -8.26406254e-07 -4.33919993e-07  3.51715638e-07
 -2.32380887e-06  1.25576184e-06  2.96209699e-06  1.28455772e-06
 -1.30072935e-07 -1.76732860e-07  0.00000000e+00 -2.71172030e-06
 -1.48275028e-06 -1.70952915e-07  2.73775947e-07  0.00000000e+00
  0.00000000e+00 -1.72582685e-06 -2.06843041e-07 -1.46117433e-06
 -5.10527794e-06  1.57812434e-06  0.00000000e+00 -2.42132250e-06
  0.00000000e+00  4.21112138e-06 -1.82127772e-07 -1.95766590e-06
 -5.33476698e-08 -2.83429601e-07 -5.97370994e-07  1.15693554e-06
  2.01406666e-07 -1.53068983e-06 -1.12661806e-06  0.00000000e+00
  1.29311943e-08 -2.10139242e-06 -1.49395584e-06 -3.12284759e-06
 -7.26016808e-07 -1.47033510e-07  6.91278262e-07  1.70916612e-07
  5.27500420e-07  9.28840587e-07  4.83808688e-07 -1.13384271e-06
  2.76643029e-06 -2.50148810e-06  5.87249202e-06  3.47911676e-07
  2.02996811e-06  2.35452498e-07  1.75643395e-06  3.10987698e-07
 -3.64720525e-07 -1.36204896e-07 -9.02861471e-07 -1.07853131e-06
 -2.72033003e-06  4.76628322e-07 -1.02369162e-06  5.28997243e-07
 -2.61226473e-07 -1.12096632e-06  1.41119891e-06 -1.64649547e-06
  1.37897537e-06 -1.56895875e-06  2.49299538e-06 -1.31444242e-06
 -3.28821700e-06 -8.28232418e-06  1.44206036e-06 -3.70623593e-06
 -3.43432864e-06 -3.33406586e-07 -1.47015134e-06  1.99164455e-06
  0.00000000e+00 -1.76162090e-06  4.61586375e-07 -2.04820940e-06
 -1.92285375e-06  8.90481892e-07  0.00000000e+00  2.35861667e-06
 -4.99181673e-06  0.00000000e+00  1.42456672e-07 -2.84715553e-07
  4.03827551e-06  5.01859327e-06 -1.03368218e-06  1.22367028e-07]","[-154.41387835 -155.56324073 -157.25850455 -156.56893528 -154.44968736
 -156.59684247 -157.80525553 -156.15251071 -156.08083255 -156.50630902
 -157.03131996 -155.49572947 -156.29408221 -156.92248918 -155.55307786
 -155.83308977 -157.64544056 -157.60398908 -156.00565019 -154.9914292
 -155.9394457  -156.30459814 -156.38929371 -156.37836955 -156.34312958
 -156.96066518 -155.12311755 -158.29426279 -153.92656473 -158.06970998
 -157.95652639 -155.16579128 -158.28640169 -155.66427948 -157.25986524
 -155.04680115 -156.93585999 -156.13891357 -156.12821545 -154.9914292
 -157.3242404  -156.52840797 -156.86755491 -156.01728036 -154.94142306
 -156.60238261 -158.8251124  -156.1450102  -157.73601918 -157.22583848
 -155.76840894 -157.86387981 -156.86337892 -156.41403491 -158.69178186
 -156.1858592  -156.20758495 -154.92566699 -157.43635689 -156.36137833
 -157.35911133 -156.10547012 -157.61301866 -156.64151283 -156.20073692
 -157.71579691 -156.56250555 -156.67672058 -154.69298733 -155.58217236
 -158.20645443 -157.18428489 -157.10052851 -156.92815448 -157.02297198
 -156.59223324 -157.93378342 -158.23420138 -155.91348101 -155.90464551
 -157.94580895 -156.89140684 -157.17892652 -155.62299828 -153.92656473
 -156.95160733 -156.61864148 -157.97996997 -156.04756515 -155.35568206
 -156.23255065 -157.10950072 -155.91901031 -154.42498197 -156.62273516
 -158.07666962 -156.54781101 -157.27979364 -155.99281487 -154.71496052]",0.406
100,0.47374216419235166,"[ 1.09378322e-06 -3.76228370e-07 -6.59839086e-07  4.25058678e-06
  2.07478484e-06 -2.70794133e-06  4.26625526e-07 -2.73832176e-06
 -2.64904642e-06 -9.41176059e-07 -1.54339936e-06  0.00000000e+00
 -8.32142341e-07 -2.28049294e-07 -1.01381406e-06  4.83746827e-07
  1.26298756e-07 -3.53457723e-06 -7.39082316e-07 -1.14943527e-06
  1.87176963e-06  2.07199261e-07 -3.80041961e-07  2.13844729e-06
  1.01755814e-06 -1.55100147e-06  1.26792516e-06 -4.22956174e-07
  0.00000000e+00  1.95632746e-10 -5.63904850e-07 -1.96338041e-07
 -2.11623147e-06  1.04140352e-06 -1.59331155e-06  4.58198955e-06
 -6.29378682e-07  1.37335015e-06 -6.37808814e-08  4.29424326e-07
  3.25989641e-06  2.87437951e-06 -2.63949967e-06 -1.30166153e-06
 -1.72351324e-06 -1.40359777e-07 -3.27114725e-06  3.63608308e-06
  1.60815722e-06  4.24752024e-07 -4.36376394e-06 -4.95357511e-06
 -7.69302166e-07  4.14657974e-06  1.47777065e-06 -1.26784405e-06
 -1.50885259e-06 -4.11924881e-06  0.00000000e+00  0.00000000e+00
 -1.39026356e-07 -2.26876953e-07  5.10261170e-07 -3.08957680e-08
  3.35239287e-06  1.11421878e-06 -7.53196582e-07 -1.06810846e-06
 -3.26304776e-06  7.72399112e-07  7.86664072e-07 -2.84084465e-06
 -4.83852619e-08 -6.89085303e-07 -1.39236269e-06 -7.60288825e-09
  1.17181660e-06  2.27098865e-06  0.00000000e+00  1.90593930e-06
  2.95608407e-06 -5.44752725e-07 -1.88467931e-08  6.13776051e-07
  8.13733573e-07  4.04712111e-06 -4.66567967e-06 -2.42614511e-06
  5.30263075e-07 -2.23604553e-08  4.12561520e-07 -3.21082368e-06
  6.44702880e-07 -2.25652908e-07  1.89589519e-06  7.10135249e-08
 -3.61986557e-06  1.47640853e-06  1.32734838e-06  7.65571247e-07]","[-156.85436446 -156.5362549  -157.81174473 -157.38663094 -158.10359757
 -155.83374173 -154.06513833 -156.07596099 -156.87262561 -157.67523879
 -155.74674847 -154.44968736 -157.26547553 -158.65860052 -155.62819087
 -156.19799898 -158.27608742 -155.54071843 -158.01728552 -154.9914292
 -156.56374315 -156.2828084  -156.20504458 -156.76758671 -156.0707358
 -156.16838202 -154.9914292  -158.17821718 -155.35568206 -155.94698525
 -157.49673694 -155.46910548 -156.98050244 -154.84058914 -156.8118791
 -157.49074464 -155.53842884 -157.87989125 -156.32194288 -156.49061334
 -156.63464759 -158.20483171 -156.65789356 -154.66721363 -155.54938426
 -157.72794825 -156.35563251 -157.90102343 -157.02200785 -156.88666793
 -156.07382395 -158.01468825 -159.23959271 -157.39391178 -157.46843534
 -155.10799304 -157.44363778 -155.3491136  -155.04680115 -154.9914292
 -155.03803747 -156.95693248 -155.92971907 -158.45324581 -157.0518685
 -155.7513934  -155.96354937 -155.92805286 -155.95912105 -155.86837013
 -155.34218976 -156.09311832 -158.14839096 -157.15874226 -158.89998048
 -156.59646028 -157.68170745 -157.67697941 -155.55307786 -154.9181081
 -156.80888245 -156.60027846 -155.27060136 -156.15251071 -157.61309073
 -158.84903759 -156.82218279 -156.76032114 -155.30061391 -156.10461662
 -153.9142616  -156.30033911 -156.60366793 -156.51143156 -156.19116661
 -156.93103809 -157.47408434 -156.12428276 -156.14128197 -161.35960954]",0.424
101,0.46451487259526264,"[ 1.58548948e-06 -5.48618963e-07 -7.89233650e-07 -2.35696177e-06
  9.41870603e-07  0.00000000e+00 -1.44552219e-06  4.85934429e-07
 -4.07941344e-06  0.00000000e+00 -6.12299856e-07 -2.99267583e-06
 -1.20167086e-06  3.80462879e-07  0.00000000e+00 -4.70653343e-06
 -1.89632356e-06  3.64402749e-07 -5.89908665e-08 -8.29397154e-07
 -4.33129815e-06 -1.68222431e-06 -9.53835829e-07 -1.62087088e-06
 -1.35355105e-06  6.09642351e-07  1.64367531e-06 -4.77281737e-06
  1.10906309e-06 -1.23192751e-06 -2.73000688e-07  5.24325000e-06
 -3.51574448e-06  0.00000000e+00  4.76959300e-06  0.00000000e+00
  1.02564682e-06 -1.74102764e-06 -4.82920802e-06 -1.66583582e-06
  2.72133664e-06  0.00000000e+00  8.97831654e-08  7.07608894e-07
 -1.16206576e-06  2.80977834e-07  1.97998132e-06  3.38119379e-06
 -1.00441626e-06 -1.54285778e-06  9.01780281e-08  6.74768898e-07
 -2.38401897e-06 -2.22493397e-06 -1.85662606e-06 -1.93719610e-06
 -5.50288027e-07 -2.45820058e-07  3.15655989e-07 -9.59804259e-07
 -5.85162956e-06  2.03427355e-06 -2.59704673e-06  6.67282387e-07
  2.95161862e-06 -2.26059620e-06 -1.06615717e-06 -1.16301280e-06
  7.03528702e-08 -1.25507842e-06 -1.53914751e-06  2.06346387e-06
 -4.98066801e-07 -8.24728402e-07 -7.09761513e-07  1.90618564e-06
 -4.07389144e-06 -4.66551863e-06 -8.48044143e-07  1.05191457e-07
 -1.11133917e-06  2.67093781e-07  1.53892739e-06 -2.43531661e-06
 -5.24752047e-07  3.04159896e-06  2.62911917e-06  0.00000000e+00
  0.00000000e+00  5.72604754e-07  2.17870785e-06  0.00000000e+00
 -1.46250463e-06  2.67677733e-06 -1.59946570e-06  6.42900800e-07
  3.77254885e-07  0.00000000e+00  1.53975783e-06  5.53117128e-07]","[-158.81358901 -155.81061126 -157.12032582 -155.96253693 -156.45791716
 -154.06513833 -156.03713504 -156.84443414 -156.3141005  -155.03803747
 -154.94392949 -156.57207197 -156.91355277 -155.54110207 -155.53842884
 -157.10856928 -159.56439059 -157.40155046 -155.48848402 -155.28801512
 -156.80195409 -157.5407719  -156.12117725 -156.09947116 -155.31456904
 -156.46210906 -156.75682649 -155.79999988 -157.00265023 -158.01794703
 -157.0927407  -157.29345478 -155.06948173 -154.06513833 -158.38961119
 -155.54938426 -156.64007768 -156.26363599 -157.00293419 -157.44414027
 -158.00960585 -155.74674847 -155.3062387  -156.19565468 -157.43917324
 -154.77413137 -157.5711833  -156.13983613 -156.94845078 -157.63607384
 -155.21999858 -157.02242941 -157.23481262 -159.25806864 -158.05542517
 -155.32559145 -155.55592449 -155.99755201 -157.28938765 -155.16609627
 -157.76439418 -157.72203391 -158.43180931 -155.28360816 -158.5698299
 -157.5830064  -155.60782094 -155.00441048 -157.18163655 -155.45728765
 -156.8893537  -154.63740358 -156.76313208 -155.7513934  -155.90007858
 -156.63443389 -156.94736051 -157.97035858 -157.79713493 -158.40569512
 -156.43660068 -156.22999089 -155.70539518 -154.43037953 -155.80902932
 -156.27008835 -157.81165594 -155.03803747 -154.9181081  -155.13322575
 -156.86368297 -154.06513833 -157.36848205 -157.30960033 -159.49671726
 -156.3183983  -155.87375158 -155.03803747 -158.09322504 -157.28356861]",0.385
102,0.4546285360644315,"[-7.07770597e-07 -1.82260840e-06  3.17820315e-06  1.77434679e-06
 -1.33619393e-06 -4.58196424e-07 -1.17350797e-06 -7.06665260e-07
  1.85423786e-08 -1.72282146e-06  1.66432824e-06 -3.37364738e-07
 -1.66243121e-06 -1.08972303e-06 -1.48563938e-06 -1.53969665e-07
 -3.10378005e-06 -2.25534972e-06 -2.40338630e-08  4.83474104e-07
  1.14897989e-06  1.69011989e-06  1.85761276e-07 -2.20942231e-06
 -5.75881510e-07  8.32691842e-07 -1.15839024e-06 -6.36932229e-07
 -2.30182261e-06 -8.99154829e-07 -2.97993355e-06  1.59097679e-06
  9.21962585e-07 -2.10449048e-06  3.00508329e-06  6.40573322e-07
 -2.59490812e-06  0.00000000e+00 -1.95920260e-06  0.00000000e+00
  2.40785921e-06  2.17701400e-07  4.28646603e-06  1.27690915e-07
 -4.33042046e-07 -6.89476612e-07 -8.79677391e-07 -2.44257631e-06
 -4.06439171e-06  2.08039754e-06 -1.37077182e-07 -2.26391013e-06
 -2.39427717e-07  1.07246075e-06 -2.19196684e-06 -3.55813562e-06
 -2.32560476e-06 -3.55405367e-06 -7.34062588e-07  8.63905023e-07
 -1.32583220e-06 -2.72306316e-06  3.49108629e-06 -4.04827866e-06
  4.43199234e-07 -1.71263085e-06 -9.85783134e-07 -1.37214155e-06
 -2.34986864e-06  0.00000000e+00 -4.59313049e-06  0.00000000e+00
 -1.50513441e-06  3.84592745e-06  1.05717411e-07  0.00000000e+00
  1.39147030e-06 -3.86973066e-07  5.89614361e-07 -2.78141305e-07
 -2.03151275e-06 -4.37226065e-06  1.04801220e-06 -1.89796075e-06
  2.50674968e-07  1.70791652e-06  3.06164997e-06  0.00000000e+00
 -4.70773957e-07  6.71707658e-07  0.00000000e+00 -1.41905593e-06
  1.88119330e-07 -2.12058564e-06 -2.21530637e-06 -5.74646725e-07
  2.30166574e-06  1.62493964e-06  1.24436468e-06 -5.23722199e-06]","[-155.93332538 -157.73300206 -156.31624882 -155.67912893 -157.22709498
 -155.12988541 -155.1365797  -157.07294515 -155.75585869 -156.60402153
 -155.47481013 -155.5643456  -154.9826855  -156.8986469  -156.34475902
 -156.98274086 -156.89059491 -156.26782723 -158.05384071 -158.27053331
 -158.41242297 -158.28318053 -155.28664569 -157.7582072  -156.45776228
 -156.32584048 -155.88478346 -155.69849369 -155.96259755 -156.82990418
 -157.2389766  -157.87653104 -156.64887058 -157.76238341 -156.71433896
 -157.9651029  -157.28899861 -154.77413137 -159.12996573 -155.03803747
 -157.00895651 -156.19932359 -157.82512374 -155.35800661 -156.22852892
 -155.00725134 -155.92649775 -157.49962069 -155.05847091 -154.68391839
 -157.32668467 -155.99057588 -154.98677789 -157.18778682 -157.13615217
 -157.52574196 -158.08728521 -155.73846784 -157.68570995 -155.56867678
 -156.63152518 -156.8229173  -157.97312035 -158.09234279 -157.17956316
 -157.02303382 -157.2335466  -157.99343235 -158.10106542 -154.06513833
 -155.64162733 -155.31456904 -155.79782406 -157.17688491 -157.5342926
 -155.48848402 -154.54422364 -155.80902932 -155.0081756  -156.16345584
 -155.41798249 -155.68671293 -155.87159927 -157.79714417 -156.67438689
 -158.4511075  -157.32325748 -154.06513833 -154.801392   -157.84672411
 -154.94392949 -155.89297322 -156.68512192 -156.78066317 -158.39595163
 -157.90385656 -154.67499119 -157.35020894 -155.12505368 -156.39156108]",0.43300000000000005
103,0.4469620589258694,"[ 7.53900282e-07  3.19141913e-06 -1.59304022e-06  1.44843186e-06
  0.00000000e+00  1.09168849e-07 -3.00584141e-07  1.96140301e-06
 -1.61375868e-06  1.21353794e-06 -3.45343434e-06 -2.40120929e-06
 -3.36283156e-07  1.24286759e-06  5.85466112e-06 -2.17405290e-07
  3.35973751e-06  3.09654943e-06  2.28974907e-06 -1.97675706e-07
 -1.89066445e-07 -1.92710905e-07  3.08334467e-06 -2.20066932e-07
 -3.81251666e-07 -4.61791738e-06  9.82743903e-07  7.54482970e-07
 -1.12450283e-07 -1.54717237e-06  8.18775090e-07 -1.37168151e-06
 -1.97919220e-06 -4.04857611e-08 -2.56419187e-06  9.10820209e-07
  0.00000000e+00 -3.44111021e-06 -2.40935606e-06 -3.35176321e-07
 -1.22114802e-06  2.21023691e-06  0.00000000e+00 -1.09738615e-06
  2.88905125e-06  6.99399979e-07 -1.30629461e-06  0.00000000e+00
 -2.02404571e-07  1.34315747e-06 -7.18753150e-07  5.32264322e-06
  2.10105615e-07 -9.01748032e-07  3.63101148e-06  1.39502594e-07
 -5.93140339e-07 -5.06233521e-06  9.97266621e-07  7.44368551e-08
  2.24010133e-06 -2.78293439e-06  1.75235374e-06  1.27329841e-06
  5.61569616e-09 -6.36216148e-07  1.50167422e-06  1.01991841e-06
 -3.25049488e-06 -2.17165643e-06  0.00000000e+00  2.59530476e-06
  3.15696340e-06  8.01832496e-07  2.88720731e-06  4.64134016e-07
 -6.31002041e-07  3.66947379e-06  1.68003487e-06  1.08691287e-06
  1.35856049e-07  1.08390709e-06  2.84166808e-06  2.92732547e-07
  4.73636072e-07 -2.68336108e-06  5.09716467e-07  1.77716271e-07
  1.53786496e-06 -8.80490826e-07  6.61598795e-07 -1.40310211e-06
  7.77972610e-07 -1.03420580e-06  0.00000000e+00 -1.73212329e-06
 -2.42560410e-06  1.46377754e-06  5.93013560e-06 -1.73792048e-06]","[-159.36941226 -157.20081688 -157.1090102  -156.22801771 -154.54422364
 -157.9090648  -154.96479497 -155.24553568 -156.82901392 -157.01558372
 -156.34209189 -157.78402361 -156.28886725 -156.14258236 -156.04900997
 -154.50929413 -158.29560322 -155.64452626 -157.046295   -154.55243732
 -156.81169969 -154.21586352 -157.66676498 -155.75986517 -156.32184916
 -156.53589124 -155.73846784 -157.92709498 -156.35420224 -156.43166998
 -154.64031286 -156.79292033 -156.98114591 -155.19271815 -158.18596088
 -156.232186   -155.80902932 -155.11048682 -158.22321711 -156.35378608
 -157.79493533 -158.10084679 -155.93332538 -157.03229058 -155.65402131
 -155.94641786 -157.24247191 -155.28664569 -156.69305082 -156.55547627
 -156.41834944 -157.76080326 -154.06513833 -156.19236747 -155.66201296
 -157.38642852 -155.87821943 -157.43596039 -155.76286864 -156.06541197
 -157.77992822 -157.62629227 -155.43380431 -155.11332423 -154.60210023
 -155.4163131  -156.41269549 -156.54993248 -154.74482049 -158.39196529
 -154.68391839 -157.04610051 -154.06529914 -155.56492049 -156.66205342
 -157.75856029 -157.204402   -155.52537791 -157.11451762 -156.48964316
 -156.45711467 -156.27228342 -156.02254225 -155.79519283 -158.86019753
 -157.24092458 -157.19687542 -156.64343375 -156.78411271 -155.0081756
 -154.32849967 -156.10170174 -158.63976497 -157.07648296 -155.69849369
 -157.01177117 -156.36489031 -157.46901833 -159.1057556  -155.21863092]",0.38799999999999996
104,0.439331091572954,"[ 1.77845557e-07 -5.21744910e-07 -2.29454782e-06  0.00000000e+00
  9.80570072e-07  1.99222334e-06 -3.67439844e-06 -5.51293242e-07
 -1.42569844e-07 -2.52179760e-06  2.65318657e-06 -2.64519039e-10
  4.05172567e-07  1.26325239e-06 -6.63519958e-07  8.37196535e-08
  1.86115513e-07  8.37496251e-07 -7.51649362e-07  5.54801191e-07
 -6.21740975e-07  1.14103754e-06 -1.02027777e-06  5.15643516e-06
 -1.30890109e-06 -3.89875224e-07  1.36222493e-06 -2.94129560e-06
  2.02254553e-06 -6.31544729e-07  3.11715613e-06  3.19650678e-07
 -1.40862401e-06  0.00000000e+00 -2.88753680e-06 -2.75243210e-06
  1.29419483e-06 -2.42455939e-07  2.91213337e-07  9.31986697e-07
 -1.54838573e-06 -6.46523199e-06  0.00000000e+00 -1.26223580e-06
  4.02974334e-07 -4.59643770e-07  1.87307308e-06  5.72597559e-06
  2.89665430e-06  2.87308100e-08 -1.19639423e-07 -3.50050145e-07
 -2.29789523e-07 -2.34086883e-06  1.97892829e-06  2.68106615e-06
  0.00000000e+00  1.01699290e-06  9.03618784e-07  2.87912834e-06
 -7.72206902e-07 -2.19298090e-06  0.00000000e+00 -2.12370704e-06
  1.49947855e-07  1.30705544e-06  1.16896481e-06  7.44664523e-07
  3.82266125e-07 -1.87555353e-06 -1.40679637e-06  1.93904241e-06
  8.72808703e-07 -1.48956423e-06 -4.21315740e-06  1.49509471e-07
  9.90770391e-07 -3.70236705e-06  1.95875828e-06 -2.99431519e-06
  6.78432979e-07  8.38045029e-07  2.85144408e-06  2.25335104e-08
  3.17007278e-07 -2.03085356e-06  1.67912052e-06  3.25678788e-07
  6.87222747e-07 -5.61425017e-06  1.25647618e-06 -5.10264623e-06
 -1.14984647e-06 -2.69061419e-06  7.07172597e-07  1.86317356e-06
  3.52518845e-07  2.47597126e-06  1.50803388e-06 -2.88850655e-06]","[-154.55243732 -155.14336916 -155.78371571 -154.54422364 -157.19554768
 -156.93087763 -156.42548897 -157.01878344 -156.22348113 -157.27766818
 -159.1323429  -155.63062279 -157.12591772 -155.19997494 -157.31277468
 -156.71471943 -155.78838876 -154.02379652 -156.10086014 -156.05871185
 -157.797698   -155.12865869 -157.35431969 -157.34802137 -157.18846684
 -158.58157277 -156.91409654 -156.03378952 -155.05698153 -156.18643076
 -157.41128804 -154.68497893 -158.15524798 -154.06513833 -155.62924103
 -157.17619404 -156.22794297 -157.7724142  -156.59287177 -153.64648953
 -156.78064109 -156.71440553 -154.06513833 -156.7220144  -155.0064464
 -155.99378295 -154.70183697 -157.90173994 -155.1287882  -155.4882467
 -157.1874199  -156.09801878 -156.9648599  -154.34081716 -154.29753107
 -157.87001143 -155.94641786 -155.08266942 -157.50764096 -156.84562339
 -155.80265095 -157.25462741 -156.06541197 -157.19429337 -156.06479325
 -157.76144655 -157.17290689 -155.93040948 -158.3732851  -154.52095136
 -157.26328557 -157.0864462  -157.25167595 -156.26242446 -155.71870182
 -157.00373622 -156.14833191 -160.36570957 -156.99166075 -156.6690842
 -157.0220967  -157.0770216  -157.77768937 -155.5476569  -155.73842129
 -158.92766955 -158.36745042 -156.686272   -156.58737106 -157.70811993
 -155.81075611 -158.22650787 -158.82503764 -157.25295696 -157.3668358
 -156.9968069  -156.88188827 -156.11544654 -157.8957948  -158.84993624]",0.435
105,0.43326152284214436,"[-1.58629509e-06 -4.39993860e-06  1.08248330e-06  2.76359281e-06
  2.64010230e-06 -4.77211863e-06  9.05712198e-08  0.00000000e+00
 -3.18157608e-07  0.00000000e+00  3.66431900e-06 -2.12028167e-07
  4.87761426e-07  1.12261781e-07 -1.75600197e-06  1.56360915e-06
  5.80015621e-07  4.51605777e-07 -1.56821739e-07  3.89671609e-06
  3.23154975e-06  7.20054204e-07 -2.01534778e-06 -9.05624915e-07
 -9.55670301e-07  3.80716180e-06  3.76171652e-06 -2.10270151e-06
  1.60078312e-07  0.00000000e+00  0.00000000e+00  0.00000000e+00
  1.28204489e-06 -1.56815401e-06  2.88353684e-06 -2.10877152e-06
  3.35378992e-06  0.00000000e+00  1.41439342e-06 -8.13593932e-07
  0.00000000e+00  8.43182581e-07  1.21819377e-06 -1.24737874e-06
  4.51656833e-07 -3.17199549e-06  1.07376864e-06 -2.66808030e-06
  3.04380718e-07  1.36661529e-06 -5.11725110e-06 -8.28080378e-08
  5.98420661e-06  0.00000000e+00 -9.45590036e-07 -1.03901662e-06
  7.16725538e-07 -8.39833298e-07 -1.78987544e-06  6.12443915e-07
 -1.30259299e-06  8.79737378e-07  7.38355373e-07  4.95329424e-08
  5.90639775e-06  6.27733190e-07  1.31348219e-06  2.65898832e-08
 -3.06507186e-06  1.35069507e-07  6.59731955e-08  8.79215445e-07
  1.12011535e-06 -1.04939665e-06 -6.10129527e-07  1.24844874e-06
 -4.55356381e-07  0.00000000e+00 -4.44438398e-06  1.34463012e-06
  8.75616300e-07  0.00000000e+00  7.07955330e-07 -1.72493120e-06
  3.15785848e-07 -1.58465546e-06 -3.06711449e-06  8.38900353e-09
 -5.19761348e-07  4.72882811e-06  1.53494411e-06 -7.07669858e-07
  1.17914160e-06  5.31613942e-07 -1.91404408e-06  5.12289953e-07
  1.83346087e-06  1.29864737e-06  1.38950140e-06  6.09266701e-07]","[-155.30294601 -153.67610445 -157.21120852 -157.35343973 -156.66594796
 -159.30543585 -157.98581106 -155.05698153 -156.85490285 -154.02379652
 -157.02135299 -155.76088242 -155.76733056 -154.33355329 -156.70708917
 -155.95749154 -155.08972363 -156.92124031 -157.09011508 -156.74294341
 -157.05110053 -157.66183068 -154.71169626 -156.82707674 -156.77633013
 -153.81881514 -157.31843022 -156.70089273 -155.6478409  -155.0064464
 -155.73842129 -155.78838876 -157.19900868 -156.53285703 -158.12819604
 -157.41059181 -156.69922342 -154.52095136 -157.18110298 -158.73214769
 -154.02379652 -155.03352693 -156.6343753  -154.2386095  -156.67186959
 -156.53313293 -155.0064464  -155.40598629 -157.32671025 -158.78260529
 -158.62761003 -157.69047599 -157.10167334 -153.64648953 -154.3607198
 -155.1287882  -158.40294765 -157.23265661 -155.88186919 -157.25278589
 -157.49609506 -157.99200693 -155.92101578 -155.16135683 -156.64718932
 -156.48890657 -155.96995821 -155.86398891 -155.29510267 -156.52933979
 -158.88206965 -156.20623172 -155.25567793 -156.6322135  -157.63336255
 -156.09355909 -156.11080523 -153.64648953 -156.98407594 -156.0999536
 -154.96969143 -155.63062279 -157.41715807 -153.58166923 -155.10132475
 -155.05698153 -155.77368799 -158.07211775 -154.78640373 -156.45045314
 -155.88554217 -156.79135115 -158.43906678 -155.95576986 -154.5472601
 -157.05489127 -155.06763673 -155.69518482 -155.41595677 -156.63181879]",0.38099999999999995
106,0.42629607557064086,"[-6.30817853e-07  2.71218889e-06 -1.09502630e-06  6.59240503e-07
  1.12495714e-06  8.61963846e-07 -9.97734613e-07  0.00000000e+00
  1.95660442e-06 -1.46922321e-07  0.00000000e+00  3.02376544e-06
 -1.92234173e-06  3.67734934e-07 -3.42281968e-07  0.00000000e+00
 -2.56268230e-07  3.44009727e-06 -3.28438514e-06  1.19469903e-06
 -1.30532841e-06  5.76199557e-06  2.00714086e-06 -2.65513735e-06
 -1.43062377e-07  0.00000000e+00  2.16826622e-08  3.58006299e-06
 -1.24678032e-06  1.12191114e-06 -1.06900150e-06  4.62323771e-07
 -1.68565493e-06 -1.37626264e-06  0.00000000e+00 -5.85844525e-07
  0.00000000e+00  2.00124387e-06  2.61396119e-06  2.86592163e-06
  1.28458703e-07  2.07495056e-06  3.79805042e-06  2.15995447e-07
  5.97915784e-07  2.17623039e-06  2.03113752e-06  6.56375017e-07
  1.20832412e-06 -9.95075932e-07  1.12016726e-06  1.96582122e-06
  1.40138685e-06 -1.13488480e-06 -1.12665831e-06 -1.69965133e-06
 -1.31081295e-06  0.00000000e+00  1.77030155e-06  5.12133721e-07
  2.38934827e-06  0.00000000e+00  1.38208170e-06  2.86510473e-06
 -7.98023034e-07 -1.75310127e-07 -1.19646814e-06  4.16328468e-07
 -2.05003456e-06  1.14348374e-06  1.84306292e-06  8.59281925e-07
  1.24671660e-06  1.86417712e-06 -1.62634964e-06  7.24191131e-07
 -3.75041389e-07 -3.98006057e-07 -1.44100152e-06  3.06478735e-06
  1.68494837e-06  0.00000000e+00  0.00000000e+00 -2.43134755e-07
 -4.53060524e-07 -4.40342098e-07 -7.80805301e-07  3.96956215e-07
  4.01881484e-09  2.50819640e-06  4.98870679e-06  0.00000000e+00
  2.07534341e-06  1.39429028e-06  8.02836848e-07  2.31087659e-06
 -1.73224737e-06 -3.38509394e-06  2.69525806e-06  2.52022878e-07]","[-156.63081742 -157.24379228 -157.11237671 -157.11866592 -156.31129796
 -155.77412558 -153.38293158 -153.67610445 -155.88458321 -156.66712762
 -155.30294601 -156.8517291  -157.82411167 -156.32779503 -154.71169626
 -155.16135683 -155.59890969 -156.06146837 -158.32901693 -156.41600008
 -157.72313403 -156.58002988 -156.62005183 -156.76091748 -159.95870102
 -155.0064464  -156.16883727 -158.13691339 -156.55452695 -157.11540595
 -156.66030554 -156.3237277  -156.64944524 -156.92781017 -155.96995821
 -155.66065479 -154.52095136 -158.27341631 -155.85805336 -156.16082018
 -157.92509479 -157.75601057 -156.36992199 -156.08261793 -155.28941533
 -157.30034771 -155.38779378 -156.79321017 -157.78874629 -155.71727684
 -159.77419543 -156.49365491 -157.16136514 -157.79220396 -155.28730182
 -156.15833154 -156.77447969 -153.58166923 -156.71602634 -155.75372285
 -156.64876854 -155.0064464  -155.57990708 -158.89388889 -155.55183357
 -157.76930008 -155.72739312 -156.91695601 -154.35925808 -157.26164575
 -155.29138464 -156.24039544 -153.64648953 -157.90773338 -156.60649494
 -156.73453561 -154.96969143 -154.61018909 -154.80366714 -158.2294687
 -155.89888898 -155.96995821 -153.81881514 -155.51801898 -155.88761107
 -157.35817322 -154.74415618 -156.36574194 -154.89448303 -155.87097448
 -157.10470682 -155.78838876 -156.25369475 -156.42995916 -156.09412214
 -156.24612938 -156.09865198 -155.58592808 -156.03488867 -156.66538492]",0.3579999999999999
107,0.419907376565435,"[ 6.31550328e-07  6.32238634e-07  3.46891882e-07  5.19521679e-06
  6.24876887e-06  6.94654362e-07  1.49116636e-06 -4.54563733e-06
  4.14095211e-06  0.00000000e+00 -2.26428540e-07  2.69228479e-06
 -1.33991190e-06  1.17781408e-06  2.19824641e-06 -2.74878861e-07
 -4.64938999e-07 -1.77452761e-08  0.00000000e+00 -1.85413929e-07
  1.50408083e-06 -1.24902362e-06  0.00000000e+00  1.30048645e-07
 -9.34832159e-07 -3.78439579e-06 -2.20888105e-06  3.15409769e-06
  0.00000000e+00 -9.57942091e-08  1.67171675e-07 -1.97655263e-06
  0.00000000e+00 -3.31089811e-06 -1.09181348e-06  1.54164966e-06
 -1.04702345e-06  3.65829494e-06 -2.07789989e-07 -7.86014404e-07
 -3.07248076e-06  0.00000000e+00 -9.73808203e-07  0.00000000e+00
 -6.84890420e-08  5.08463888e-07 -1.75612410e-06  1.97276252e-06
 -8.66191569e-08  1.99548612e-07  5.12634301e-07  1.98997128e-06
  1.71175874e-06  1.05438857e-06  0.00000000e+00  2.40909366e-06
  1.42209515e-06 -1.33651860e-06  3.67101279e-06 -5.69166893e-07
  1.06452346e-07  0.00000000e+00  4.55233529e-07 -1.58804610e-06
 -2.80758443e-06  1.07919226e-09  1.98427173e-06  3.39813043e-06
 -3.00511963e-06  5.36740248e-08  7.90614280e-07  3.05702550e-06
  2.57225148e-07  2.92741977e-06  9.99232873e-08 -1.82859751e-07
 -1.78873591e-06  0.00000000e+00  8.86231101e-07  1.15844427e-06
 -8.12945970e-07 -2.49970089e-06  1.90738775e-07  9.42135125e-08
 -1.64095532e-06 -8.93833708e-07  1.51170391e-06  1.74471417e-07
 -4.55561665e-07 -2.09612654e-07 -2.98307878e-06 -4.99647854e-07
 -2.43625497e-07 -1.75338262e-06 -3.21750319e-06  7.85035932e-07
 -1.69882851e-06  6.40805716e-07 -5.93012840e-06  2.14421018e-06]","[-156.6124156  -157.65398726 -155.94679734 -157.65997615 -157.28658286
 -155.07551588 -156.85830307 -157.69265112 -156.0356156  -154.61018909
 -156.86780258 -158.2332058  -156.56204976 -156.58444256 -156.36648304
 -154.81938318 -156.26708486 -157.1870699  -155.28941533 -156.50345265
 -157.54248167 -155.66924241 -154.61018909 -154.34609071 -155.92390075
 -156.56299212 -156.39632222 -157.36021563 -154.61018909 -154.97775639
 -157.67920512 -155.81914547 -154.35925808 -158.30143131 -158.0160461
 -156.44871003 -158.03407039 -157.04402245 -155.96051579 -154.95843442
 -156.66014175 -154.61018909 -157.90949062 -154.35925808 -159.2070591
 -155.15892906 -158.08806981 -156.53251338 -156.7679435  -156.75953995
 -155.75961964 -155.93609736 -154.5790845  -156.20823437 -154.74415618
 -156.84850857 -155.7242854  -155.16678981 -158.04402176 -155.80315943
 -156.11706784 -154.61018909 -155.90538902 -157.44900513 -157.74228707
 -154.98134265 -156.94971482 -154.89671352 -156.31759612 -154.61018909
 -156.30353974 -156.40840682 -155.00113837 -155.87245924 -157.82291889
 -153.69462175 -158.57036536 -155.88458321 -157.30947322 -157.62116727
 -156.84915947 -156.64202803 -155.91923305 -155.49242101 -155.97593699
 -155.18425191 -157.34577717 -155.97686662 -157.17712264 -154.69920942
 -157.40760124 -154.47433078 -157.54250206 -155.36844172 -156.9818164
 -156.28809491 -157.55657002 -158.63642989 -157.3049138  -156.79677731]",0.344
108,0.41422655419657584,"[ 2.84045603e-06  0.00000000e+00  2.04581100e-06  0.00000000e+00
 -1.11225656e-06 -7.74829066e-07  4.12509967e-07  1.32081792e-07
 -1.93729787e-06  4.91007487e-07  1.88926950e-06  1.68638695e-06
  2.66751374e-07  6.36557571e-07 -8.28165034e-07  8.11384433e-07
 -3.13034334e-06  5.41563233e-07  2.51137537e-07  7.55290488e-08
  4.03422527e-07  0.00000000e+00 -6.94954201e-07  2.34687307e-06
  2.36601964e-06  1.33231736e-06 -8.35876543e-07  7.96955106e-07
  0.00000000e+00  0.00000000e+00 -5.81723479e-07 -2.35815445e-06
  2.67634132e-06 -1.81437504e-06 -2.22994342e-09 -1.80798422e-06
 -2.03951406e-06 -2.82711139e-06 -3.05560470e-06 -6.31455222e-07
  3.03802595e-07  9.55022719e-07  1.88538311e-06 -4.26177202e-07
  2.37786040e-07 -1.37885980e-06  1.33213043e-06 -1.64520914e-06
  2.07689801e-06  1.19487203e-06 -1.07288545e-06 -9.80457253e-07
 -6.05734491e-07  1.68609409e-06  2.02894816e-07 -1.84862833e-06
 -1.90913937e-06 -5.41268853e-08  3.08009462e-06 -2.59785968e-06
 -1.89231302e-06 -8.43160734e-07 -2.47859515e-06 -5.23643130e-07
  3.34264236e-06 -8.30628091e-08  8.08727727e-07 -3.79298875e-06
  2.87206803e-06  1.13818881e-06  2.33531431e-06  1.28001151e-06
 -5.54486436e-07  1.50499289e-06 -1.27232937e-06 -5.05832206e-07
  0.00000000e+00 -2.02753843e-06  3.55074976e-07 -3.48941190e-07
  0.00000000e+00 -4.02227760e-06  2.24330703e-06  1.36906705e-06
 -5.07347575e-07 -1.16946600e-06  0.00000000e+00  3.01049724e-06
 -9.29891922e-07  0.00000000e+00 -1.50703820e-06 -6.56563160e-07
  2.14442356e-06  1.93634142e-06 -7.79319681e-07 -1.67231001e-06
  0.00000000e+00 -2.95035407e-06 -7.96650790e-07 -6.04942936e-07]","[-156.96489789 -156.11706784 -157.08322845 -155.81914547 -156.087618
 -156.50189716 -156.56267676 -155.30209043 -155.46532652 -154.47433078
 -155.38024416 -157.57564226 -154.42838456 -157.02284749 -158.72436841
 -155.04453944 -157.90684615 -155.22826149 -156.3791227  -156.13319743
 -157.78184668 -154.34609071 -155.10092612 -154.85928369 -157.25466891
 -155.47421459 -156.65907542 -157.32550872 -154.61018909 -155.16678981
 -156.72170077 -156.38691951 -156.70094811 -154.47232264 -155.61731338
 -156.02690943 -155.55917895 -155.74843747 -156.48727005 -155.05008509
 -157.46228878 -157.08426045 -157.50781177 -154.86162989 -158.11979403
 -154.67511715 -157.40996394 -156.11724179 -159.09600737 -155.49568727
 -155.73165397 -158.41702898 -154.35118965 -156.81214068 -155.73679328
 -156.81779451 -157.58272894 -157.86102487 -156.34643031 -157.1252487
 -155.15885182 -158.22081603 -155.79098211 -155.96214832 -156.486672
 -156.82620614 -155.67977    -156.71377263 -157.30589041 -155.79892124
 -156.46943312 -155.11568585 -155.71043339 -155.10653211 -155.96201056
 -156.58428043 -154.35925808 -159.12104895 -157.1969815  -157.03497585
 -154.81938318 -157.61972921 -158.05213703 -157.53224581 -156.08609993
 -157.17107155 -154.81938318 -158.17559898 -155.01514418 -154.81938318
 -154.9779823  -157.15697079 -157.79755494 -156.43603258 -155.07542835
 -157.85296495 -154.61018909 -155.51040508 -156.7302258  -157.15210688]",0.36700000000000005
109,0.4079135982911163,"[-1.14899892e-06  1.17966929e-06  4.51336615e-07 -1.04861541e-06
 -2.35695419e-06  0.00000000e+00 -1.76630738e-06  9.55547524e-07
  1.61846021e-06 -1.13864655e-06  0.00000000e+00  0.00000000e+00
 -9.57487404e-08  1.24239417e-06  2.05451541e-06 -1.64519761e-06
  3.12400940e-07  1.95349887e-06  0.00000000e+00  1.14223567e-06
  6.19037293e-07  1.91530935e-06 -4.74513642e-08  1.78411515e-06
 -4.14318443e-07  0.00000000e+00 -1.22244292e-06 -2.81858893e-06
  5.00017354e-08 -3.97314653e-06  2.34142386e-06 -1.50256641e-06
  1.38952170e-07 -1.51344532e-07  0.00000000e+00  0.00000000e+00
  1.47328656e-06  3.51897304e-06 -8.55186770e-07  9.91487986e-07
  9.01660052e-07  4.46155104e-06  3.69552247e-06 -7.75511381e-07
 -7.80640911e-08  0.00000000e+00  6.03232363e-07  0.00000000e+00
  0.00000000e+00 -3.78518258e-08  2.54750062e-06  0.00000000e+00
  7.03243483e-07  1.06921102e-06  1.93758981e-06 -4.49411081e-07
  8.77070676e-07  4.91909439e-06  0.00000000e+00  1.30214019e-06
 -3.65217580e-06  0.00000000e+00  0.00000000e+00  0.00000000e+00
  4.03821747e-07 -2.45127816e-06 -7.57112619e-07 -3.30024534e-07
  0.00000000e+00 -4.88361866e-07  0.00000000e+00  0.00000000e+00
 -5.39774931e-07 -2.77964214e-07 -1.28150353e-06  1.71843653e-06
  0.00000000e+00 -9.39237066e-07 -2.69431491e-06 -1.93747776e-06
  0.00000000e+00  0.00000000e+00  7.06811475e-07  1.14273065e-06
  0.00000000e+00  2.23253967e-06 -2.58819910e-06 -6.90995838e-07
  1.86765189e-06 -3.55455346e-07 -2.15789075e-06  3.83953320e-06
  1.77031358e-06  0.00000000e+00  0.00000000e+00  5.24027542e-07
 -1.51464476e-06  3.58354825e-06 -1.45924954e-06 -2.91522915e-07]","[-155.03837814 -156.51460083 -156.61135822 -155.1680986  -155.70131855
 -154.81938318 -157.64589389 -155.47421459 -156.53294465 -156.26742613
 -154.81938318 -154.81938318 -155.10283048 -157.98829998 -155.5726882
 -154.81938318 -155.86627002 -155.39522158 -155.05008509 -157.27410108
 -155.39137734 -156.80188228 -153.92480577 -158.59034151 -157.84721551
 -154.85928369 -156.57181738 -156.60496351 -155.09628317 -155.82238668
 -156.78030188 -155.89337539 -155.90934662 -156.46096318 -154.81938318
 -154.81938318 -158.1950891  -155.57213799 -158.49878177 -156.72121185
 -155.26114073 -157.0260224  -154.88477689 -155.13377952 -157.45534774
 -155.05008509 -156.95514602 -155.05008509 -154.81938318 -154.1395187
 -153.76685372 -154.61018909 -155.04453944 -155.97858795 -157.1705277
 -155.75767396 -154.8464489  -155.72830306 -154.81938318 -155.76040679
 -155.7393679  -155.05008509 -155.10092612 -154.61018909 -157.89938588
 -158.29332467 -156.18480716 -155.00147063 -154.85928369 -156.59632469
 -154.81938318 -155.30209043 -155.63163606 -157.21716084 -156.6570391
 -156.85082661 -154.9779823  -155.05222629 -157.34175292 -156.25295445
 -154.85928369 -154.81938318 -157.69876101 -155.89712153 -154.61018909
 -154.64358645 -156.26329466 -159.01676337 -157.2390532  -156.75980875
 -155.45377215 -156.33164055 -156.84687423 -154.81938318 -154.47232264
 -156.84060451 -157.71479016 -155.48332723 -156.98702442 -157.55861533]",0.27099999999999996
110,0.3997229024278547,"[ 4.77600089e-06 -6.68649664e-07 -1.66339775e-07 -5.34093130e-07
 -8.25365166e-07  1.81704650e-06  1.20286463e-06  0.00000000e+00
  3.13113029e-06 -5.60386426e-07 -3.04329989e-06 -2.10585894e-06
  4.97568510e-06  3.62620736e-06 -7.40378620e-07 -3.32093933e-06
 -1.79796572e-07  6.33585688e-07  0.00000000e+00 -1.91988734e-06
  3.25774959e-06  3.93539753e-07  3.02678514e-07  2.47218462e-06
  0.00000000e+00  4.72781625e-07  4.42241129e-07  1.30346385e-06
  2.98007553e-06 -8.40910798e-07 -2.11144590e-06  2.95948656e-06
  2.16172385e-06  0.00000000e+00  2.65238023e-07  3.97627848e-07
  0.00000000e+00  2.82923991e-06  3.74159690e-07 -1.48056689e-06
  0.00000000e+00  4.55676054e-07  1.24224937e-06  3.24022613e-06
  0.00000000e+00  1.33387434e-06  7.76494148e-07 -3.80941076e-07
  0.00000000e+00 -2.12112295e-07  1.53273939e-06 -4.73836888e-06
 -1.66810703e-06 -7.65883950e-07 -2.10251634e-06  0.00000000e+00
 -2.71039593e-07 -8.98286143e-07 -6.83982899e-07  2.60237517e-07
  1.88153371e-06  0.00000000e+00  3.70678758e-06  0.00000000e+00
  6.13187907e-07 -4.32885119e-06  6.51508798e-07  1.28372590e-06
  1.31596273e-06  2.00316594e-06 -1.73129387e-06 -3.28680875e-06
 -3.08733038e-07  0.00000000e+00  2.48022938e-06 -2.17094363e-06
 -2.71272885e-06 -5.36006940e-07 -2.85683274e-06 -1.93273981e-06
  0.00000000e+00  5.89105320e-07 -8.09944578e-07  6.63164482e-07
  0.00000000e+00 -9.60828638e-07 -2.88470709e-06 -4.19365263e-07
  8.98124458e-07  3.61963722e-07  0.00000000e+00  4.60676474e-07
 -4.09274252e-07  1.01842893e-06 -6.47488412e-08 -1.38050209e-06
 -5.28824084e-07 -1.54187952e-06 -2.30339972e-07 -3.02414248e-06]","[-153.95581272 -157.19344495 -157.83932947 -156.01865778 -155.42960852
 -156.61195301 -155.97591524 -154.1395187  -156.42529545 -155.64256892
 -156.67949213 -154.05087766 -155.89696778 -156.88605174 -158.13731771
 -157.976089   -157.35369406 -155.76872131 -154.85928369 -155.43464647
 -156.4038077  -156.75827839 -156.96912449 -157.67621795 -154.81938318
 -157.09931232 -157.79977814 -154.89678347 -156.69465685 -155.3948182
 -155.44044456 -153.84690734 -157.7719886  -154.64358645 -155.16177075
 -156.50923746 -154.81938318 -156.95498842 -156.92381839 -155.86765238
 -154.81938318 -155.22938804 -157.59599314 -157.38062706 -154.81938318
 -155.5726882  -154.93072759 -155.32285534 -154.81938318 -155.19051627
 -156.82306464 -158.71453963 -156.45103247 -157.72925063 -154.66616596
 -154.81938318 -156.10186311 -156.9130449  -159.14343998 -155.09913972
 -157.68097681 -154.81938318 -159.30395302 -154.81938318 -157.1291673
 -157.95936576 -156.60609847 -157.38999569 -155.99831066 -156.22906247
 -157.78631437 -157.82728333 -156.49548    -154.85928369 -156.58029214
 -157.80754885 -157.22603206 -158.85544103 -156.95638516 -155.95228213
 -154.85928369 -155.01145235 -156.50008204 -157.00250733 -154.81938318
 -156.62486407 -155.91942304 -154.51833496 -157.02598968 -158.72714805
 -154.81938318 -158.03223178 -155.64872616 -157.51961662 -156.3229437
 -158.59808679 -155.09736032 -156.29241502 -154.12244086 -158.50217186]",0.35600000000000004
111,0.3938222897884803,"[ 3.39979558e-07  1.21344783e-06  1.70400883e-06  3.34112248e-06
  8.89876536e-07  0.00000000e+00  1.88038933e-06  0.00000000e+00
  3.78235006e-07 -9.47842112e-07  2.53202424e-06  3.73755192e-06
 -2.37508245e-06  4.31259355e-07  5.11484909e-06  0.00000000e+00
  3.73768122e-07  0.00000000e+00  1.68579935e-06  6.43439051e-07
 -6.06806613e-08  1.34884438e-06 -2.08862937e-06  2.90772842e-06
  4.40737048e-07  2.09082400e-06  1.09092425e-06 -1.07610111e-06
  1.56597934e-06  4.98473025e-06 -1.08595683e-06  3.14975654e-06
  1.27508908e-06 -1.55194896e-06  3.10048947e-06  1.79718064e-06
  4.51499640e-07 -1.70568885e-06 -2.35627017e-06 -3.57101167e-06
  5.76809120e-07  0.00000000e+00 -8.77864993e-07  4.65305076e-07
 -3.64482340e-06 -2.23661159e-06 -1.53575162e-07 -4.43729254e-06
  3.27042348e-06  1.38905789e-06  2.61187082e-08 -1.18853963e-06
 -4.17856302e-07 -5.74458460e-07 -3.01270117e-06 -1.33971338e-06
 -4.67676650e-06  3.40122026e-07 -1.08499636e-06  0.00000000e+00
  5.08793662e-07  2.78174431e-06 -2.37674452e-06  2.30691329e-07
  4.32073074e-07 -1.11449700e-06  1.04358493e-07  6.04252485e-06
 -9.56036650e-07  3.05880224e-06  3.05876461e-07  2.59194047e-06
 -1.01292701e-06  4.85547851e-07  4.29043252e-06  0.00000000e+00
  2.79997687e-06 -1.49115575e-06 -8.99689659e-07  7.23937821e-07
  1.33355911e-06  1.29235370e-06 -2.36877588e-07  2.71254682e-06
  4.30822012e-06  1.34211240e-06  9.92541125e-07  5.26285147e-07
  2.39039901e-07 -1.04964748e-06  0.00000000e+00  4.37360798e-07
  1.56101082e-06 -9.53605411e-07  1.70602157e-06 -1.40001611e-06
  1.56315326e-06  2.99580531e-07 -7.92792816e-07 -2.81808265e-07]","[-155.23489464 -158.48362671 -158.03811832 -157.59042702 -157.18329453
 -154.85928369 -156.72509147 -154.05087766 -154.73204878 -155.94844403
 -157.32786027 -156.40519855 -157.5560488  -156.14532936 -157.29354199
 -153.95581272 -157.22675475 -154.81938318 -155.70649106 -157.82463663
 -158.23449953 -155.95638634 -156.26613818 -157.45800511 -155.62168747
 -156.85345787 -154.96472582 -156.1421047  -157.06175291 -156.65573596
 -155.32236427 -157.65288683 -156.195407   -153.89860265 -156.49800134
 -156.1382263  -156.8424374  -155.09984968 -155.96245221 -156.54991762
 -158.32162828 -154.12244086 -155.89521473 -157.10817543 -156.88251098
 -157.44428824 -157.01279984 -157.42317056 -155.83382651 -158.52183846
 -155.64979217 -157.6188989  -156.71688351 -155.7237556  -157.32991831
 -156.14030483 -157.54586427 -154.40912104 -159.71841601 -154.05087766
 -153.84840738 -158.13370452 -157.52203437 -156.18677242 -155.59536214
 -155.12825356 -156.50604073 -158.77904575 -154.27712884 -154.53716541
 -156.27779819 -155.30788554 -156.89642068 -157.94453604 -156.59204544
 -155.42960852 -156.45958203 -156.77829794 -155.15497539 -155.61060757
 -156.9452377  -157.1027331  -155.61725198 -157.17572499 -157.21280661
 -155.70714216 -155.51045416 -157.07921198 -156.78423942 -156.183634
 -154.85928369 -155.89039983 -159.13171769 -156.33784208 -155.82652867
 -156.10062902 -155.57326436 -155.17784329 -154.89145297 -157.17088466]",0.4020000000000001
112,0.3873243217934802,"[ 1.95877610e-07 -1.48358502e-06  8.24730497e-07 -2.18333913e-06
  1.15565260e-08  1.47085709e-06  4.90113492e-07  4.14224606e-06
  0.00000000e+00 -1.27660817e-06  5.64726330e-07  1.26590390e-06
  1.63909738e-06  3.83819067e-06  0.00000000e+00  7.45187944e-07
  2.99176926e-06  0.00000000e+00 -2.43866402e-08  1.87826141e-06
  0.00000000e+00 -1.03344884e-06 -3.25892575e-06  0.00000000e+00
  3.88087413e-06  1.24602540e-06 -1.22715163e-06 -6.63807602e-07
  2.70029950e-07  4.41270407e-06 -6.53794314e-07 -2.87224577e-07
 -9.84734521e-08  2.15725403e-07 -2.60101524e-06  3.68771022e-07
 -3.74743353e-07 -2.88286688e-06 -9.65173971e-07 -7.62134018e-07
 -2.95853907e-07 -8.86856740e-07 -1.39856764e-06  1.05799045e-06
  1.11621317e-06  2.06118181e-06 -3.79300857e-07  1.82435050e-06
 -2.88054292e-06  0.00000000e+00  1.44136254e-06  0.00000000e+00
 -1.80081659e-07  5.23791741e-07 -1.51740492e-06 -1.22696333e-06
  2.30300456e-07  3.89745790e-07  1.09676631e-06  1.11430472e-06
 -1.84775318e-06 -1.96214131e-06 -2.97469697e-06  2.39539294e-07
  4.08821210e-07  1.66008770e-06 -7.99069077e-07 -1.24947653e-06
  2.09763026e-06  2.09082036e-06  2.03114401e-06  4.63422274e-06
  0.00000000e+00 -2.33019908e-06  2.04755065e-06  1.19773100e-06
  1.12789854e-06 -2.15200242e-06 -2.11852253e-06 -1.18240793e-06
 -1.43622903e-06  1.04800881e-06  2.86124212e-07 -4.25755811e-07
  7.63492043e-07  1.88935696e-07  1.65351419e-06 -3.74437496e-07
 -1.06264490e-06  4.11337533e-07 -2.15480558e-06  0.00000000e+00
  8.47531372e-07 -4.23940913e-07 -1.52921435e-07  0.00000000e+00
 -1.27058662e-07 -3.25122559e-07 -3.24598801e-06 -7.20180799e-07]","[-156.082053   -156.92162479 -155.18708211 -155.26834704 -155.31937608
 -156.90973392 -156.23542057 -159.36546958 -155.12825356 -156.55718055
 -158.32798733 -157.26873793 -157.87822103 -156.31114281 -153.84840738
 -155.85325586 -157.05383502 -153.84840738 -156.03443045 -156.67384326
 -153.84840738 -156.55970049 -156.78466052 -153.84840738 -155.36764324
 -156.26410445 -158.01784599 -154.35182243 -155.27759416 -155.60797227
 -155.35681664 -154.64708587 -157.15525996 -155.87356514 -157.38966932
 -157.29854794 -155.99080754 -157.71652979 -156.69040825 -155.46515239
 -156.56030113 -157.15426798 -157.9275922  -155.09186752 -155.74673598
 -155.52541458 -156.15012995 -157.44665905 -156.42670619 -154.05087766
 -156.14579906 -155.09984968 -158.79792427 -155.24971049 -157.56778476
 -157.82613803 -155.72116564 -155.74284346 -156.49589419 -156.88693094
 -156.79480924 -154.62280293 -156.77444744 -156.08339889 -154.65687571
 -156.93913207 -158.52493588 -156.76275166 -156.2245451  -155.43687935
 -155.62334235 -156.56476381 -154.05087766 -156.56204047 -157.36628794
 -157.92014486 -156.72326107 -156.38375881 -155.53754839 -156.13898788
 -158.27565496 -157.64983448 -158.39609325 -154.13511748 -156.77238218
 -155.69030599 -156.86503054 -155.8907569  -156.28898514 -155.26467714
 -155.89015537 -153.84840738 -158.49863844 -156.50132941 -158.93163803
 -156.195407   -157.8154575  -157.99813041 -156.29261499 -156.49599377]",0.34800000000000003
113,0.37996766053597864,"[-4.08656736e-06  1.84446171e-06 -6.52775563e-07  4.12629563e-07
 -1.74428667e-07  4.91892410e-07 -1.12250646e-06  1.24837037e-06
 -4.76390661e-08 -2.64112781e-06 -2.91619656e-06 -1.26698399e-06
 -3.91855243e-06 -3.18260837e-06  2.18653197e-07 -4.08731870e-06
 -2.31169737e-07  1.25386642e-06  5.90004828e-07 -1.63085698e-07
 -2.91547657e-06  0.00000000e+00 -1.12934067e-06  7.30366014e-08
  2.06512647e-06  2.17059906e-06  9.80411418e-07 -2.95878896e-06
 -2.72942027e-07 -3.33081051e-07 -1.08753816e-06  3.20711301e-07
 -5.01957704e-06  0.00000000e+00 -2.69810614e-06  3.26096846e-06
 -2.83207424e-06  7.46716520e-07 -5.31844317e-07  2.22991903e-06
  0.00000000e+00 -2.69281318e-06  9.47092386e-08  0.00000000e+00
  4.00730919e-06 -2.36239640e-06 -6.00853280e-07 -9.56089123e-07
 -3.91549720e-07  0.00000000e+00  6.24422500e-07 -1.49387029e-06
 -8.19641664e-07 -6.20592514e-07  6.30119523e-07 -2.41334807e-06
  9.00523930e-07  1.91370764e-06 -2.80845279e-06 -1.18749907e-06
  5.29750631e-07  1.82121149e-06 -1.82533144e-07 -3.28127316e-07
 -4.05010797e-07  2.27111666e-06  1.34181059e-06 -1.59250740e-07
 -9.73012137e-07  0.00000000e+00  5.55755727e-07 -3.85133988e-06
 -1.66121749e-06  1.84372274e-06 -1.09722116e-07  3.39010574e-06
  0.00000000e+00  5.03215178e-07 -3.46133347e-07  1.19725298e-06
  3.56333063e-06 -1.21975932e-06 -3.01166042e-06 -2.68174126e-06
  1.13942887e-06 -9.49734009e-07 -9.59300614e-07  0.00000000e+00
  4.77674657e-06 -2.05061302e-06 -1.32123224e-06  0.00000000e+00
 -1.49740344e-06 -1.34940694e-06 -9.40190629e-07  3.45757301e-06
  2.43772018e-07 -1.65026359e-07 -7.59719049e-07 -5.48900180e-07]","[-157.6891887  -157.34341408 -154.92192352 -154.89178446 -157.65578091
 -155.84630758 -156.2215381  -157.28597927 -156.71510694 -157.31410657
 -157.86185914 -156.29261499 -158.13717183 -156.45894626 -158.36109387
 -157.53078783 -155.98179314 -154.371567   -157.08150824 -156.46661328
 -155.97428014 -153.84840738 -154.96439317 -158.13839757 -156.28986464
 -159.18864596 -155.49664655 -158.05175785 -154.98709009 -156.4002356
 -157.61681494 -157.34541755 -155.72132857 -153.84840738 -155.47808115
 -156.47971835 -156.61204529 -158.80372388 -156.1726405  -156.52606053
 -153.84840738 -156.66376525 -155.73530365 -154.65687571 -157.3903168
 -158.81690501 -156.13177633 -156.24972955 -155.56899185 -153.84840738
 -155.36312756 -154.85857644 -155.52691608 -157.78527456 -157.41903154
 -156.41836762 -157.05064951 -157.26525194 -156.67597346 -156.31705525
 -156.39186774 -156.16540969 -155.36764324 -155.67764745 -155.72859197
 -155.50590797 -155.23650896 -156.26410445 -155.11862264 -153.84840738
 -157.78075324 -156.5648111  -157.36431431 -157.60961253 -155.52325209
 -157.54881419 -154.62280293 -156.30238812 -155.46975907 -157.13523285
 -155.97522744 -155.84103253 -154.38277918 -155.03651627 -158.52831117
 -156.21538257 -156.07426036 -154.62280293 -157.46884792 -157.35773775
 -156.01487713 -155.09186752 -155.68521291 -154.16261723 -157.98416864
 -156.00569984 -156.53430493 -153.84840738 -156.96717981 -157.11025187]",0.379
114,0.3742349005372866,"[-3.72934459e-06 -1.67440440e-06  1.97930529e-06  1.75228520e-06
  6.68135334e-07 -9.57575605e-07  1.30212598e-07  0.00000000e+00
  1.04821241e-06 -4.39733106e-06  0.00000000e+00 -2.86778481e-06
  1.29684539e-06  7.28941886e-07 -1.00083655e-06  3.62148236e-06
  4.07879807e-07 -1.04451871e-06  0.00000000e+00 -3.83260243e-07
  6.36293941e-07  1.67197248e-06  1.29338522e-06 -3.01403409e-07
  1.73235209e-07  6.57890480e-07  1.41781979e-06  2.49003259e-07
  1.15026060e-06  4.92287325e-07  0.00000000e+00  2.68639724e-06
  4.82546935e-06 -1.81215095e-06  7.16018151e-07 -1.61231432e-06
 -3.75411343e-06  2.71611394e-06 -2.91098085e-06  3.45025383e-07
  5.87911246e-07 -4.23848085e-06 -1.48045639e-06  2.84989902e-06
 -3.50140018e-06 -5.41078060e-08 -3.37050848e-07 -5.98008718e-06
 -9.11684670e-08  5.01464948e-07  1.99630095e-06 -7.90280121e-07
  5.48424990e-07 -3.50965262e-06 -8.73489628e-07 -6.44437529e-07
  1.51935485e-06 -1.98814756e-06 -3.47142153e-06  6.86393488e-08
  1.73015724e-06  1.54257340e-06 -2.16773265e-06 -2.32737619e-06
  5.38549147e-06 -1.58307600e-06  2.37099831e-07 -1.13916885e-06
  1.22909755e-06  3.06508137e-08  4.16350247e-06 -2.35044516e-06
  2.71464685e-06  6.34307020e-07  0.00000000e+00  1.06917788e-07
  2.54274676e-06  0.00000000e+00 -2.72338491e-06 -1.12457925e-06
  0.00000000e+00  1.93456768e-07 -2.04232230e-06 -1.44959942e-06
  2.42356885e-06  2.73199524e-07 -4.53984472e-06  1.50092676e-06
  1.49849377e-06 -8.43964241e-08  8.58471977e-07  2.34762677e-06
  2.71404379e-06  3.01289757e-06 -1.85961993e-06  3.21362838e-07
  3.38842308e-06 -3.39005325e-07  0.00000000e+00  1.10170208e-06]","[-157.31119023 -155.61935808 -155.77709342 -154.33053133 -156.23440888
 -155.69375584 -158.08908582 -155.03651627 -156.15046194 -154.88578691
 -155.52691608 -154.40218559 -156.54503129 -155.99397556 -156.79985359
 -155.34143562 -154.7732073  -158.9511335  -154.85857644 -156.46623197
 -157.14622065 -156.19801235 -156.96072182 -156.97323465 -156.51194275
 -155.2639172  -155.70275913 -156.20564604 -157.49542309 -154.26071036
 -153.84840738 -158.44900385 -158.73786798 -156.4021081  -157.49982713
 -156.93877053 -155.82545665 -155.18420886 -156.60177816 -156.49623454
 -156.14328238 -157.92866866 -157.54936862 -156.89612679 -155.62815738
 -158.81689306 -156.74043525 -156.16947531 -155.36051625 -156.30075396
 -156.56252034 -156.15580402 -157.16027884 -157.24142032 -156.19478125
 -155.96497208 -155.74283377 -156.16100608 -155.89241751 -156.95932822
 -159.27631382 -157.01182105 -157.22072906 -158.75307774 -157.36284284
 -157.25170158 -157.13069764 -155.85429358 -157.55445527 -156.75941435
 -155.24240406 -154.93160738 -157.19112294 -154.17191964 -155.52691608
 -155.47886695 -156.91847846 -154.65687571 -156.54631668 -155.1192831
 -154.62280293 -154.3291173  -156.74151554 -156.00573905 -156.3657586
 -155.55752085 -154.46672914 -156.72299978 -157.00049753 -154.83345343
 -158.05634699 -157.8613418  -155.25221409 -156.8984531  -158.44582711
 -156.80377364 -156.29590032 -157.65625763 -155.52691608 -156.09292958]",0.414
115,0.36844091122133626,"[ 1.30500562e-06  1.25837475e-06  2.29184222e-06  0.00000000e+00
  1.23932374e-06  9.46724003e-07  3.83107435e-07  0.00000000e+00
 -2.26871260e-07 -7.45374899e-07  1.45121763e-06 -3.69969562e-06
  0.00000000e+00  4.74743846e-06  3.90222299e-06  2.78866286e-06
  1.15992789e-06  1.72251171e-06 -3.22121540e-06 -1.52175304e-06
  0.00000000e+00 -3.32679527e-08  4.38172210e-08  2.57195752e-06
 -1.15415702e-06  1.63207109e-06 -4.44673448e-07  0.00000000e+00
 -5.72950287e-07  1.01729906e-06  1.61196707e-06  6.53114120e-07
  7.77993628e-07 -7.26938106e-06  4.44338496e-07  0.00000000e+00
  1.41708180e-06  1.45134285e-06  0.00000000e+00 -2.97766670e-06
  6.23030656e-07  2.19588012e-06 -1.30478350e-07  1.24250529e-06
 -5.47751990e-07  1.24892299e-07 -2.21550023e-06 -1.52359522e-06
  1.38753918e-06 -1.21713895e-06 -5.53086475e-07  9.69026922e-07
  2.70275989e-06  6.16596868e-07 -9.57366871e-07 -1.01740741e-06
  6.58923816e-07  0.00000000e+00 -3.52953138e-06 -4.31690366e-06
  2.10061814e-06  1.58692020e-06 -3.17653343e-06  1.08684503e-06
  4.40402474e-07  3.93338145e-06 -1.91076891e-06  0.00000000e+00
  8.91332067e-07 -1.03069834e-06 -8.31866100e-07 -3.99016937e-07
  3.37908844e-07  6.58589658e-07  0.00000000e+00 -3.97612386e-06
  3.22751475e-06  2.59906375e-06 -2.13073166e-06 -4.12959841e-06
  0.00000000e+00 -2.75717485e-06 -2.02430514e-06  3.51019851e-06
  1.70627045e-06  4.53005062e-06 -1.81497619e-06  2.29312610e-06
  3.12601002e-06 -2.95938607e-06 -3.43645543e-06  6.11593754e-07
 -1.84689650e-06  1.39675125e-06 -3.85303205e-07 -1.17138624e-06
  6.20155405e-07 -1.57300203e-06 -2.57121275e-06 -1.88160261e-08]","[-156.16809952 -156.89741305 -156.72030665 -155.52691608 -155.7344791
 -157.27599138 -156.24813476 -154.93160738 -157.09023451 -155.51219052
 -156.43935706 -155.68820038 -154.3291173  -155.81770726 -156.12976093
 -157.16571157 -156.48976362 -154.75272977 -156.06448337 -158.58018006
 -154.3291173  -155.05249863 -154.92809025 -156.28637775 -155.69780668
 -155.6003848  -156.54767574 -155.24240406 -156.38212236 -155.7680191
 -156.68977366 -155.3619707  -156.27463463 -155.38129078 -156.70473322
 -155.24240406 -155.2992956  -156.56211988 -156.75941435 -157.38784727
 -156.51654366 -155.89241751 -154.64586782 -154.72412694 -154.8478385
 -155.43841089 -154.80920749 -158.53216485 -155.30287157 -155.2325616
 -155.8832163  -156.13824464 -156.44773313 -156.14294809 -156.23445903
 -156.06535035 -155.46838503 -155.52691608 -154.81631739 -155.65020235
 -157.0932237  -154.13881543 -155.94290696 -158.86925538 -157.42479043
 -155.47467713 -158.17089897 -153.84840738 -156.98756152 -156.89057543
 -156.03988274 -155.18962718 -155.24240406 -156.20937225 -154.3291173
 -157.12291383 -157.697721   -156.84211035 -154.71921947 -157.48936946
 -155.36051625 -155.48494252 -155.50602117 -155.15949588 -159.47381113
 -156.30215292 -156.38364659 -157.52814213 -158.7913956  -156.17528888
 -156.1964662  -155.66371332 -157.38332475 -156.68692055 -156.51814783
 -159.32522307 -155.98913082 -155.98169687 -156.49190179 -156.2405666 ]",0.35700000000000004
116,0.36286625151121743,"[ 2.24913751e-06 -1.66744326e-06 -7.19002493e-07 -4.50619248e-07
 -2.26431721e-08 -2.17444733e-06  5.03256932e-07  7.12719955e-07
  8.81266933e-07  0.00000000e+00  1.10867270e-06 -3.59832940e-06
 -2.49860770e-06  0.00000000e+00 -3.58921285e-06  4.70860130e-07
 -2.04892467e-06  1.51350370e-06 -2.45916162e-06 -5.26801126e-07
  8.41263459e-07  6.11350707e-07  1.56358542e-07  2.85546124e-06
  2.56757857e-06  4.68864363e-07  1.83862848e-06 -3.45338659e-06
  3.29779995e-06 -1.22577104e-06  7.61939720e-07 -2.19694758e-06
  6.35533909e-08  2.19655399e-06  3.42025677e-07  3.91044230e-06
 -7.03743191e-07  1.10956579e-06  1.41273709e-06  5.15060981e-07
 -7.16090049e-07 -7.90005589e-07  5.65475929e-07 -5.51359183e-08
  0.00000000e+00 -9.92862116e-07 -1.74555941e-06 -1.20131102e-06
  1.49543741e-06 -1.34487765e-06 -6.93293812e-07  1.61263850e-06
  9.07810395e-07  6.68091748e-07 -2.95933395e-06 -1.53287063e-06
  2.62435523e-07  3.84715788e-06 -1.31493693e-06 -2.41058009e-06
  2.34862912e-06 -2.78440218e-06 -6.66015095e-07 -1.46621335e-06
 -4.53925511e-07  0.00000000e+00 -2.71123761e-06 -1.90191229e-07
  0.00000000e+00  0.00000000e+00 -2.02809291e-07  1.64035804e-08
  1.26835695e-07  2.93796336e-06  0.00000000e+00  0.00000000e+00
  1.43573480e-06  1.57263555e-06  1.36644141e-06 -6.11585096e-07
  0.00000000e+00  4.41635089e-06 -1.50228094e-07 -2.94386065e-08
 -1.43360408e-07  4.10563445e-06  2.08869346e-06 -2.15677110e-06
 -3.82234447e-06 -3.94023586e-06  1.31995189e-06  0.00000000e+00
  2.25503988e-06  3.49108600e-07  4.75576713e-07  3.02595482e-06
  8.66097525e-07 -1.93545789e-07  0.00000000e+00 -2.02643076e-06]","[-156.46657269 -158.10685063 -154.25260975 -156.71604073 -156.35646656
 -156.59910348 -155.27035519 -154.2915956  -154.77875198 -154.72412694
 -155.837113   -160.59810575 -156.86225253 -155.7680191  -156.25740441
 -156.08407793 -158.71833331 -155.9614761  -158.17456172 -154.34099243
 -159.4345135  -158.09416764 -155.202634   -156.04149851 -154.96467646
 -155.32938733 -155.78745169 -157.49420605 -157.7422964  -157.47705205
 -158.20737166 -155.39269921 -154.85956434 -155.91949516 -156.0941433
 -155.71208904 -157.10005311 -157.22478777 -158.03230587 -156.05102394
 -155.44838388 -155.72966991 -157.64294007 -155.47797536 -156.23445903
 -155.25784949 -157.42373867 -155.85722938 -157.62180707 -156.83912526
 -157.0318083  -157.33124794 -155.03344647 -156.27478531 -155.86194807
 -157.9574378  -155.93383527 -156.11308798 -157.2491087  -156.33414342
 -156.52150223 -156.73296136 -156.67054408 -155.98177364 -155.62791795
 -155.3619707  -156.51418805 -155.66837519 -155.05249863 -154.8478385
 -155.92060062 -156.94137902 -155.35959175 -153.60859095 -154.3291173
 -154.80920749 -156.28765272 -155.93151884 -155.73155914 -154.53949715
 -154.3291173  -157.06662545 -156.04150651 -156.28200563 -155.26386914
 -155.19241887 -155.59892705 -154.68651401 -156.43220974 -156.67655733
 -157.49592673 -155.3619707  -155.54131299 -156.06517099 -158.67535427
 -157.52811022 -157.21711707 -155.60317778 -154.92809025 -155.70422672]",0.3
117,0.3574940545134556,"[ 1.38450666e-07  2.44332044e-06  2.79313381e-06 -6.53001301e-07
 -1.82746158e-06  2.63761954e-08  3.80385365e-06  1.38583235e-06
  0.00000000e+00  0.00000000e+00 -1.95846465e-06  0.00000000e+00
 -2.26459438e-06  1.26751281e-06  0.00000000e+00 -8.23550627e-07
  4.75436121e-07 -1.24958618e-06  0.00000000e+00 -5.88848332e-06
 -3.11459567e-06 -8.76817767e-07  3.68558667e-07  0.00000000e+00
 -4.82253836e-08 -1.08797665e-06  3.19919949e-08  3.27904503e-06
  0.00000000e+00  1.21813892e-07 -1.01355281e-06  1.29492889e-06
  0.00000000e+00 -3.28290030e-06 -4.33834274e-07 -1.49766216e-06
  1.50303214e-06  2.64729910e-06  6.43985117e-07  7.64791730e-07
 -2.04609650e-06  2.22759879e-06  1.76369450e-06  0.00000000e+00
  3.06541129e-06 -4.21270449e-06  1.31572046e-06 -1.29139453e-06
  1.28874469e-06  0.00000000e+00  4.48327973e-07 -9.33170567e-08
  1.42452640e-08  3.42010858e-06  5.30684391e-07  1.18154072e-06
  3.57046421e-07  3.63093050e-07 -5.31239382e-07 -4.08467796e-06
  2.91491259e-06  2.52751543e-08  0.00000000e+00 -1.21888037e-06
  6.39503990e-07 -3.69586381e-07  2.11590216e-06 -2.48957457e-06
 -8.58829505e-07  6.89260523e-07  0.00000000e+00 -1.66894693e-06
 -2.56803187e-06  0.00000000e+00  0.00000000e+00 -6.05705336e-07
  4.40903399e-06  3.55903740e-08 -2.04409672e-06  1.65731801e-06
  0.00000000e+00 -4.71052402e-06  1.86171876e-06  2.61397648e-06
  3.34705837e-07  2.85799585e-08 -2.11604756e-06 -2.71402035e-06
 -5.59810472e-07  2.61242358e-06 -1.27369778e-06 -1.58187897e-06
  0.00000000e+00 -5.51839773e-07 -1.33362639e-06  3.09370287e-06
  7.15864995e-07 -3.02100257e-07  8.84916408e-07 -9.02132948e-07]","[-157.63164441 -156.95061421 -157.49289339 -155.70422672 -153.88329693
 -155.89742227 -156.01166432 -155.32938733 -155.3619707  -155.39269921
 -159.47976271 -155.3619707  -155.78688743 -156.30094319 -155.39269921
 -155.17881677 -156.46449455 -154.11123584 -154.53949715 -156.00307271
 -154.62979614 -156.19633978 -156.97719483 -154.68651401 -158.27770845
 -155.32547076 -158.9493571  -158.06589362 -155.72966991 -158.06594544
 -154.99908742 -154.94909115 -155.03344647 -156.69508496 -155.72966991
 -155.38023595 -156.23714652 -157.23733262 -155.99462922 -155.53012443
 -156.89710732 -157.9852896  -157.78269448 -155.86194807 -157.08906797
 -156.26153506 -157.0282334  -155.35090523 -156.14638355 -154.72412694
 -156.91676579 -156.42986395 -156.60960933 -157.2655214  -157.58589497
 -155.03265054 -157.63292353 -156.47142442 -157.0477935  -156.22861154
 -157.59047086 -156.9183895  -154.3291173  -156.28503876 -155.81130492
 -157.97875643 -155.44742986 -155.18412371 -155.72277358 -158.26877604
 -155.03344647 -156.00222988 -157.37260366 -154.53949715 -153.60859095
 -154.11785803 -157.26081703 -157.09228565 -155.78903024 -155.79607801
 -155.9614761  -158.4054079  -155.82165613 -158.30635442 -155.71610015
 -157.67442725 -155.44961748 -155.0905442  -154.68651401 -158.04193786
 -155.76162991 -155.70438048 -154.68651401 -157.99065056 -154.52714848
 -156.45469819 -157.20144933 -156.07127599 -157.16459804 -155.96004316]",0.327
118,0.3533303932233755,"[ 4.15139012e-06  7.92412069e-07 -7.48465831e-07 -2.33944366e-08
  1.83434187e-06  2.34003309e-06 -7.39246588e-07  0.00000000e+00
  8.37514363e-07  5.49452423e-06 -3.35815033e-07 -5.93322345e-07
 -2.11676291e-06  0.00000000e+00 -1.93731636e-07 -1.75687807e-07
  8.74810203e-08  2.13244051e-06 -6.41074834e-07 -4.01208054e-06
 -1.72801975e-06 -3.03898040e-06 -3.39251771e-07  0.00000000e+00
  2.17648099e-06 -9.83296269e-07  1.03751268e-06  1.82778050e-06
  0.00000000e+00  1.52676118e-06 -4.25993756e-07  0.00000000e+00
 -5.26870040e-08 -1.65809577e-06  2.10693382e-06  5.98990777e-07
  2.17824636e-06  5.53308974e-07  1.91265418e-06  1.92702269e-06
  0.00000000e+00  2.95468782e-06 -3.13965849e-06  0.00000000e+00
  0.00000000e+00 -3.33899108e-06  0.00000000e+00  0.00000000e+00
  1.52571973e-06 -9.11349081e-07  1.77872217e-06  4.45090990e-08
 -2.50383690e-06  0.00000000e+00  3.60030028e-07  1.55366005e-06
 -1.07779847e-06 -4.52289773e-06  1.45507873e-06  1.93845139e-06
 -8.11549684e-07  0.00000000e+00 -4.17999747e-06 -1.23586898e-06
  1.15584407e-06 -1.44980768e-06 -1.44462497e-06 -8.56633966e-07
 -7.01532466e-07  1.41838940e-06  3.19785245e-07  2.66988834e-06
  3.22106459e-07  3.18948912e-06 -1.31119010e-06 -2.26672017e-08
  1.61097030e-06  2.79536180e-06 -8.41712034e-07 -3.56059847e-06
  2.89237596e-07  0.00000000e+00  0.00000000e+00  1.02305748e-06
  0.00000000e+00  0.00000000e+00 -3.89850775e-06  0.00000000e+00
 -2.34212033e-07  1.52534733e-06  1.21257807e-06 -9.40698724e-07
  1.47388295e-06  2.12806689e-06  1.36541595e-06 -8.22848707e-07
  3.38446838e-06  4.30657402e-06  6.59257262e-07  1.05226015e-06]","[-157.3753248  -156.11903473 -154.64607193 -155.07541856 -156.2421714
 -155.4302177  -157.78858122 -154.11785803 -156.53379042 -156.29988529
 -156.56234028 -156.02376139 -156.57766936 -154.11785803 -156.17363718
 -156.00889919 -157.0956658  -156.90416789 -155.27904064 -157.13395331
 -155.11429989 -158.95087249 -158.54326562 -155.70422672 -158.39546083
 -155.3496997  -157.84617829 -154.38643878 -156.22861154 -156.36294466
 -156.97728632 -155.76162991 -155.82175556 -156.83509399 -157.08151563
 -156.45281947 -158.3600965  -156.60276949 -156.72638151 -156.96088362
 -154.62979614 -156.73087631 -157.64449684 -155.39269921 -154.52714848
 -157.49830658 -154.53949715 -154.94909115 -155.10524828 -159.4899928
 -156.33366437 -158.78663252 -157.35640124 -155.18412371 -156.73579732
 -154.60490801 -154.82944514 -157.12247193 -154.53924853 -155.15598345
 -156.06032114 -154.52714848 -157.20155636 -156.92797895 -156.01490419
 -156.70816604 -156.16011974 -156.73728568 -156.6476505  -155.43274361
 -155.37764488 -156.4877381  -154.90817099 -156.38883854 -156.99578785
 -158.69792248 -156.78853715 -156.05284004 -156.48334193 -156.44470334
 -155.99169242 -154.11123584 -154.11785803 -156.34341999 -154.68651401
 -155.72966991 -156.87475241 -154.62979614 -155.54082931 -156.90198708
 -157.09821954 -156.18801281 -155.07433995 -155.28132764 -156.36606298
 -156.44009595 -155.01576439 -158.28927999 -156.37541812 -155.73172673]",0.335
119,0.3471865834294803,"[ 1.18962624e-06  5.09931181e-07 -2.41495564e-07  0.00000000e+00
  2.28635375e-06  0.00000000e+00 -1.53119399e-07 -1.19181218e-06
 -1.40464741e-06  1.71991852e-06  1.64710211e-06  3.13787470e-08
  1.45494274e-06  3.12044351e-07  2.90503407e-06  5.38738136e-07
  0.00000000e+00  3.69511305e-06 -4.07716200e-06  5.38231052e-08
  0.00000000e+00  3.53178818e-08  8.26295067e-07  2.85384098e-07
 -5.84923591e-08  1.17374882e-06  2.00795751e-06 -1.43352060e-06
 -1.74482483e-06 -5.84500589e-07  3.98855143e-06 -1.84830637e-06
 -5.72497476e-07  4.25397588e-06 -1.61398479e-06  2.64693475e-06
  1.38802047e-07 -1.88310912e-06  1.14528634e-06 -8.93655973e-07
 -1.65355558e-06 -9.83060163e-07  1.76851449e-08 -6.21220485e-07
 -7.77045581e-07 -1.68802371e-07  3.49843337e-06 -3.54322210e-06
 -2.27562428e-06 -1.46847321e-06  5.37311898e-07  2.11907232e-06
  4.29442685e-06  2.34860340e-07  7.48353717e-07  1.84260726e-06
 -3.00081065e-07  0.00000000e+00  2.44969944e-06 -3.65434189e-07
 -2.52556707e-07 -2.52096827e-06  4.33412023e-07  0.00000000e+00
  1.09209776e-06  0.00000000e+00 -3.27623415e-06  0.00000000e+00
  1.48753138e-06  0.00000000e+00  0.00000000e+00  2.16278269e-06
 -3.31936097e-07 -8.37654568e-07 -5.93555078e-07  6.73020354e-07
 -3.69006351e-06 -8.21383492e-07  5.37601485e-06 -3.03129241e-06
 -3.44856386e-06 -1.64059730e-06 -2.73330000e-06  3.01117545e-07
  1.15716708e-07 -1.68354809e-06  1.70853988e-06  6.15141239e-07
  2.10054806e-07  4.00551255e-06  5.91418691e-07  0.00000000e+00
  0.00000000e+00 -8.13905217e-07  5.23943963e-07  2.45594055e-07
  1.75093478e-07 -1.19963632e-06 -5.02888383e-06 -2.98106059e-06]","[-156.61662771 -157.26973877 -157.3772902  -154.11785803 -156.3462058
 -155.39269921 -155.384787   -154.31711893 -159.56927408 -156.28977035
 -153.4700453  -156.4157104  -155.7045494  -155.17756997 -157.70245534
 -156.14449374 -154.62979614 -157.72245906 -155.92187123 -156.01440111
 -154.68651401 -156.61569072 -155.80514254 -156.4819635  -156.31817382
 -155.51103817 -156.74623948 -158.30581972 -156.96414054 -155.04181225
 -156.52281732 -159.66352736 -156.66241604 -154.29522161 -156.04881537
 -157.11638561 -155.19419244 -155.72164181 -157.80416992 -154.86851787
 -155.5823488  -156.58892247 -154.23447923 -156.20630577 -157.45356147
 -156.46092105 -155.13445526 -159.33055433 -157.52088764 -154.87346933
 -158.46348518 -154.02830831 -157.60305583 -154.94716188 -156.00721446
 -156.62552827 -157.05062754 -155.28132764 -157.76435562 -155.72181435
 -156.38773622 -158.91634939 -156.02191441 -155.3496997  -156.56233646
 -154.53949715 -156.71666436 -154.52714848 -155.39504388 -154.11785803
 -154.38643878 -154.50411351 -156.26747592 -155.07018127 -157.42486814
 -154.93114237 -155.79779144 -156.82976578 -156.92294321 -158.40676743
 -157.56543151 -156.66861591 -155.82127628 -157.87003178 -157.35995174
 -155.6379262  -157.049639   -156.87755824 -159.2560781  -156.12780902
 -156.4724284  -154.62979614 -154.60490801 -155.921154   -156.51682077
 -155.23658368 -155.83744236 -156.60485245 -156.12544601 -154.95429207]",0.35100000000000003
120,0.3411076962785719,"[ 9.54828200e-07 -1.38129969e-06 -7.01774266e-07  1.26135396e-06
 -3.19311912e-06  2.77336953e-06 -1.74886233e-06  1.74071339e-06
 -1.50490453e-08 -2.36354407e-06  1.84436502e-06  1.37424448e-06
 -1.99670245e-07  2.83094701e-06  1.29428393e-06  5.79013517e-06
  2.64935634e-07  4.77544913e-07 -1.48373322e-06 -2.36718964e-06
 -1.01853114e-06  2.54433791e-06 -4.28621666e-07 -3.08473510e-06
  1.83772233e-07 -5.00679787e-07  1.66468043e-06 -5.68434422e-07
  1.50470425e-06  6.21500852e-07  3.44070200e-06  9.06687741e-07
  1.17644793e-06  5.18216832e-07  7.84626193e-07  1.95426613e-06
 -9.83787791e-07 -3.56081598e-06  1.39884886e-06  0.00000000e+00
 -8.43131736e-07 -4.39942985e-07 -3.13611599e-06  2.46168391e-06
  0.00000000e+00 -1.69750206e-06 -4.22989962e-08 -1.07209137e-06
 -1.33958018e-07  3.68478699e-06  0.00000000e+00  1.45007457e-06
  1.21052794e-06  1.25166248e-06 -3.07967072e-07  9.09443288e-07
  1.45718530e-06 -9.60644538e-07  9.26337016e-07  1.80808016e-07
  1.06597473e-06  6.98697289e-08  4.20820689e-07 -3.02164703e-06
  1.26201798e-06  3.56941539e-06 -7.50428675e-07 -1.27575852e-06
 -6.21338274e-06  1.35084765e-06  0.00000000e+00 -2.73480831e-06
 -2.37397031e-06 -7.96213537e-07 -1.91897898e-06  2.21590095e-06
  2.64532679e-07  2.18116555e-06  0.00000000e+00  1.03732049e-06
  1.08278761e-06 -1.08280230e-06  2.36455138e-07 -9.14812566e-07
  0.00000000e+00 -3.67563735e-06  0.00000000e+00  2.16335533e-06
  2.12441348e-06  8.29098980e-07 -4.97799643e-07  0.00000000e+00
 -1.42731643e-06 -1.80587907e-07 -1.63855910e-06  1.00771059e-06
 -2.00759914e-06 -3.20063928e-06 -9.09214983e-07  0.00000000e+00]","[-156.81056319 -158.47752109 -154.81967714 -156.75505264 -155.01131971
 -155.95253386 -155.0351902  -156.84572672 -157.14999156 -157.93861455
 -158.39011512 -156.18131405 -157.68367578 -156.0140327  -156.93733547
 -156.67608556 -155.09864206 -157.92642787 -156.98197568 -156.98102327
 -154.47682803 -157.42214232 -153.94307573 -157.13457105 -156.70276369
 -155.73436561 -155.82332729 -154.11101146 -157.37404651 -157.29111357
 -155.80970645 -157.90956059 -156.06560832 -156.97420232 -156.11176365
 -158.73191654 -157.34544709 -155.91572736 -156.7168719  -153.4700453
 -155.49011931 -156.26811939 -158.67076078 -158.23851167 -154.31711893
 -154.34495955 -157.25015769 -157.14722318 -157.16318321 -156.61831814
 -153.4700453  -156.91605478 -156.96284187 -156.26229164 -156.51279718
 -155.46082983 -155.48993786 -155.77016864 -155.55710133 -158.0030533
 -155.60471329 -155.20589885 -156.98924074 -158.91003218 -154.23670476
 -154.72588539 -157.82586392 -155.08562098 -158.62645165 -156.52343256
 -153.4700453  -158.89146928 -155.24593296 -155.13263559 -157.49784977
 -156.8850025  -157.39007177 -154.5275876  -155.17756997 -155.45641839
 -157.36499537 -155.42059348 -154.96377339 -154.26675663 -156.02191441
 -156.27545948 -154.93114237 -154.59947938 -156.98234219 -155.17756997
 -157.1555665  -155.82127628 -156.36831682 -156.46783315 -155.6125226
 -156.46837099 -157.58416904 -156.33347681 -156.07008541 -155.19419244]",0.365
121,0.33524702538496925,"[ 0.00000000e+00  8.20926099e-07  3.02402292e-07 -1.29172165e-06
  8.80577614e-07  2.12326815e-06 -5.40171383e-06 -1.93377182e-06
  0.00000000e+00  0.00000000e+00  0.00000000e+00 -1.04550201e-06
  0.00000000e+00 -2.59536035e-06  0.00000000e+00  0.00000000e+00
 -2.39163968e-07  1.60830087e-06  0.00000000e+00 -7.40865316e-07
  3.39293751e-06 -2.26998433e-06 -2.00118766e-06  1.18191803e-06
  9.42801800e-07  1.35448610e-06  5.65437526e-06  4.10854278e-06
  0.00000000e+00  2.50729880e-07  2.34975588e-07  6.22185076e-07
  2.01103874e-06 -2.47500123e-06  1.10035701e-06 -1.60174959e-07
  3.70390739e-06  8.14306333e-07  1.57275727e-06 -3.31267810e-07
  1.40765992e-06  0.00000000e+00 -2.89457390e-07  3.05146604e-06
  1.69008764e-06  2.73915171e-06 -1.56854981e-06  1.20812759e-06
  1.93046725e-06 -1.25073680e-07  2.80397424e-06  3.03499216e-06
  1.06827681e-06  0.00000000e+00 -4.26767466e-06 -1.99970412e-06
 -2.85651067e-06  1.03220520e-06 -9.38294100e-08 -7.76540405e-07
  2.48169688e-07  6.30053840e-07  2.14572989e-06 -1.13290262e-06
  0.00000000e+00 -8.02643724e-07  1.41755114e-06  1.88778418e-06
  2.53187492e-06  1.27385277e-06 -4.96618734e-06  2.90659804e-06
  4.93918291e-07  0.00000000e+00  7.36053719e-07 -9.17385671e-07
  1.20028078e-07 -1.12790074e-06  0.00000000e+00  2.29603267e-06
 -4.26127449e-06  1.54936231e-06 -1.05740569e-06  4.69888038e-07
 -2.84493863e-07  1.52910529e-06  1.34537281e-06 -3.77331271e-07
  1.75746725e-06  1.81588543e-06  3.71721341e-06 -1.74301563e-08
 -1.43925196e-06  2.98456549e-06  3.29014866e-06 -1.99638485e-06
  3.24436240e-06  0.00000000e+00  5.77623706e-07 -4.44900255e-07]","[-154.11101146 -156.3310982  -154.67661293 -154.38870049 -155.34152034
 -155.6018791  -156.61407288 -160.69365378 -155.91572736 -156.07008541
 -153.4700453  -155.06274275 -154.34495955 -156.21128582 -154.11101146
 -155.55710133 -156.01214588 -156.67570645 -153.94307573 -158.43987471
 -156.2457575  -155.6478792  -157.0741525  -154.63098774 -154.34495955
 -156.80553214 -157.75190101 -155.19069911 -154.34495955 -156.82223843
 -157.64406245 -158.5435646  -156.32655541 -156.55167923 -155.2102703
 -156.62719635 -154.59488482 -157.97256945 -155.22203076 -154.90561182
 -156.47532262 -154.47682803 -157.7841829  -154.80565349 -156.41379698
 -155.60680393 -157.40602571 -156.66917753 -156.63314198 -158.45741538
 -156.45106629 -157.79209206 -154.89726815 -154.5275876  -159.02019549
 -157.26257171 -157.44986503 -157.9562767  -155.95793862 -159.32060761
 -158.25279997 -156.13298223 -157.30137713 -156.54893767 -154.34495955
 -161.05958116 -154.33700944 -156.21259138 -155.07145857 -156.27131345
 -157.99166398 -157.05675561 -157.83189415 -154.11101146 -155.25842439
 -155.99671941 -155.5732012  -155.4101024  -154.26675663 -158.79597711
 -157.91503497 -155.11584195 -157.69172824 -157.32459349 -153.32142467
 -155.02149452 -154.94064079 -156.61920933 -155.94926201 -156.23625739
 -157.13918157 -155.54547427 -155.91489744 -157.01127647 -157.51310419
 -156.34845771 -157.12640512 -154.11101146 -155.21868703 -154.59947938]",0.363
122,0.3300446908763054,"[-6.22123079e-07 -3.78412539e-06 -3.55817949e-07  3.18146528e-07
  7.11329294e-07 -8.68406996e-07  9.08619022e-07  1.30528086e-06
  2.07314398e-06  1.52973754e-06  0.00000000e+00 -2.49947038e-09
  2.64188964e-06  0.00000000e+00  1.57201427e-06  0.00000000e+00
  1.77668084e-06  0.00000000e+00 -5.99148571e-07  0.00000000e+00
  3.18078941e-06  0.00000000e+00  4.21431372e-07  0.00000000e+00
  2.28344251e-06 -1.81523947e-06 -7.84651767e-07  1.00224245e-06
 -3.19941920e-08 -4.05696170e-07  3.47072971e-06 -2.67541766e-06
  0.00000000e+00  0.00000000e+00 -2.78942526e-06  2.51270676e-06
  3.47171230e-07  2.70891376e-06  3.90389796e-07 -4.79180818e-08
  0.00000000e+00  1.53285856e-06  3.91734592e-06 -3.26924355e-06
  0.00000000e+00 -4.85955725e-07  1.39950681e-06  6.56768695e-08
 -8.83628299e-07  2.92523091e-06  1.94265429e-06 -1.27185809e-06
 -2.20443895e-06  0.00000000e+00  1.66700457e-06  2.15102256e-06
  0.00000000e+00 -2.47605169e-06 -2.36817319e-06  2.05701909e-06
  0.00000000e+00 -9.01994961e-07  0.00000000e+00 -1.59107749e-06
 -2.53402384e-06  1.37527646e-06  1.95601920e-06  0.00000000e+00
 -4.79382682e-07  0.00000000e+00  2.28506597e-06  1.38397297e-06
 -1.86154635e-06 -8.11740397e-07 -1.99696928e-06  5.36296571e-07
  9.62302503e-07 -1.35132855e-06 -7.40850918e-07  4.06090495e-06
 -2.51883028e-06  3.47791151e-07  0.00000000e+00  1.12797595e-06
 -1.08274659e-06  2.37092735e-06 -2.86303582e-06  6.32893350e-06
  0.00000000e+00 -3.19977130e-07  6.90605151e-07  0.00000000e+00
 -2.13391581e-06  0.00000000e+00 -1.51877082e-06 -1.86805141e-06
 -7.47817810e-07  2.34281854e-07 -1.41280069e-06  0.00000000e+00]","[-154.38113479 -155.25986472 -157.09431197 -155.24520544 -156.06374896
 -155.6891319  -156.13625894 -156.26473253 -156.08213897 -159.00378887
 -154.34495955 -154.18987394 -159.04490663 -154.11101146 -155.16485657
 -154.11101146 -156.26289216 -154.11101146 -156.46598895 -154.63098774
 -156.85406677 -154.33700944 -157.93400685 -154.80565349 -157.38626073
 -155.74086459 -157.55168618 -154.34495955 -154.38870049 -157.80538841
 -157.82084479 -155.6584765  -153.94307573 -154.11101146 -153.92447919
 -157.70292626 -156.17572532 -155.89287304 -155.41693011 -156.14639213
 -154.11101146 -159.76323669 -157.36616073 -155.56914028 -154.94064079
 -154.70594538 -156.61225662 -155.90531175 -156.54608183 -156.31616477
 -156.76795911 -157.14640104 -155.12944737 -154.34495955 -154.05056975
 -158.69447932 -156.01214588 -158.13035854 -157.21535852 -156.79710132
 -154.34495955 -155.05309563 -156.21259138 -155.76118913 -155.22185811
 -156.65922513 -155.03963073 -154.59947938 -155.54079288 -153.94307573
 -158.01331319 -156.71832712 -156.22423746 -155.68688103 -157.82569404
 -155.06813539 -156.07759251 -155.60640741 -156.46113377 -154.80398718
 -153.80927358 -154.59947938 -154.11101146 -158.1401624  -155.45997084
 -157.52382956 -157.10251961 -159.09660066 -153.4700453  -157.44776153
 -155.87620796 -154.34495955 -157.03539324 -154.11101146 -155.40834146
 -157.51170667 -158.80708774 -157.30197787 -156.51139985 -154.67661293]",0.287
123,0.32485597804585997,"[-2.13421348e-06  0.00000000e+00  2.29565689e-07 -2.63180218e-06
  1.15622382e-06  4.91869911e-06 -3.33892621e-07  9.21136137e-07
 -8.77645262e-07  2.48125892e-06  9.09026025e-07 -2.12996452e-06
 -1.97067292e-06 -1.55078565e-06  0.00000000e+00  1.35396259e-06
  1.16431955e-06 -1.27355540e-06  1.24647451e-06  2.97744761e-06
  5.54834569e-07  4.09435758e-06 -2.60158925e-06  0.00000000e+00
 -3.35795784e-06 -1.65268617e-06 -1.53573672e-06 -9.00693046e-07
  2.92623179e-06  5.11162105e-07  7.91046041e-08  3.44593511e-06
  0.00000000e+00 -3.08090826e-06  2.03316908e-06  0.00000000e+00
 -2.63353056e-06 -1.91775894e-06  1.33961098e-06  2.05818020e-06
 -2.03242466e-06 -5.25821360e-07  8.90514068e-07 -2.05836478e-06
 -6.53020640e-07  1.41129975e-07  7.99983026e-07 -1.39906869e-06
  2.14693376e-06 -1.95532481e-06  2.46402431e-06 -3.19325624e-06
  8.94094916e-07  3.07556879e-07 -5.65551950e-08 -9.17074414e-07
  4.09142713e-07 -2.22627435e-06 -1.40691886e-06  2.21857909e-06
  2.86971518e-06 -1.72368949e-06  3.33877651e-06  0.00000000e+00
  0.00000000e+00  3.10402557e-06 -6.33879851e-07 -3.31716306e-07
 -1.75205392e-06  8.01153110e-07  7.53514095e-08  0.00000000e+00
  2.01778586e-06 -1.52825213e-07  1.39892967e-08  0.00000000e+00
  2.44033387e-06 -5.08564262e-07  1.11924274e-06  9.90757548e-07
  6.79186455e-07 -6.79483752e-07  5.96212345e-07  2.11681319e-06
  0.00000000e+00  0.00000000e+00 -4.76183844e-07  4.74299621e-06
 -2.62988191e-06 -3.53691760e-06 -1.79304003e-06  2.34011526e-06
 -1.52582263e-06  1.99243760e-06  2.90819846e-06 -1.36424501e-07
  0.00000000e+00  6.93533552e-08  0.00000000e+00  7.15490373e-08]","[-154.78564313 -156.08213897 -156.73052732 -157.40878294 -155.94437678
 -158.29213821 -157.10703025 -156.54321366 -156.83176544 -155.73375067
 -157.40230457 -157.23769961 -157.34483133 -155.20825804 -155.40834146
 -155.86475163 -154.74547756 -154.70757655 -154.88767542 -157.85000303
 -156.44142137 -158.27977076 -155.31068262 -154.34495955 -156.03952958
 -156.12973454 -155.42685524 -155.01510275 -155.67335425 -159.58588763
 -157.20225549 -156.32772435 -155.06813539 -155.74373485 -155.66285267
 -156.31616477 -156.86402369 -155.64839014 -157.68249349 -156.08594189
 -154.89880946 -158.14866489 -157.57550826 -156.83269526 -154.47489309
 -155.65348201 -156.89166612 -156.4684523  -154.91578519 -155.70947945
 -155.65444647 -156.61099631 -156.06504788 -156.83175762 -156.00940716
 -156.58546436 -156.23185399 -157.66614396 -157.10625199 -155.70688387
 -159.7067345  -155.76483658 -155.50224772 -155.05309563 -154.11101146
 -155.80306424 -154.97499335 -154.66899427 -158.28981185 -155.52192801
 -154.90060737 -154.59947938 -154.22452287 -158.42114974 -154.73465319
 -154.94064079 -155.15101065 -155.2457716  -157.0642048  -153.37577464
 -157.55121948 -155.37534914 -154.38605846 -156.85428022 -154.11101146
 -154.38113479 -155.89566148 -156.58076623 -155.64783539 -158.30573366
 -156.58910522 -157.81003528 -155.94538268 -158.66633965 -155.12722894
 -155.41780288 -153.92447919 -155.37062093 -154.34495955 -156.54739784]",0.34099999999999997
124,0.3202270148066146,"[ 0.00000000e+00  4.82881781e-08  2.20379481e-06  1.15792319e-06
  0.00000000e+00  0.00000000e+00 -1.49792804e-06  0.00000000e+00
  0.00000000e+00 -2.92691795e-06 -6.78482878e-07 -1.41751480e-06
 -2.98197347e-06  6.85726622e-07  9.26602451e-07 -4.04803677e-06
 -5.40568592e-07 -7.48765688e-07  0.00000000e+00  4.86498409e-07
  2.32179782e-07  3.54166366e-06  3.72147115e-08  0.00000000e+00
 -1.88382359e-06  4.46950130e-06  1.37093908e-07 -3.60544757e-06
  4.11378949e-07  0.00000000e+00  1.94328538e-06 -2.09662353e-07
 -2.02862144e-06  2.62256425e-06  1.63150624e-06 -1.81719028e-06
 -2.74771028e-08 -4.50015814e-06  2.22978392e-06  1.25785219e-06
  1.76271239e-06 -2.04938615e-06  6.35887083e-06 -7.04275156e-07
  1.40313757e-06  0.00000000e+00  5.78286284e-06  9.81892144e-07
 -6.28479265e-06 -3.50248670e-06 -1.15292175e-06 -4.75962925e-07
  0.00000000e+00  0.00000000e+00 -1.97400106e-06  1.57700990e-06
  0.00000000e+00 -1.21095041e-07  0.00000000e+00  0.00000000e+00
 -2.41566631e-07  3.02511227e-06 -5.40006675e-07  4.06305473e-07
  4.23917910e-06  1.81739916e-06  1.00280126e-06  1.77004451e-06
 -7.52426932e-07  3.17990956e-07 -1.53614669e-06  0.00000000e+00
  2.60051910e-06  1.34006954e-06  0.00000000e+00  1.62380552e-06
  0.00000000e+00 -9.76555925e-08  1.21508750e-06 -2.48128299e-07
  4.83730069e-07 -1.81091211e-07  2.69615352e-06  1.34435082e-06
  0.00000000e+00 -3.42609995e-07  0.00000000e+00 -2.59717911e-06
  5.46305232e-07  0.00000000e+00  1.62566157e-06  1.42714774e-06
 -4.70364357e-07  0.00000000e+00 -1.07289645e-06 -2.35373316e-06
  1.34842710e-06 -7.82072531e-08  0.00000000e+00  0.00000000e+00]","[-153.37577464 -157.45514098 -156.21187412 -156.22442627 -154.38605846
 -154.97499335 -156.4203794  -153.37577464 -155.65444647 -159.34650616
 -153.91457439 -157.60787419 -157.22388405 -156.33659251 -156.40617135
 -156.94711472 -155.26494896 -157.0565368  -154.70757655 -156.44154677
 -154.2144041  -156.19669006 -155.3900072  -154.74547756 -154.97577616
 -154.64263365 -155.36544178 -154.64134135 -157.52130389 -154.11101146
 -154.69515265 -155.99075797 -154.96624742 -158.61958746 -155.23036297
 -157.8690836  -158.39152197 -156.93156806 -155.43275731 -156.8527072
 -155.31630278 -154.70887868 -156.85152246 -156.89123592 -157.74445983
 -155.52192801 -157.32577213 -155.45374241 -157.47745574 -157.11938559
 -154.9319883  -154.90325042 -154.74547756 -154.89880946 -156.75223407
 -156.43840109 -155.06813539 -156.56641072 -154.47489309 -154.11101146
 -157.00200377 -155.94515843 -156.73991404 -157.70717038 -156.87286285
 -157.65283608 -157.04416975 -155.1632425  -155.901365   -156.41196514
 -155.1682208  -153.37577464 -154.51911773 -154.52507906 -154.38605846
 -158.82766873 -155.70688387 -156.55787011 -155.56508945 -155.75093929
 -157.73202392 -156.22156061 -156.78031418 -154.13669678 -154.97499335
 -154.4500122  -154.22452287 -155.9776813  -158.21625769 -154.47489309
 -155.87609979 -156.27581784 -158.02258478 -153.37577464 -155.13355324
 -157.90570244 -155.48470269 -157.25463965 -155.52192801 -155.64839014]",0.27099999999999996
125,0.313632986614085,"[ 0.00000000e+00  1.09973378e-06  7.69043515e-08  0.00000000e+00
  1.33437027e-07 -2.38621307e-06 -1.28890390e-06  0.00000000e+00
  0.00000000e+00  1.09712397e-06 -1.90883705e-06  0.00000000e+00
  1.11098245e-08  1.13872262e-06 -1.05804894e-06  1.33513096e-06
 -9.87306359e-07  9.72678176e-07 -3.68966327e-07 -3.92639090e-07
  2.83032791e-06  0.00000000e+00 -1.08413544e-06  6.26102016e-07
 -5.45719279e-07  3.56095531e-08  4.03664038e-06 -5.50693350e-07
  3.70053905e-06 -1.22794220e-06  5.00006265e-07  0.00000000e+00
  1.88371048e-06  1.45482193e-09 -4.95813094e-07  1.32545796e-06
 -8.55888573e-07  3.76876015e-07  0.00000000e+00  0.00000000e+00
 -2.50710634e-07 -1.42170458e-06  8.07482134e-07 -4.06776094e-07
  3.43810325e-07  2.69961221e-07  2.07978329e-07 -8.95635589e-09
  0.00000000e+00 -9.49657821e-07 -7.14161100e-07 -3.06396435e-06
 -1.61329349e-06 -1.72059107e-06  3.02618825e-06  3.34858894e-07
 -2.96948478e-06  8.48044784e-07  1.03589121e-06 -2.11807144e-07
  4.99502935e-08  0.00000000e+00 -1.18229520e-06  2.54830782e-07
  7.77408517e-07  8.71345770e-07 -2.79369592e-07  2.41320368e-06
  0.00000000e+00  2.54594755e-07  1.03528336e-06  2.54185030e-06
 -6.18139752e-06  0.00000000e+00  0.00000000e+00  1.13893810e-06
  0.00000000e+00  3.63640518e-07  0.00000000e+00  7.13235831e-07
 -4.85704329e-07 -4.47654385e-07  8.62780198e-07  5.31636093e-06
  0.00000000e+00 -1.43619995e-06 -2.15694508e-06  0.00000000e+00
  8.54787093e-07  0.00000000e+00  3.51030550e-07  0.00000000e+00
  2.17471195e-06  3.25125311e-07  2.59600790e-06  1.23575192e-07
 -1.17311282e-06  5.10118480e-08  2.17925235e-06  9.26935930e-07]","[-153.37577464 -153.12426383 -157.1231137  -156.19669006 -155.73865889
 -159.59783435 -154.36587823 -154.74547756 -153.91457439 -154.98438394
 -153.23278167 -155.26494896 -157.84695758 -157.28286513 -157.25420394
 -156.13484278 -157.76808112 -156.83429169 -156.17143497 -157.86874906
 -155.96467361 -155.75093929 -156.68305163 -158.07184684 -157.2374826
 -155.83215564 -157.59843163 -157.73110685 -153.93326681 -154.34221986
 -153.36795857 -154.97577616 -157.32691894 -155.76209189 -155.90154414
 -155.12796529 -155.5279486  -157.59705649 -153.37577464 -154.64134135
 -154.81665071 -156.4013708  -155.45374241 -154.52709645 -155.55742053
 -157.07217268 -155.64559769 -157.13803457 -155.64839014 -155.26494896
 -156.79578027 -155.13207441 -155.6704506  -155.80106455 -157.74769645
 -156.64595114 -155.35527356 -155.85006443 -156.39268851 -153.75025509
 -154.97197691 -154.47489309 -156.29063238 -155.05824135 -153.37577464
 -157.70717536 -157.64528411 -158.49687656 -154.4500122  -156.99095109
 -158.86946587 -154.77113444 -155.64976536 -153.37577464 -154.51911773
 -156.08592211 -153.91457439 -154.33442358 -154.4500122  -158.17204626
 -155.47721984 -154.24430022 -155.23527283 -157.53422241 -154.4500122
 -157.12028344 -154.88631199 -153.37577464 -157.58023665 -154.51911773
 -157.17642442 -155.901365   -154.66334688 -155.21616047 -153.25528065
 -155.03268601 -154.22172158 -155.87557176 -159.81303279 -158.33900869]",0.257
126,0.3083651840966867,"[-2.65480458e-06 -6.06835298e-07  1.09661188e-07  0.00000000e+00
 -2.45237264e-06 -2.58937320e-06  7.30772383e-07 -1.36476910e-06
 -7.79558916e-07 -3.86271582e-07  1.02997762e-06  1.00421164e-06
  1.53345217e-06  2.43555808e-06 -4.90840249e-07 -1.14510750e-07
 -3.70832784e-07  0.00000000e+00  9.93565564e-07 -8.35488281e-07
  0.00000000e+00  9.16746837e-09  0.00000000e+00 -1.08709311e-06
 -3.85450134e-06 -1.53310014e-07  0.00000000e+00 -1.87789915e-06
  0.00000000e+00  2.71628276e-07  0.00000000e+00 -6.03087653e-07
 -1.30473374e-06 -4.80122861e-07  0.00000000e+00  1.68410201e-06
 -5.13578919e-06  0.00000000e+00  6.67711912e-08 -1.80359626e-07
 -7.43844599e-07  0.00000000e+00  1.29430000e-06  0.00000000e+00
  8.77751249e-07 -1.09915410e-06  0.00000000e+00  8.84029249e-08
  9.53048164e-07  0.00000000e+00 -1.10476080e-06 -1.66597708e-06
 -3.75039131e-07 -2.91897111e-06  0.00000000e+00  5.09442291e-07
  0.00000000e+00  7.29147236e-07  0.00000000e+00 -2.41539017e-06
  9.67062174e-07  0.00000000e+00 -3.66520612e-06 -5.78612986e-07
 -1.32365777e-06 -7.00031170e-07  0.00000000e+00 -2.53736913e-06
 -7.00665548e-07  0.00000000e+00 -6.92822616e-08 -3.20167924e-06
 -1.31485134e-06  0.00000000e+00  0.00000000e+00 -6.03152550e-07
 -1.35718566e-06  9.84308058e-07  0.00000000e+00  3.66068225e-06
 -1.17250110e-06 -1.93778012e-06  1.48357431e-06 -2.79375196e-08
 -2.43053087e-06  2.81672447e-06 -1.76249402e-06  2.00922923e-07
 -1.99800674e-07  0.00000000e+00  4.60775875e-07  1.60136431e-06
  0.00000000e+00  9.73913665e-07  2.23259982e-06 -3.52121299e-06
  9.89882752e-07  0.00000000e+00  2.97995761e-06  2.31221753e-06]","[-155.73291516 -156.15508304 -155.21628867 -155.05824135 -155.66353865
 -155.99693421 -154.71420402 -155.13207441 -154.85248389 -154.83636997
 -156.52941418 -156.04294053 -157.61136519 -157.1519629  -157.75533722
 -158.37386703 -157.34800908 -155.03268601 -155.20868233 -156.97138043
 -154.97197691 -157.48700235 -154.36587823 -155.12796529 -155.86083715
 -154.17036878 -154.36587823 -156.43621142 -155.12796529 -156.71977453
 -153.36795857 -158.25821043 -158.05936843 -156.1250902  -154.97197691
 -154.07505696 -156.74881164 -153.37577464 -153.4258748  -156.82367655
 -157.18955198 -154.36587823 -157.54955756 -154.22172158 -155.89460632
 -155.67211452 -153.37577464 -156.50653773 -157.97467189 -155.03268601
 -157.50940111 -156.94105606 -155.67689699 -155.53574571 -155.64559769
 -155.47721984 -154.36587823 -156.36039311 -154.22172158 -158.75957885
 -155.28183013 -154.4500122  -155.68177239 -158.17606352 -156.66120018
 -157.70237563 -153.93326681 -157.92720507 -154.72328573 -154.36587823
 -155.3280245  -155.03213221 -155.72446569 -153.25528065 -153.36795857
 -154.57810571 -156.13329041 -156.78289603 -153.93326681 -157.40292397
 -155.13559697 -156.64913389 -155.90452014 -155.76334015 -157.40680107
 -157.23428076 -157.686376   -157.37769933 -154.30461461 -154.33442358
 -155.6704506  -155.49129623 -154.98438394 -155.97391376 -155.88664637
 -155.08420018 -157.92252882 -155.03268601 -157.52534295 -155.62334384]",0.25699999999999995
127,0.30270846502258797,"[ 0.00000000e+00  7.52692823e-07  0.00000000e+00  1.45148541e-07
  1.14299016e-06  7.75931482e-07 -2.76550367e-06  0.00000000e+00
 -6.32101247e-07  3.58450446e-07 -9.12715759e-07 -3.17809360e-06
  0.00000000e+00  1.28367265e-06  1.55615745e-06 -1.61622560e-07
  0.00000000e+00 -1.07138602e-06  3.25048449e-06 -1.57299615e-06
 -8.21907927e-07  0.00000000e+00 -9.83302937e-07  0.00000000e+00
  0.00000000e+00  0.00000000e+00 -8.02704640e-07  0.00000000e+00
  2.54280210e-06  2.55945735e-06  2.06346679e-06  2.04242486e-06
  0.00000000e+00  2.58275073e-06  6.88229731e-07  3.73368218e-07
  2.54103037e-07 -4.89102527e-07  3.61182409e-07 -1.21650318e-06
  0.00000000e+00 -4.27179732e-07 -2.99156452e-07  1.15562535e-06
 -8.85200215e-07 -1.79879558e-06  6.55407114e-07 -7.87364424e-08
 -3.68028983e-06  0.00000000e+00  0.00000000e+00  0.00000000e+00
  0.00000000e+00  3.04065538e-07 -2.18498572e-06  0.00000000e+00
 -9.37833316e-07  0.00000000e+00 -1.54544621e-06  0.00000000e+00
  4.22889756e-06  3.53387596e-07  0.00000000e+00  1.58153428e-06
  1.24277794e-06  1.17561156e-06  6.26272751e-07  1.36107616e-06
  1.95598689e-08  2.63569081e-06  0.00000000e+00 -1.23493502e-06
  1.17287678e-06 -9.68878713e-07  0.00000000e+00  0.00000000e+00
  4.13981360e-07  1.50451677e-06 -1.32760059e-06 -8.47875814e-08
 -1.69792152e-06  3.68556717e-06  2.51166067e-06  0.00000000e+00
 -9.11687148e-07  7.56982557e-07 -4.75643453e-07  9.24725515e-07
  1.54892955e-06  6.42593358e-07  0.00000000e+00 -9.60736637e-07
 -1.09477801e-07 -5.19217087e-07  1.77602491e-06 -8.92939776e-08
 -1.59633196e-06  2.01880393e-06 -2.05527703e-06  1.51854098e-06]","[-155.13559697 -154.40927336 -155.08420018 -155.43859235 -157.08801098
 -155.8888058  -155.78435125 -154.36587823 -155.51063376 -156.5179442
 -157.2866442  -156.71241231 -155.08420018 -154.48826893 -158.50513026
 -157.36683115 -154.85248389 -155.03268601 -156.33664923 -155.38006759
 -156.34255573 -153.25528065 -155.63953459 -154.72328573 -154.72328573
 -154.85248389 -155.65784491 -154.85248389 -156.2153899  -155.60379635
 -156.29862285 -157.82039558 -155.73291516 -155.37440838 -152.02253081
 -155.72842748 -156.79015936 -158.70335809 -156.1348966  -156.36990926
 -155.03268601 -154.41731582 -155.56229461 -155.7790372  -155.79409329
 -153.4258748  -155.91832609 -157.3373325  -156.91410464 -153.4258748
 -155.03268601 -154.57810571 -154.30461461 -155.75479381 -158.0021568
 -153.93326681 -154.06318797 -153.4258748  -155.30240764 -154.85248389
 -157.27446668 -154.72627718 -153.36795857 -155.37090382 -155.61771826
 -157.23201263 -155.3858835  -154.43570995 -157.55931264 -156.50682055
 -154.30461461 -156.82298366 -157.53044624 -155.08151384 -154.83636997
 -155.47721984 -157.7731705  -156.04294053 -155.20623462 -155.37479865
 -156.02217099 -154.53803788 -156.13525952 -154.57810571 -155.15690453
 -155.66733797 -157.33279014 -155.03268601 -158.38815681 -156.7682081
 -154.17036878 -159.32261883 -154.9667511  -155.32520504 -155.21351868
 -157.02861225 -159.60362708 -156.20458698 -157.47814013 -156.82841847]",0.23800000000000004
128,0.2985201202491057,"[-5.69932004e-07  1.34583735e-06  3.64966114e-07  9.95782030e-08
 -3.73906504e-06 -1.68867478e-06 -7.55686457e-08  9.04173532e-07
  0.00000000e+00 -1.51814229e-06  0.00000000e+00  0.00000000e+00
 -2.53583339e-06  4.38307466e-07  1.18704112e-06 -8.52843150e-08
 -6.52409289e-07  4.48196653e-07 -1.94279938e-07  4.11013091e-07
 -1.70863270e-06 -1.24533493e-06 -9.15749381e-07  4.21137303e-06
  0.00000000e+00  0.00000000e+00 -3.51103742e-06  6.83596623e-07
  0.00000000e+00  1.09345614e-06  2.31790768e-06 -4.11006486e-06
  0.00000000e+00  0.00000000e+00  1.23943695e-06  0.00000000e+00
 -1.47722984e-06  0.00000000e+00  0.00000000e+00  1.98321831e-07
  3.03170409e-06  5.36455148e-08 -6.21063803e-07 -8.00241013e-06
  1.36786158e-06 -2.57732864e-06  2.01936365e-07  1.63414431e-06
  8.18037970e-07  2.28003326e-07  9.06290666e-08  5.49682595e-07
  2.83715131e-06  1.18055063e-06 -3.49704119e-07 -3.95976442e-07
 -2.42318421e-07  1.26642011e-06  1.72410728e-06  1.40091569e-06
  0.00000000e+00 -1.82724029e-06  0.00000000e+00 -9.39565009e-07
 -1.06177198e-06 -2.56958740e-07  2.83222378e-06 -9.88090207e-07
  2.11569130e-06 -7.56319644e-07 -3.53641983e-07  0.00000000e+00
 -4.16842245e-07  0.00000000e+00 -7.70572069e-07 -3.78871342e-06
  2.57458976e-06  5.66171688e-07  8.21451150e-07 -7.63960314e-07
  5.60199220e-07 -7.05912222e-07  0.00000000e+00  2.22319324e-06
  2.05013443e-06  1.07238540e-06  0.00000000e+00  1.62449388e-06
 -1.32346154e-06  0.00000000e+00  0.00000000e+00 -2.36581674e-06
  0.00000000e+00  1.85097353e-06  2.88960664e-07  0.00000000e+00
  1.81299173e-06 -3.45413329e-06 -5.73297201e-07  5.89831128e-07]","[-153.65890076 -157.22128023 -158.26820426 -156.51435682 -156.91237421
 -154.85465076 -156.61313081 -153.89879317 -154.85248389 -156.76548618
 -153.36795857 -154.40927336 -154.60192257 -154.53803788 -153.71894308
 -157.72572051 -156.19696849 -156.06653474 -155.5727777  -155.79259124
 -155.2086494  -156.47783827 -158.02702294 -157.74608327 -155.8888058
 -154.72328573 -156.15460154 -157.36538114 -155.32520504 -154.60697047
 -156.97141579 -153.70390926 -154.41731582 -154.40927336 -156.2048771
 -154.40927336 -157.10431038 -155.37440838 -153.4258748  -155.90318993
 -155.73577508 -154.9667511  -155.80696334 -157.73170709 -156.37367396
 -155.8386705  -156.12407361 -154.99176316 -158.56545567 -155.10881092
 -155.86878808 -154.40927336 -156.24930673 -155.43270964 -157.05863626
 -155.4410862  -156.20252523 -158.75071453 -155.79479016 -159.09585577
 -155.03268601 -156.09148035 -154.85248389 -155.88251322 -155.64037526
 -157.53251187 -155.34882811 -156.66325657 -155.23651727 -154.78053998
 -157.62734086 -155.03268601 -155.05537042 -153.4258748  -157.46796873
 -154.82603283 -157.12160443 -158.49278838 -157.80161702 -155.28095519
 -157.39801031 -156.65898096 -154.85248389 -155.88743738 -154.84467192
 -156.51142199 -155.03268601 -154.73437115 -157.41820073 -155.78435125
 -155.08420018 -157.69889338 -153.4258748  -156.84079521 -155.06510564
 -153.36795857 -157.06174694 -156.96629924 -156.39285811 -155.89763953]",0.281
129,0.2943994105238682,"[ 0.00000000e+00  0.00000000e+00  1.23661509e-06  0.00000000e+00
 -3.58409385e-08 -1.18767029e-06 -1.26695365e-06  4.80975030e-07
  1.09941916e-06  5.78282616e-07  0.00000000e+00  3.93735693e-07
  8.98620196e-07 -6.80712670e-07 -8.15448248e-07 -5.14386951e-07
  2.03737832e-06 -6.89128523e-07  0.00000000e+00  0.00000000e+00
 -2.53223900e-06  0.00000000e+00  3.94026042e-06 -2.92966196e-06
  0.00000000e+00  1.61590236e-06 -2.79609566e-06 -2.48834901e-06
  0.00000000e+00 -1.44814960e-06 -1.91522751e-06  5.07599313e-07
  1.00675128e-06 -3.08444504e-07  1.45126236e-07  8.54869678e-07
 -1.89759245e-06 -2.48724794e-06  1.54847793e-06  0.00000000e+00
 -1.34470082e-07  0.00000000e+00  0.00000000e+00 -5.97081552e-06
  2.84538105e-07  1.47834515e-06 -9.30571159e-07  0.00000000e+00
 -3.29905865e-07  0.00000000e+00  1.92764234e-06  1.43510880e-06
  2.46888489e-07  2.73838931e-07  1.78084472e-06  0.00000000e+00
 -7.47691651e-07  1.99077904e-06  9.09670025e-07 -4.14141762e-07
  2.84535951e-06 -3.57535855e-07  3.63549230e-06  0.00000000e+00
 -2.54905006e-06  1.98874602e-06  0.00000000e+00 -3.11374748e-06
 -2.78925811e-06 -6.02211306e-07 -1.58788017e-06 -1.76333517e-07
 -2.27941094e-06  0.00000000e+00  0.00000000e+00 -3.76365258e-06
  1.57612555e-06  0.00000000e+00  2.76173743e-07  3.00902242e-06
  2.17597778e-06 -1.55572355e-06 -1.71578380e-06  0.00000000e+00
 -5.67621343e-07  0.00000000e+00  0.00000000e+00 -4.85523475e-08
  1.40925065e-06 -2.32156564e-06  2.10749064e-06 -3.38239255e-06
  4.08704113e-06 -6.13015334e-08 -3.09549898e-06  0.00000000e+00
  0.00000000e+00 -1.64103189e-06  9.14671798e-07  4.18975417e-06]","[-155.03268601 -154.84467192 -156.79186917 -154.40927336 -156.92601208
 -157.67948811 -157.09117994 -156.34705585 -156.94014832 -155.25680958
 -154.40927336 -156.80805981 -158.32484494 -158.45661369 -155.21943988
 -157.88342671 -155.09510944 -154.51636079 -154.85248389 -154.40927336
 -155.04744415 -153.70390926 -156.74975417 -157.28741368 -155.86878808
 -155.20760087 -156.76339057 -154.45634931 -153.4258748  -155.13545941
 -156.60873362 -154.44372395 -157.35666071 -156.65165421 -157.51412875
 -154.40642217 -159.22458271 -157.55614787 -154.6110664  -154.41731582
 -157.61635484 -153.4258748  -154.53803788 -158.4004396  -157.63824168
 -157.42495501 -154.64364226 -153.71894308 -154.89295364 -155.03268601
 -157.70001059 -161.2591938  -154.93896559 -156.05198644 -155.00699905
 -154.73437115 -158.61766156 -156.05560659 -156.0247907  -155.05389534
 -159.29819078 -156.48656583 -158.09632466 -154.40927336 -155.61668677
 -156.44970602 -154.40927336 -155.97869164 -154.94755999 -155.94469335
 -155.56848286 -156.17086017 -156.81217611 -154.40927336 -155.03268601
 -157.32379693 -158.52392001 -155.79479016 -155.66706904 -156.70801048
 -158.20908299 -155.65660803 -155.58502164 -154.53803788 -155.85379181
 -154.41731582 -153.4258748  -155.30791553 -155.83825102 -156.05276061
 -156.31859287 -155.01392739 -156.37788625 -156.63840415 -156.23015712
 -154.40927336 -154.53803788 -158.1177419  -157.60103464 -156.82593437]",0.25999999999999995
130,0.287981156004752,"[ 1.62238166e-06  0.00000000e+00 -3.78846481e-07 -2.12941526e-06
 -1.46263588e-06 -5.18877921e-07 -1.31555313e-06  0.00000000e+00
  2.99448244e-07  1.00694619e-06  0.00000000e+00 -5.59076868e-07
  4.84248796e-07 -2.14979318e-06  0.00000000e+00 -1.20281738e-06
  1.87075434e-06 -4.36412564e-07  2.18920071e-06  1.86475368e-06
 -1.04004300e-06  2.85252245e-06 -3.37535879e-06  1.19743705e-06
  7.83658137e-07  1.43121340e-06  0.00000000e+00  5.00146799e-06
  3.27896629e-06  0.00000000e+00  1.70215983e-06 -1.72015423e-06
  0.00000000e+00 -2.23088470e-06  2.46670960e-07 -8.61197704e-07
  4.06135850e-07  6.77406442e-07 -4.27052175e-07  2.03175542e-06
 -1.07163060e-06  1.99428217e-06 -3.52004064e-07 -3.00651889e-06
  2.14063198e-06 -6.43116338e-07 -8.72419145e-07 -1.72967360e-06
  0.00000000e+00  1.24319348e-06  0.00000000e+00  1.76831141e-06
  1.80634382e-06  1.28159506e-06 -1.78484998e-06  3.23049158e-06
 -2.23747304e-06 -2.84404753e-06 -1.92963022e-06  2.25195683e-06
 -6.83300951e-07 -2.71284476e-07 -1.35453688e-06  1.28942570e-07
  7.09529562e-07 -3.17060306e-07 -1.81317066e-06 -9.12678095e-07
 -1.23546722e-06 -5.60767779e-07  0.00000000e+00 -1.15711635e-06
  4.08429644e-06  4.84437387e-07  7.96570687e-07 -2.39524400e-07
  8.70372875e-07  1.14402156e-06 -2.11646114e-06  2.35380425e-06
  1.25461115e-06 -3.22528465e-06 -6.59764372e-07  4.13609436e-07
  6.55242273e-07 -3.78624896e-06  8.11651160e-07  0.00000000e+00
 -2.34442960e-06  1.82554852e-06 -6.31631305e-07  1.18025124e-06
  0.00000000e+00 -3.27393561e-06  1.26224077e-06  5.09707860e-07
 -2.37820932e-06 -5.78692422e-07  1.32139136e-06 -3.35989204e-07]","[-156.21350527 -154.94755999 -154.20197302 -156.88585745 -157.61810888
 -156.5772867  -155.89982649 -154.40927336 -155.74108417 -153.70390926
 -154.53803788 -155.73389606 -159.18779869 -155.175871   -155.00699905
 -154.76389239 -155.5221909  -156.02569282 -156.27460606 -155.97797728
 -156.40604742 -155.71861732 -156.94194598 -155.43548234 -155.72884351
 -156.00771333 -154.40927336 -158.3181017  -158.98353775 -153.70390926
 -157.14263661 -153.81355843 -154.93896559 -157.159152   -155.40795231
 -155.35497647 -156.06007764 -155.63090251 -156.47987238 -155.53365859
 -155.58352955 -158.73713135 -156.57651954 -155.65426059 -155.98467072
 -154.66813625 -157.0395163  -154.39030714 -154.40927336 -153.6262723
 -154.40927336 -155.88340657 -158.93346747 -156.25631854 -154.71493352
 -156.56424791 -158.38937791 -157.91380209 -158.49217096 -156.09964311
 -154.52242529 -155.87435296 -155.43739898 -154.73755373 -157.14074141
 -155.40725888 -154.32131302 -156.1338935  -155.16854307 -157.11864475
 -154.40927336 -156.18482799 -157.34937389 -156.29985301 -156.48766893
 -156.47321586 -157.16587791 -155.39626671 -155.95022276 -158.70019648
 -154.58908454 -158.55191466 -157.33522198 -157.16503093 -158.18793143
 -155.04111507 -157.44603105 -155.09510944 -155.43306182 -156.70784791
 -157.49022051 -156.255906   -154.53803788 -158.77126278 -153.0285375
 -154.51443843 -154.84298284 -154.89016416 -156.39130886 -156.29977328]",0.308
131,0.2830799227014761,"[-2.62639970e-06 -7.37511537e-07  1.58081530e-06  1.08951793e-06
  3.56287015e-06  1.11220590e-06  3.18376806e-06  7.31073785e-07
 -1.78651636e-06 -7.07666209e-07 -1.20394865e-06  1.19126395e-06
  8.14758070e-07  1.06848745e-06  2.22038824e-06  1.61751210e-06
  9.15194432e-07 -3.24140531e-07  5.79148780e-07  7.94849143e-07
  2.39850695e-07  4.05209510e-06 -2.17424117e-06 -1.67906381e-07
  1.54395045e-06 -5.28399029e-07  0.00000000e+00  1.77635414e-06
  1.76767885e-06  2.48409338e-07  4.68015711e-07  3.32230241e-06
 -1.39638025e-06  1.16359008e-06 -6.87396541e-06 -3.93912646e-06
  2.90387645e-07  1.12542317e-06  0.00000000e+00  0.00000000e+00
  1.17747063e-06  4.13125223e-06  2.05921211e-08  4.73533530e-07
  0.00000000e+00 -6.65079612e-07  9.03334362e-07 -2.22217216e-07
  0.00000000e+00 -5.11176477e-07  4.37578956e-06 -6.18906067e-06
 -6.18212069e-07  1.95601505e-06  1.98822118e-06 -1.07704208e-06
 -2.14583614e-07  1.40384264e-06  9.37412573e-07  0.00000000e+00
  2.03460695e-06  6.48797090e-07  1.42567096e-06 -7.81801434e-07
  3.70721159e-06 -2.63736849e-06 -1.15306644e-06  8.21185303e-07
 -1.79646060e-06 -1.23430337e-06  3.20274307e-07  1.45121555e-07
  0.00000000e+00 -3.56271930e-07 -5.25150890e-09  1.70143933e-07
  0.00000000e+00 -2.11765615e-06  1.10899652e-06 -1.93540756e-06
  1.55768205e-07  4.27479663e-07  0.00000000e+00  7.39346604e-07
  0.00000000e+00  0.00000000e+00 -2.59279809e-08  3.66702197e-07
 -7.20849345e-07  0.00000000e+00  3.53366226e-06  1.07937112e-06
  8.45877600e-07 -1.76276836e-06 -1.64318891e-06 -4.27513812e-07
 -8.16544475e-07  1.92132258e-06 -3.39082910e-07  1.32814710e-06]","[-156.86352456 -154.9485425  -156.77844941 -155.62426362 -156.06934126
 -155.70327525 -156.60384409 -157.81078227 -155.11700262 -157.58483183
 -154.07861066 -156.30213746 -155.22457443 -157.14131217 -153.50805942
 -157.24215678 -156.66588654 -156.2316087  -155.72131382 -154.02286287
 -154.93582118 -157.32409396 -158.43119962 -157.09761906 -157.10312504
 -156.83980515 -155.16854307 -156.69395572 -155.18902866 -154.91636975
 -155.46929283 -156.34303603 -155.23162638 -158.05781526 -158.93601549
 -156.47361712 -154.81430712 -155.44039123 -155.16854307 -154.51443843
 -157.48532231 -155.44741813 -157.80363093 -156.15068618 -155.63090251
 -154.71043962 -155.61060821 -157.327545   -154.53803788 -155.14242787
 -154.44964266 -158.14403612 -155.43467808 -158.28835243 -156.03896567
 -155.5195666  -155.91609402 -155.80188532 -156.04662064 -156.255906
 -156.62960973 -156.74564652 -156.88212641 -155.24095013 -157.92367842
 -159.7365653  -156.02910876 -157.24531341 -154.70711126 -156.83463427
 -154.86008861 -156.48560416 -155.98467072 -156.56654561 -156.04381751
 -156.84240406 -154.89016416 -156.36503605 -156.02983575 -156.48381676
 -157.10171117 -155.8837386  -154.58908454 -159.57325517 -155.65426059
 -155.16854307 -159.22659623 -154.92417581 -154.42758464 -155.16854307
 -156.46301754 -157.46624534 -156.02724247 -158.2020063  -158.24964949
 -154.99977545 -156.74922842 -156.78383744 -155.21937662 -156.5373775 ]",0.31300000000000006
132,0.2788953445707852,"[ 1.70832112e-06 -3.57332383e-07  3.15453556e-06 -6.75432768e-07
  1.56631382e-06 -1.20406751e-06 -3.46372154e-06 -2.07350250e-06
  0.00000000e+00  8.19783143e-07  6.95197611e-07 -1.94060470e-06
 -1.28815489e-06  1.89650177e-06  0.00000000e+00  1.92146291e-06
  3.23086206e-07  0.00000000e+00  2.35741784e-06 -2.92719163e-06
  8.92427139e-07 -2.57945708e-06 -3.58208252e-06  5.72904767e-07
  1.46108909e-06 -1.25615906e-06  0.00000000e+00  1.56955394e-06
  9.00770431e-07  1.23096596e-06 -7.20578243e-07  0.00000000e+00
 -1.22856454e-06  0.00000000e+00  6.29996216e-07  2.05803255e-06
  2.54872106e-07  1.93008082e-06  5.96330916e-08  4.19441373e-07
  1.38976497e-06  7.50750643e-07 -1.74622374e-07 -1.60992659e-06
  1.65592359e-06  1.05950448e-06  1.05421224e-06  1.74225023e-06
  0.00000000e+00 -2.83787341e-06  8.42276408e-07  2.06367363e-06
 -1.33747898e-06  5.58998892e-07  9.37500154e-07  0.00000000e+00
  4.77019334e-08 -3.02574038e-06  4.17933006e-07  0.00000000e+00
 -5.26515345e-07  0.00000000e+00  1.09829115e-06  1.75318779e-06
 -1.02566306e-06 -2.79456927e-07 -8.63833500e-07  1.97444025e-06
 -2.93376785e-07 -1.24839676e-06 -1.47763091e-06 -3.69796936e-07
  0.00000000e+00 -9.67186301e-07  6.32889213e-07 -7.02928219e-07
 -1.63488352e-06 -9.37170544e-07 -1.04854347e-06  2.30364766e-07
  1.62839346e-06 -3.47368435e-06  5.87402314e-08  6.38502159e-07
  0.00000000e+00  1.82149005e-07  1.12633291e-06 -3.73284055e-07
 -3.20773153e-08 -1.44108053e-06  2.06623646e-07 -9.90871354e-07
 -2.04748392e-07  8.45598712e-07 -1.99460895e-06  2.26896450e-06
 -3.84221614e-07 -1.96594709e-06  1.05538678e-06 -2.28472186e-06]","[-155.92141504 -155.27402566 -155.71063267 -154.48055489 -156.20559113
 -156.63332583 -157.02115342 -157.16657977 -156.04381751 -156.65116997
 -156.74862992 -156.36245313 -154.82102952 -160.09180124 -155.16854307
 -153.83481539 -155.61060821 -155.18902866 -158.10427779 -156.44481926
 -156.2971529  -158.28064697 -156.80576791 -157.07382596 -156.30817234
 -155.84026453 -154.02286287 -156.60033089 -155.18902866 -155.13195843
 -158.09421443 -154.9485425  -158.47646531 -156.04381751 -155.71867402
 -156.85790717 -156.73109534 -158.01566622 -153.83246101 -156.47919029
 -157.97511163 -155.67801478 -160.67870303 -156.03216812 -155.21759451
 -157.13485272 -154.83415945 -156.45307493 -154.02286287 -157.89364595
 -155.50400888 -154.48978681 -155.76438442 -154.10917659 -158.45754102
 -154.99977545 -157.75521241 -153.25876019 -154.32227125 -154.71043962
 -156.15613837 -155.16854307 -155.78958611 -153.31958675 -155.00502616
 -157.35433933 -154.39962464 -155.18130961 -156.37874559 -155.87464777
 -157.25510506 -154.74742601 -154.71043962 -155.97632001 -155.18248702
 -155.21937662 -154.53887843 -156.31854318 -157.16418225 -154.92914129
 -156.00950448 -156.88261998 -160.94024918 -155.8482672  -154.42758464
 -156.00933365 -157.73679437 -156.30977552 -156.21228845 -159.0245932
 -155.94965559 -155.12541927 -156.28769813 -155.67400704 -155.83751176
 -157.71866487 -157.20620667 -155.89979473 -156.96503736 -156.49030071]",0.294
133,0.2751492897369058,"[-8.85776044e-08  0.00000000e+00  8.69356360e-08  8.86864049e-07
  0.00000000e+00 -3.15892370e-07  2.60802170e-08  3.33934543e-07
 -1.13483005e-06  8.43299719e-07 -2.45151681e-07 -2.35501958e-07
 -4.94910200e-08 -6.10036662e-07  2.01188518e-07 -1.42115627e-06
  1.01050917e-06 -2.52111660e-07 -3.36262001e-06 -4.17167718e-06
 -1.35100778e-06  1.49637255e-06  3.46436222e-06 -2.10643760e-06
 -1.89089622e-06  7.02377772e-07 -1.86373889e-06 -1.38011360e-06
 -7.62506391e-07 -1.13240763e-06  7.56678702e-07  2.83381385e-07
  0.00000000e+00 -2.91896460e-06  0.00000000e+00  0.00000000e+00
 -1.00889395e-07 -2.73225542e-07 -4.50580550e-06  8.95989007e-08
 -1.21571731e-06  1.46767255e-06  0.00000000e+00  1.49975509e-06
  1.60889342e-06 -2.57665747e-06 -5.02565555e-07  0.00000000e+00
  0.00000000e+00  0.00000000e+00  0.00000000e+00 -2.61462562e-07
 -2.07532238e-07 -2.18317076e-06  7.67139512e-07 -7.43688889e-07
  4.50460346e-07 -3.79437073e-07 -4.48481406e-07 -1.89336342e-06
  9.27099887e-07 -4.02953891e-08  1.60746505e-06  2.02040533e-06
  0.00000000e+00 -3.08903658e-06 -8.01777928e-07 -1.76141285e-07
 -4.19209888e-07 -9.35816210e-07  1.40722997e-06  2.22714640e-06
  2.36844953e-07 -5.62053311e-08  4.75032160e-07  1.27753777e-06
  1.92705774e-06  8.79087522e-07  1.34519064e-06  8.10135449e-07
  9.18840405e-07 -2.81321213e-06  1.63563814e-06  3.79246199e-06
 -4.84807900e-07  2.66591313e-06  0.00000000e+00  0.00000000e+00
  0.00000000e+00  0.00000000e+00 -2.50870752e-06  0.00000000e+00
  8.22722993e-07 -4.19001888e-07 -4.04684391e-06  3.26163182e-06
  1.17496911e-06  0.00000000e+00  7.63216623e-07 -1.47557821e-06]","[-154.98407366 -153.83481539 -157.78142457 -157.92212728 -154.92914129
 -154.48055489 -158.33933377 -156.20678229 -155.08878929 -155.67604072
 -157.17171354 -155.55387628 -156.2376209  -156.35659254 -155.21759451
 -155.96687981 -156.64439211 -154.22756815 -157.75303505 -154.98810051
 -157.47624795 -155.59942556 -156.14858376 -155.73159524 -160.04167201
 -155.1007181  -158.95291903 -156.6140168  -156.35480953 -156.95581367
 -155.23427393 -154.86889533 -155.71867402 -157.64930811 -155.16854307
 -154.92914129 -157.38643966 -155.86310813 -157.24361572 -154.76040201
 -155.18248702 -156.80523639 -154.53887843 -157.89216971 -155.55156129
 -155.24407363 -154.39496106 -153.31958675 -155.16854307 -154.53887843
 -154.92914129 -157.71887772 -156.85391779 -156.86010395 -154.41491085
 -156.04745635 -154.44013994 -155.35627866 -156.73240184 -154.84066641
 -154.17119202 -155.84055155 -158.56657517 -156.44454613 -155.16854307
 -155.76203542 -153.09704364 -156.37990845 -155.94627419 -157.08143102
 -157.40051128 -157.6287943  -158.3836709  -157.05905875 -157.602101
 -155.66469206 -156.01753942 -156.3032408  -155.7534414  -155.61871216
 -155.69459084 -156.19935942 -154.26634331 -158.03536631 -156.9876232
 -155.04090168 -155.18902866 -154.92914129 -154.53887843 -154.02286287
 -155.34866439 -155.76438442 -155.11701904 -156.47495505 -156.59673503
 -157.75831621 -156.16752578 -156.04381751 -157.14969889 -155.2005068 ]",0.261
134,0.2700899454556558,"[ 0.00000000e+00 -4.29290149e-06  1.82238234e-06  6.81180135e-08
  0.00000000e+00 -1.32607866e-06  0.00000000e+00 -3.28727296e-06
  2.94057475e-07  8.13102083e-08  2.70166048e-06  2.44224022e-06
  0.00000000e+00  2.13817329e-06 -8.74209277e-07  0.00000000e+00
  1.24576847e-07  7.60513333e-07  4.70162176e-06  4.23118805e-07
  1.88868609e-06 -3.10574806e-06  0.00000000e+00  0.00000000e+00
  3.59426051e-06  5.04137118e-07 -2.82902047e-06  0.00000000e+00
  0.00000000e+00  2.59371471e-08  3.21842874e-06  5.00870304e-07
 -3.33502530e-06 -3.84185230e-07  8.32031213e-07 -1.79059912e-08
  1.05685724e-06  0.00000000e+00 -1.15048762e-06  2.58581750e-06
  1.81786159e-07  1.81407366e-07  1.76519654e-07 -5.55905758e-06
  0.00000000e+00  0.00000000e+00 -1.45797499e-06  2.46780921e-07
 -1.05679760e-06 -1.77745344e-06  0.00000000e+00  1.99417456e-06
 -3.49345686e-07 -1.18942201e-06 -2.98700201e-06 -1.39765268e-06
 -1.88275823e-06 -8.85903671e-08  0.00000000e+00 -8.51121227e-07
  0.00000000e+00 -8.40909398e-08  4.81589291e-07 -3.85438499e-06
  5.61223508e-07 -3.06359781e-06  1.89868205e-07 -5.76768656e-07
 -3.74899624e-06  6.78011688e-07  0.00000000e+00  6.23044109e-07
  0.00000000e+00  4.49235488e-08 -3.95900249e-06 -8.26143150e-11
  0.00000000e+00 -1.91070365e-07  0.00000000e+00 -2.93128570e-07
  0.00000000e+00 -9.08411387e-07 -1.10407869e-06  5.08930423e-07
  0.00000000e+00 -1.05451745e-06  0.00000000e+00 -2.29777309e-06
  1.35958778e-07  0.00000000e+00  6.69076171e-07 -1.21889735e-06
  2.45638566e-06  0.00000000e+00  4.26826631e-06  1.82112383e-06
  1.81303281e-06 -1.59847086e-06 -6.01011036e-06 -6.23725168e-07]","[-153.09704364 -155.07614741 -155.6038177  -155.30406703 -155.34866439
 -155.396962   -154.53887843 -158.91058191 -157.18164193 -157.69157786
 -155.17256638 -157.02698288 -155.76438442 -157.10962163 -155.48938308
 -154.39496106 -156.40568727 -158.31372999 -157.79991558 -156.79813738
 -156.37868865 -157.2481849  -154.26634331 -154.92914129 -157.98226845
 -156.41676145 -155.55627542 -154.76040201 -155.55387628 -156.70854675
 -156.28005111 -157.25534323 -154.72027006 -156.35264131 -157.18176455
 -155.86782922 -154.37929895 -154.76040201 -155.46295083 -157.01548409
 -157.25897286 -157.18319355 -154.01517853 -158.69478402 -154.76040201
 -154.53887843 -157.03105797 -154.68311773 -155.78504199 -154.88559223
 -154.53887843 -156.03300078 -155.41114931 -155.32841616 -158.68925391
 -156.49918733 -156.1069895  -157.32255685 -154.53887843 -156.24722676
 -155.71867402 -154.99527801 -155.42423124 -156.50465887 -154.10447539
 -157.91233892 -153.50309469 -154.75562678 -157.14613206 -155.56504828
 -154.76040201 -156.40582606 -154.48055489 -154.69682349 -157.64841613
 -154.65747228 -154.92914129 -154.87413252 -154.39496106 -157.89968584
 -155.2005068  -154.92914129 -157.48950543 -157.46312629 -154.53887843
 -156.27922413 -156.37990845 -154.98153796 -155.71976428 -154.22756815
 -157.10004304 -155.61338561 -156.71684789 -154.22756815 -155.76900661
 -158.23751996 -154.83350007 -154.65700468 -157.95809172 -154.76040201]",0.233
135,0.26550813023915565,"[ 1.59175144e-06  1.24790037e-06 -2.06581892e-06  0.00000000e+00
 -3.96627825e-06 -3.00213571e-06 -7.06674956e-07  1.53921618e-07
  0.00000000e+00 -7.93237143e-07 -3.36505861e-06  0.00000000e+00
  2.97804539e-07  7.38910851e-07  1.89229265e-06  0.00000000e+00
 -1.23434638e-06  0.00000000e+00 -1.43172426e-06 -9.05552353e-07
 -8.47617683e-07  1.06942442e-06 -5.68619753e-07  0.00000000e+00
 -4.59255732e-07  1.52545758e-06 -6.14243325e-07  1.32440123e-06
  8.67620880e-07  7.51406528e-08  1.18201416e-06 -9.07445003e-07
  1.00099226e-06  0.00000000e+00  0.00000000e+00  0.00000000e+00
 -6.03985561e-07  0.00000000e+00  3.30901925e-07  1.14861798e-07
 -2.09385136e-06  2.35701353e-06  1.12270602e-06 -2.25784925e-07
  8.37044354e-07  2.31987552e-07 -2.83201820e-07 -1.67906528e-06
 -1.81286953e-06 -2.81808579e-06  0.00000000e+00  1.09334846e-06
  4.02394965e-07  9.23847852e-08 -6.58121641e-06  0.00000000e+00
 -8.50737739e-07  0.00000000e+00  9.32975994e-07  1.84370202e-07
  0.00000000e+00  0.00000000e+00 -1.79775876e-06 -1.17319372e-06
 -2.91784412e-07  2.74641512e-07  3.66884010e-07 -1.89915382e-06
 -1.25677572e-06 -2.90579075e-06  1.33946090e-06  2.28633692e-07
  3.90144021e-08 -8.67073713e-07  0.00000000e+00  6.62455968e-07
  1.60326441e-06  6.65969705e-07  2.01413378e-06  2.35682030e-06
 -1.45382217e-06  2.03931164e-06 -4.76081750e-06 -1.16440800e-09
 -1.98461044e-06  4.32960507e-06  5.51142999e-07 -4.43990894e-07
 -1.01238078e-06  5.67211561e-07  5.80926237e-06 -1.68230463e-06
  2.06525746e-06 -7.39610732e-07 -2.01775493e-06  1.12029712e-06
  8.53713827e-07 -1.54057636e-07  5.44030186e-07  1.37335604e-06]","[-156.57813516 -156.87617885 -154.76040201 -154.37929895 -157.10108208
 -158.81995344 -156.65277539 -156.7887047  -154.53887843 -156.72384852
 -156.97829498 -154.37929895 -156.49918733 -156.31073103 -157.92045629
 -154.53887843 -157.41897088 -154.98153796 -155.56066223 -157.39829144
 -154.60656737 -158.57637611 -154.05540184 -154.83350007 -155.58943546
 -156.78161139 -156.27680396 -157.33773338 -157.52258352 -155.69781853
 -156.68549041 -156.02412637 -155.10880777 -154.53887843 -154.98153796
 -154.65747228 -153.90358883 -155.61338561 -154.96444708 -156.41340102
 -156.60144286 -154.81897281 -157.15884049 -155.3321858  -154.13649408
 -155.24676495 -156.36723958 -155.01243787 -156.62336634 -153.31241791
 -155.07614741 -157.29406523 -158.12455502 -157.94651118 -156.66531626
 -155.61338561 -157.5853517  -154.37929895 -155.98801889 -157.6031753
 -154.98153796 -154.37929895 -158.05927496 -155.52781986 -158.48884495
 -154.98153796 -154.53266897 -154.13278927 -155.79315267 -155.22784484
 -157.8865476  -158.07811209 -154.33457509 -157.19264233 -155.2005068
 -153.76799554 -154.93084915 -155.30867338 -155.94437658 -157.31751355
 -155.69703812 -153.57187416 -154.9798446  -157.3143036  -156.27564775
 -158.20389039 -155.42140665 -157.26182501 -155.73259223 -156.38562867
 -159.2562364  -158.80683842 -155.43862902 -155.52932299 -156.77385029
 -154.53887843 -159.60218253 -157.14422844 -157.67746962 -154.74832144]",0.27
136,0.2615041194701796,"[ 1.30252571e-07  1.39171823e-06  3.26019016e-06  2.67721311e-07
  1.12336268e-06  6.86491192e-07  5.76814432e-07 -1.66818289e-06
  1.66800935e-06  0.00000000e+00 -2.92575340e-07  1.46441954e-06
  0.00000000e+00  1.09954826e-06  0.00000000e+00 -2.05967443e-06
  4.22839499e-07  6.20100815e-08 -8.27219619e-07 -4.80324661e-07
  1.04628080e-06  0.00000000e+00 -3.58014063e-07 -1.66050163e-06
 -3.51130676e-06  5.35193948e-07  0.00000000e+00 -1.82478141e-08
 -7.46857288e-08 -1.62937692e-06 -7.30064995e-07  4.75888508e-08
  1.40774073e-06 -1.67570487e-06  2.64817116e-06  0.00000000e+00
 -1.12237342e-06 -2.29096094e-07  1.57868792e-07  8.54348448e-07
 -2.19681489e-07 -1.24650156e-06  0.00000000e+00  1.15865688e-06
  9.44710959e-07  2.27254164e-06 -4.77156194e-09  1.09940110e-06
  0.00000000e+00  1.71478931e-06  0.00000000e+00  0.00000000e+00
  1.12461726e-06  6.77211053e-07 -1.55953744e-06 -2.69039197e-07
  2.21500829e-06  0.00000000e+00  5.12068319e-06  7.73300533e-07
 -1.90016880e-06  9.52789245e-07 -1.52529307e-06 -2.11400085e-06
  7.60876933e-07 -1.69493303e-07 -5.42563761e-06  3.10568955e-06
  1.38186084e-06  3.73266043e-07  0.00000000e+00 -1.99754076e-06
  0.00000000e+00  0.00000000e+00  4.31024401e-06 -8.69925744e-08
 -1.45147306e-07 -5.33818065e-07 -2.73698471e-06 -1.59749070e-06
  0.00000000e+00  1.19851162e-06  0.00000000e+00 -1.61142397e-07
  7.68390852e-07  0.00000000e+00  2.58892996e-06 -1.15712498e-06
 -7.07547193e-07  0.00000000e+00 -6.87184711e-07  0.00000000e+00
 -4.01094653e-06 -1.25422842e-06 -1.08154363e-06  0.00000000e+00
  1.55202940e-06 -5.01147619e-07 -1.88446441e-06 -2.84507523e-06]","[-156.21533138 -156.60656004 -156.00616726 -157.07606    -154.70595722
 -157.60715242 -156.09051084 -159.95048072 -155.4914291  -154.37929895
 -155.63940236 -156.38272296 -154.13278927 -155.9743193  -153.31241791
 -155.47354909 -155.05267385 -155.12761054 -158.6098185  -155.96687736
 -156.92240295 -154.53887843 -156.28984704 -155.47380067 -154.90577921
 -157.13134939 -154.76040201 -155.25595499 -155.86963995 -156.95589886
 -155.57201896 -155.65380859 -156.15274604 -155.95851702 -155.48068349
 -154.98153796 -155.08418119 -157.58268061 -156.5181321  -155.70408455
 -155.61233404 -155.95299903 -154.93084915 -156.41485841 -154.20976472
 -156.20432618 -156.51426354 -155.0933532  -153.90358883 -154.71072971
 -155.22784484 -154.81897281 -154.47581425 -158.02482844 -156.47994877
 -154.76759869 -156.57683966 -153.90358883 -156.48795733 -156.20435683
 -156.26142554 -155.52508756 -157.16483347 -155.15196997 -155.13059925
 -155.32230816 -159.94718215 -156.28873663 -157.33318079 -156.52443619
 -153.90358883 -157.85960865 -154.53266897 -154.93084915 -158.57801069
 -156.60314793 -155.5287979  -155.50210851 -156.31367456 -156.06696914
 -156.27680396 -157.11470203 -154.98153796 -155.56540783 -157.96977022
 -154.13278927 -157.90905534 -156.43000929 -156.88770151 -153.76799554
 -152.71923643 -153.76799554 -155.85382931 -157.13948791 -155.01708998
 -154.81897281 -157.24728624 -157.24922546 -156.65532877 -159.11656902]",0.26899999999999996
137,0.2575647734826897,"[-1.12260212e-06 -1.96114327e-06  1.89017646e-06  0.00000000e+00
 -3.92477775e-06  1.21504582e-07 -5.98379151e-07 -5.90549702e-07
 -4.08493386e-06  1.05129867e-06 -1.89193616e-06  0.00000000e+00
 -4.50640948e-06  0.00000000e+00 -2.64480542e-06 -5.87435324e-07
 -5.87860165e-07  2.26037356e-07 -6.36468959e-07  2.30084279e-06
  1.04737335e-06  0.00000000e+00  8.04405430e-08  4.14202051e-06
 -1.25085362e-06  1.10425905e-06  4.35081065e-07 -3.44164399e-06
 -5.70546125e-07  9.14016852e-07  1.45864314e-06  2.58834253e-06
 -1.53255119e-06  0.00000000e+00  6.71751604e-07  0.00000000e+00
  0.00000000e+00 -6.66040433e-07  3.11083732e-06  0.00000000e+00
 -1.18032359e-06 -4.04693134e-07  4.88476728e-06  8.93534089e-07
  3.48791208e-06  4.46885792e-07 -1.15528745e-06  2.22097775e-06
 -8.04584197e-07 -1.73312987e-07 -7.37744203e-07  2.19424393e-06
  2.11174336e-06  0.00000000e+00  7.29580399e-07 -1.03406569e-06
  1.60370729e-07 -2.79522440e-07  1.34689848e-06  1.84975823e-07
 -4.66017860e-07  8.07906789e-07  7.61078589e-07  1.18261013e-06
  0.00000000e+00  1.74855617e-06 -3.85639680e-07  0.00000000e+00
 -4.18813901e-07 -2.43266514e-07  2.10352277e-06  1.24972771e-06
 -2.84906720e-06  1.34339786e-07 -9.10455840e-08 -4.19078965e-07
 -4.12245290e-07 -3.22217458e-06  0.00000000e+00  0.00000000e+00
  0.00000000e+00 -2.84832470e-06  4.79315736e-07  0.00000000e+00
  0.00000000e+00  1.97329210e-06  7.58498876e-07 -1.03507767e-06
  8.85057297e-07  3.34395596e-06  0.00000000e+00 -2.05974755e-06
 -4.71534264e-06  4.50977533e-07  8.86948614e-07  0.00000000e+00
  0.00000000e+00  0.00000000e+00  6.68817430e-07 -2.75935423e-06]","[-159.68796105 -156.21225997 -155.4914291  -154.81897281 -156.22668058
 -155.07056955 -155.66121487 -154.644362   -156.66746666 -156.9994706
 -155.47888021 -155.65380859 -157.70897742 -155.86963995 -156.04845947
 -157.24922546 -156.49451299 -154.96216971 -156.59655526 -156.24612075
 -155.30748143 -155.4914291  -157.02116279 -155.12625379 -156.40325102
 -158.47096992 -157.24713666 -156.61339208 -156.23186876 -157.05819179
 -153.92919288 -154.93475754 -158.63997581 -155.52508756 -154.31094126
 -155.63940236 -155.13059925 -157.31913715 -156.89651632 -154.47581425
 -156.24745103 -155.25407669 -156.18466468 -157.70498937 -157.2615089
 -155.46437191 -154.70074003 -156.22155136 -155.37374055 -155.29516468
 -160.74067076 -153.48427321 -154.51956653 -155.4914291  -154.29729119
 -153.73149588 -155.59597922 -156.40452939 -157.6534509  -155.77229115
 -157.00546892 -155.52487379 -154.89896009 -157.59191633 -153.90358883
 -158.33720691 -158.00921456 -153.90358883 -155.18839078 -155.31529118
 -157.3521644  -155.93350443 -155.27472124 -155.67647978 -156.13031333
 -154.70847762 -156.8722525  -156.21951275 -155.65380859 -153.90358883
 -154.81897281 -157.50153713 -155.21147326 -153.76799554 -155.63940236
 -156.1696659  -153.43350748 -156.67140755 -157.49010797 -154.71896612
 -153.90358883 -155.01930144 -158.2407734  -155.27394674 -156.20600507
 -155.13059925 -154.70595722 -155.63940236 -154.18959134 -159.00578841]",0.247
138,0.2528541827763159,"[ 0.00000000e+00  0.00000000e+00  3.65436287e-07 -2.22341754e-07
  1.33744368e-06  6.94368564e-07 -1.32462082e-07 -1.48992553e-06
 -1.82986288e-06  1.38059867e-06  7.91953365e-07  0.00000000e+00
  8.20652425e-07 -1.96595652e-07  1.79809553e-06 -2.47912055e-06
 -1.45474457e-06  1.45498747e-06 -1.47914955e-06 -5.79670856e-07
 -1.41172233e-06 -4.56623668e-07 -2.07731302e-06  2.35256821e-07
  0.00000000e+00 -3.13828995e-06 -1.90748962e-06 -4.88048657e-07
  7.63487565e-07  0.00000000e+00  0.00000000e+00  2.22039778e-07
 -1.86247746e-08  8.57780214e-07 -2.18234635e-06  0.00000000e+00
 -2.32044719e-06  0.00000000e+00 -3.53355832e-06 -2.16965049e-06
 -1.79189776e-06 -1.51277141e-06  0.00000000e+00  0.00000000e+00
 -5.30861460e-08 -5.88539066e-07  4.84657388e-07 -9.37159007e-07
 -4.60608351e-07 -1.57390010e-08  0.00000000e+00  9.55923270e-07
  2.75641855e-06  0.00000000e+00  6.41857485e-07  0.00000000e+00
  0.00000000e+00  9.94943437e-07 -7.52074410e-07  0.00000000e+00
  2.21093360e-06 -2.61755456e-06  0.00000000e+00 -3.89514803e-06
 -1.27033016e-06  2.25742670e-06 -5.11355886e-08 -1.55001771e-06
 -8.19183835e-07  4.32356560e-06 -8.65862370e-08  2.01673682e-07
 -1.06831113e-06  1.55952530e-09 -1.96094095e-06 -2.36485314e-07
  2.35175605e-06  1.07486090e-06  0.00000000e+00  9.49954061e-08
  2.55358074e-06 -3.36619237e-06  1.83874203e-06 -9.29566422e-07
 -2.28682460e-07  9.21555611e-07  1.83039551e-06  0.00000000e+00
  2.18513035e-06  2.06941932e-06  0.00000000e+00  9.18633048e-07
  1.60589582e-07  2.27771486e-06  0.00000000e+00 -9.57117452e-07
 -1.48133382e-06 -1.36253227e-06  3.76237281e-06 -1.16622964e-06]","[-153.48427321 -153.48427321 -155.71950557 -158.13980215 -155.77772716
 -157.08848873 -155.03479555 -156.35735977 -153.3212134  -155.76082925
 -155.52083599 -153.73149588 -158.24412976 -154.09488849 -156.91087066
 -157.12303241 -157.03118231 -155.61155241 -157.55375484 -155.13811996
 -154.55267755 -155.960743   -159.32323363 -154.26630367 -153.90358883
 -155.82430436 -155.60638344 -151.80114775 -155.29460277 -153.43350748
 -154.70074003 -153.73591338 -155.29442073 -154.76550554 -156.35715917
 -154.89896009 -157.7253459  -154.29729119 -156.35858058 -156.1173088
 -156.18704299 -155.19701624 -154.18959134 -154.18959134 -158.2688926
 -156.61306864 -157.34013198 -157.18776615 -154.67513359 -155.50754878
 -155.63940236 -156.95618714 -156.43622256 -155.67647978 -156.682785
 -154.644362   -153.73149588 -158.27658941 -155.86963995 -153.73149588
 -156.3608263  -155.69225716 -155.86963995 -156.93569208 -157.63179124
 -156.06461256 -155.33055045 -154.98999718 -155.29079986 -157.24512006
 -156.1866363  -156.41293594 -154.66566583 -155.16984443 -157.56518428
 -155.66121487 -154.80509158 -157.38137591 -154.18959134 -156.19853163
 -155.68649805 -158.07397087 -158.81236667 -157.9721527  -157.10742184
 -157.77434115 -154.33854435 -153.48427321 -159.85896378 -155.10424232
 -154.81897281 -153.26797832 -154.42688265 -157.27883534 -154.81897281
 -155.71475044 -155.67099738 -157.19115734 -157.06628902 -157.76505441]",0.25300000000000006
139,0.24931527676204313,"[ 2.80458343e-07 -8.07128341e-07 -3.52286479e-06  2.72040542e-06
 -3.01751275e-06  1.97046461e-06  0.00000000e+00 -9.47245731e-07
  0.00000000e+00  7.31084878e-07 -5.04592480e-06  2.45956035e-06
  0.00000000e+00  2.18076900e-06  0.00000000e+00  2.30394296e-06
 -3.58788926e-07  8.70129215e-07 -4.62874026e-07 -1.90924704e-06
 -7.95044304e-07 -7.52695722e-07 -1.22219255e-06 -1.21030299e-06
  0.00000000e+00  5.05168771e-08 -2.73946852e-06  0.00000000e+00
  0.00000000e+00  0.00000000e+00  1.19253617e-06  0.00000000e+00
 -2.74752538e-06  0.00000000e+00  2.63649033e-07  1.92038837e-07
  1.13959971e-06 -1.04622278e-07  0.00000000e+00 -1.95825402e-06
 -1.85429150e-07 -2.33243611e-07  0.00000000e+00 -7.25468132e-07
 -2.66328883e-06 -3.12305582e-06 -2.47384506e-06 -2.47430511e-07
  1.59290644e-07  5.11911820e-07  0.00000000e+00 -1.49966377e-06
  1.18572730e-06  0.00000000e+00 -1.43812767e-07 -7.46100375e-08
  1.65538386e-06  1.68181088e-06  1.76348729e-06  0.00000000e+00
 -1.84274221e-06  2.30756427e-07  0.00000000e+00  1.58742251e-06
  4.95330555e-07  2.19405536e-06  1.52321638e-06  0.00000000e+00
  5.99102501e-07 -1.98427510e-06  1.08679363e-06  5.91970200e-08
  7.43390412e-07  3.39363745e-07  6.59789494e-08  1.14528228e-06
  0.00000000e+00 -2.38191325e-06  0.00000000e+00  3.47614879e-07
  2.06773473e-06  0.00000000e+00  0.00000000e+00  2.37575200e-06
  3.87716274e-06  0.00000000e+00 -1.51870436e-06  0.00000000e+00
  5.41781046e-07  1.03908556e-06  0.00000000e+00  4.53511832e-08
 -9.90869011e-07  0.00000000e+00  0.00000000e+00  3.12777516e-07
  0.00000000e+00  3.15632358e-07 -2.99527694e-06 -8.82368317e-07]","[-155.06154682 -154.67316843 -155.26855166 -153.20327682 -157.89258788
 -156.40887071 -154.18959134 -157.25535793 -153.73591338 -155.908964
 -159.16292986 -158.08952391 -154.18959134 -153.7552551  -155.82430436
 -156.96496252 -157.46253604 -155.25560072 -155.75160292 -159.12755677
 -154.04493065 -156.86807828 -156.79026456 -156.14894852 -153.73591338
 -157.11040457 -156.62757535 -154.33854435 -153.48427321 -155.29460277
 -155.81497962 -155.71950557 -156.08816194 -154.18959134 -154.58187233
 -157.48133407 -155.25210508 -155.09424919 -153.73591338 -155.50221156
 -156.10073113 -155.57405182 -153.73591338 -153.96956314 -155.93855672
 -156.72628529 -156.84948662 -157.81304906 -155.19379991 -155.8663218
 -154.98999718 -154.33854435 -158.49230595 -153.73591338 -158.5086242
 -158.97489823 -155.07175702 -155.19916972 -155.24132119 -153.73591338
 -155.82316124 -155.05841234 -154.18959134 -159.17378636 -154.94123873
 -157.99110019 -156.23789635 -153.73149588 -154.509221   -156.99573223
 -156.41606503 -159.12501119 -157.27079394 -157.6391735  -155.04796731
 -158.64507912 -153.73591338 -156.11241849 -154.18959134 -156.58161644
 -156.32122194 -155.33055045 -153.73591338 -157.99562973 -158.08351424
 -155.71950557 -154.93504158 -153.73591338 -155.32209913 -157.30319455
 -154.18959134 -155.32253745 -155.61155241 -153.73149588 -153.73591338
 -155.65778066 -155.82430436 -157.22763877 -157.31414198 -156.45707989]",0.21500000000000002
140,0.24463932443212072,"[-6.17475780e-07  0.00000000e+00 -4.50006394e-06 -4.51955220e-07
  2.03205240e-07 -1.97198411e-07 -1.47821246e-06  0.00000000e+00
 -9.53413369e-07  1.66462317e-07  2.57738338e-06  0.00000000e+00
  2.78512887e-06  0.00000000e+00  0.00000000e+00  0.00000000e+00
  2.12139088e-06  4.96069412e-06 -3.43891604e-07 -4.54019557e-06
 -4.29814404e-08 -9.73488765e-07  0.00000000e+00 -9.95288976e-08
 -1.50372966e-06  2.29511861e-06  0.00000000e+00  0.00000000e+00
  6.07610215e-09  0.00000000e+00  3.91867227e-06  0.00000000e+00
 -2.81537314e-06  0.00000000e+00 -3.34448054e-06  0.00000000e+00
 -6.10551994e-07  6.60863430e-07 -1.04348603e-07  0.00000000e+00
 -1.35807542e-06  0.00000000e+00 -1.55386073e-06  2.94685867e-06
  8.38061729e-07  6.24874265e-08  1.13997683e-06  6.64496879e-07
  0.00000000e+00  1.15009536e-06  6.84872074e-07  9.61632246e-07
 -7.01983193e-07  0.00000000e+00  0.00000000e+00  0.00000000e+00
  0.00000000e+00  0.00000000e+00  1.07480050e-06  7.42018104e-07
  0.00000000e+00 -2.24821054e-06 -1.00910457e-07  0.00000000e+00
 -1.54232237e-06  1.16055673e-06  0.00000000e+00  2.05994622e-06
  0.00000000e+00  1.72374905e-06  0.00000000e+00  0.00000000e+00
  0.00000000e+00  0.00000000e+00 -2.25780926e-06 -2.89105008e-07
 -8.24240962e-07  0.00000000e+00  1.08408423e-06 -2.61846367e-07
  0.00000000e+00 -2.26135976e-06  0.00000000e+00 -6.52688775e-07
  1.35280042e-07  0.00000000e+00  5.05072137e-06 -1.33181620e-06
  0.00000000e+00  1.50007335e-06  0.00000000e+00 -2.21057267e-07
  0.00000000e+00  7.99737709e-07  0.00000000e+00  0.00000000e+00
  0.00000000e+00  0.00000000e+00  0.00000000e+00  1.17970983e-06]","[-154.92826872 -154.33854435 -156.99062721 -154.04568313 -157.37599748
 -156.58279642 -157.04920217 -153.73591338 -155.44936592 -155.62853609
 -155.8170167  -153.73591338 -159.56548302 -153.73591338 -153.73591338
 -155.19379991 -156.8077255  -155.58986495 -155.43575172 -156.23796655
 -155.31489497 -157.23670796 -153.73591338 -155.87736686 -156.99642944
 -157.69815613 -153.96956314 -154.98999718 -153.5866656  -153.73591338
 -159.07062887 -153.20327682 -159.03705423 -153.73591338 -158.32648189
 -153.20327682 -158.9988626  -157.85791009 -155.26360987 -153.96956314
 -156.88805275 -153.20327682 -157.31430316 -157.37027532 -155.14299162
 -155.4933585  -160.51043176 -156.47367665 -154.18959134 -159.30586336
 -157.51591917 -153.67579509 -154.18420967 -153.73591338 -154.509221
 -153.73591338 -154.509221   -155.82430436 -155.25423033 -154.33156961
 -153.73591338 -156.83925347 -152.77451892 -153.73591338 -155.88191267
 -156.2210833  -154.33854435 -156.94261134 -153.73591338 -156.08021125
 -154.18959134 -153.73591338 -153.73591338 -154.33854435 -155.24488618
 -157.85494222 -157.14021309 -153.73591338 -157.59625153 -152.80900531
 -153.73591338 -157.29203548 -155.19916972 -158.47870452 -153.94110216
 -155.24132119 -159.59976821 -154.5769305  -154.18959134 -154.00904828
 -153.73591338 -155.94610912 -154.33854435 -155.30722065 -153.73591338
 -153.73591338 -153.73591338 -156.14894852 -155.19916972 -155.46283794]",0.19600000000000006
141,0.24133201126158588,"[-8.36593540e-09  2.47125805e-06 -1.00714383e-06  1.36538000e-06
  0.00000000e+00 -7.00996759e-07 -1.22620471e-06  0.00000000e+00
  5.74941280e-07  0.00000000e+00  1.88443765e-06 -2.41968670e-06
  0.00000000e+00  3.50223587e-06  2.93402187e-07 -2.54775729e-07
  4.73181610e-07  1.45205641e-06 -1.03768789e-06  2.32962568e-07
  0.00000000e+00  2.31803223e-06 -6.93855005e-07  1.50459785e-06
 -1.42509577e-06  0.00000000e+00  0.00000000e+00  0.00000000e+00
  1.08746925e-06  0.00000000e+00  6.06704495e-07  0.00000000e+00
  0.00000000e+00  2.90108528e-06 -1.34525577e-06 -6.47226505e-07
  0.00000000e+00 -2.27665457e-06 -1.57441680e-07  0.00000000e+00
  1.68336010e-06  3.39710480e-07  1.69221428e-06 -5.39046769e-07
 -1.32500511e-06 -4.36696590e-07 -3.13754016e-07  0.00000000e+00
  9.14317838e-07  0.00000000e+00  2.13526831e-06 -7.87217941e-07
  0.00000000e+00 -8.28536082e-07  0.00000000e+00 -1.45412908e-06
  5.60688447e-07  3.76019843e-06  2.37916088e-06  0.00000000e+00
  0.00000000e+00 -7.73014051e-07  1.29815515e-06  0.00000000e+00
  2.87778901e-08  0.00000000e+00  2.57526219e-06 -9.31152962e-07
 -2.20540431e-06 -4.36387987e-06  0.00000000e+00  2.39609937e-06
 -3.38921731e-07  0.00000000e+00 -7.65771976e-06  0.00000000e+00
  8.79676248e-07 -4.62187414e-06 -6.99884131e-07 -1.41743814e-06
  0.00000000e+00  0.00000000e+00  2.56261917e-06  1.37965283e-06
 -5.90924528e-07  0.00000000e+00 -1.14135327e-06  0.00000000e+00
 -1.02923995e-07  0.00000000e+00  0.00000000e+00 -7.97965572e-07
 -3.63460695e-07  7.47253385e-07  0.00000000e+00  0.00000000e+00
 -4.77255504e-07  7.30720402e-07  0.00000000e+00  0.00000000e+00]","[-157.84640886 -155.60270646 -155.13225251 -155.00189556 -153.20327682
 -155.76556217 -156.52757274 -153.73591338 -153.81504965 -154.33854435
 -157.35584979 -156.4067919  -153.96956314 -152.03812316 -155.29572831
 -155.87736686 -157.66330218 -155.65214276 -154.67610884 -156.42087778
 -155.8170167  -157.21187337 -157.57009636 -155.50537382 -154.74739536
 -153.73591338 -153.20327682 -153.20327682 -155.51740604 -154.00904828
 -156.86163077 -153.73591338 -153.73591338 -158.67999617 -153.73591338
 -154.16413724 -153.73591338 -156.98538194 -155.50186073 -155.43575172
 -155.99285509 -153.45617634 -156.15848874 -154.79984664 -153.95464123
 -157.24024777 -157.518049   -153.73591338 -155.8483888  -153.73591338
 -154.99086561 -156.69400922 -152.80900531 -156.36474803 -153.73591338
 -154.40555512 -155.96756808 -156.23066218 -154.05639988 -155.43575172
 -153.73591338 -155.17934158 -156.52904384 -153.73591338 -155.58447153
 -152.80900531 -155.87856273 -155.44614181 -157.94058104 -156.44094448
 -153.73591338 -156.53384381 -156.33555061 -154.92826872 -157.17191931
 -153.94110216 -158.37278809 -156.33235762 -155.91942129 -158.42914411
 -153.5866656  -153.94110216 -157.46726291 -156.95109297 -156.49424901
 -153.73591338 -155.9381068  -153.94110216 -157.82867354 -153.94110216
 -154.509221   -157.0462626  -155.58164502 -155.16388296 -155.8170167
 -155.14299162 -154.45930186 -154.85664081 -153.73591338 -153.20327682]",0.18600000000000003
142,0.2374721242633781,"[-1.34288195e-06  1.48532704e-07 -2.10434641e-06 -5.60624278e-07
  2.97198454e-06  0.00000000e+00  3.28032783e-07 -8.12571677e-07
  0.00000000e+00  0.00000000e+00  0.00000000e+00  0.00000000e+00
  1.07011619e-07  0.00000000e+00  0.00000000e+00  1.68313180e-06
  0.00000000e+00  0.00000000e+00 -1.80839456e-06  1.13684956e-06
  2.10685287e-06  1.39250657e-06  2.06017895e-06 -4.91628283e-07
  0.00000000e+00  0.00000000e+00  5.03685050e-07  7.26863629e-07
  0.00000000e+00  0.00000000e+00 -1.60882682e-06  3.03745509e-07
 -8.75350198e-07  6.19730313e-07  0.00000000e+00  1.17240339e-06
  0.00000000e+00 -2.09288990e-07  3.01712512e-07 -6.70833946e-07
 -3.31278179e-08  6.52069760e-07  3.95218046e-07  6.34513041e-07
 -6.37734815e-07 -1.12421965e-07  3.62246508e-07  0.00000000e+00
  3.89002360e-06  0.00000000e+00 -7.29384908e-08 -1.31096937e-08
  0.00000000e+00 -3.28632195e-07  1.73755285e-06  1.64095329e-06
 -1.56327499e-06  0.00000000e+00 -1.79540480e-06 -1.12903551e-06
  0.00000000e+00  0.00000000e+00 -1.29322008e-07 -1.03202428e-06
 -7.55622151e-07 -1.23957272e-06  2.49029399e-07  2.07512086e-06
  6.21881203e-07 -4.24323516e-07  0.00000000e+00  0.00000000e+00
 -1.41150571e-06  0.00000000e+00  0.00000000e+00  4.35462535e-07
  4.01431102e-07 -1.26484760e-06  5.03208481e-07  3.18264029e-07
  2.66670510e-07 -4.96924098e-07  1.03607001e-06  0.00000000e+00
  1.71623230e-06  1.02372747e-06  0.00000000e+00 -8.23693763e-07
  0.00000000e+00  1.86473101e-07  1.07652908e-06 -1.89259985e-06
 -5.73310908e-07  6.60524165e-07  4.67299476e-08  0.00000000e+00
 -2.57801619e-06  0.00000000e+00  2.82566407e-07  0.00000000e+00]","[-155.27022554 -155.51572284 -159.2714404  -154.36054243 -156.24443302
 -153.73591338 -155.89880735 -155.83443342 -154.74739536 -154.40555512
 -153.73591338 -155.99285509 -155.99285509 -155.00189556 -153.73591338
 -156.67658309 -153.73591338 -154.67610884 -155.44723758 -158.46805598
 -157.83226565 -155.7446682  -155.90845435 -155.15140705 -155.43575172
 -155.58164502 -157.00604634 -153.6156372  -155.76556217 -153.73591338
 -158.25456884 -156.38299079 -157.78989685 -157.97081876 -155.29572831
 -158.7691227  -154.40555512 -153.95911731 -155.00189556 -157.20933065
 -154.15235425 -156.26077133 -154.45930186 -157.6978714  -155.37134938
 -155.99688239 -156.41825323 -153.94110216 -158.5991638  -155.51740604
 -157.21560428 -159.24177829 -153.45617634 -155.78907563 -156.63758025
 -155.09632582 -157.0056607  -153.45617634 -157.19695335 -154.45930186
 -155.17934158 -153.94110216 -157.92724094 -154.67610884 -156.53827856
 -157.98059015 -156.52328776 -155.06988834 -156.52722754 -155.43575172
 -153.94110216 -155.99285509 -157.34532069 -155.8170167  -154.74739536
 -153.37721639 -155.6875053  -159.29280768 -154.69412104 -156.07109541
 -157.13856439 -155.13465049 -156.29908281 -153.94110216 -156.0288328
 -157.02174423 -155.43575172 -156.40441378 -153.94110216 -154.01343468
 -153.94356978 -157.03037501 -154.1741431  -158.00249076 -154.31635134
 -155.43575172 -157.55277534 -155.50186073 -156.36474803 -153.94110216]",0.17700000000000002
143,0.23191166370628075,"[ 0.00000000e+00  0.00000000e+00  7.22551206e-07 -1.81603427e-06
 -1.95806745e-06 -1.26433873e-06  0.00000000e+00  4.84921059e-06
  2.62017632e-07  2.96530739e-07 -1.47631618e-06  7.80994431e-07
  0.00000000e+00  6.47800486e-06  6.99142830e-07  2.78267318e-06
  0.00000000e+00 -3.89273646e-07  0.00000000e+00 -4.62358474e-07
 -2.02849157e-06  8.16141163e-07 -1.20095694e-06  2.01988107e-06
 -8.39283158e-07  1.66623470e-06  0.00000000e+00 -1.28882769e-06
  0.00000000e+00  4.65503927e-08 -9.08291740e-07  1.08672035e-06
  0.00000000e+00  0.00000000e+00  0.00000000e+00 -1.33215655e-06
  0.00000000e+00 -1.45913540e-07 -1.40091242e-06  0.00000000e+00
 -5.04530732e-07  7.55088515e-07 -6.07195116e-06  0.00000000e+00
 -3.44494126e-07  0.00000000e+00  0.00000000e+00  1.23303168e-06
  0.00000000e+00  1.02636391e-06  2.30565982e-07  1.55491550e-06
  2.94710234e-06 -1.29304500e-06  0.00000000e+00 -1.16437594e-06
  0.00000000e+00  7.85135162e-07 -3.19201821e-06 -9.34355104e-07
 -1.29781118e-06  1.34464023e-06  0.00000000e+00 -1.25112010e-06
  0.00000000e+00  0.00000000e+00  2.54378537e-09  4.93465471e-07
 -1.38738284e-06  0.00000000e+00 -2.95832262e-06 -4.39605110e-06
  0.00000000e+00 -7.68817711e-07  0.00000000e+00  0.00000000e+00
  0.00000000e+00  2.03077355e-06  8.43858901e-07  1.47636016e-06
  1.02405695e-06  0.00000000e+00  9.90863152e-07  0.00000000e+00
  2.39047031e-06  0.00000000e+00  0.00000000e+00  0.00000000e+00
 -3.56126690e-06 -8.34813051e-07 -6.31034487e-07  5.58606302e-07
  1.76519389e-06  3.99966469e-07  1.15324224e-06 -9.04416167e-07
 -1.40662010e-06  0.00000000e+00 -3.00055785e-07 -1.65239750e-06]","[-153.95911731 -155.06988834 -154.37994338 -159.03329924 -155.57179306
 -154.80333814 -153.37721639 -156.56289717 -157.98452654 -155.72674823
 -156.93943924 -156.32492529 -155.44723758 -154.7928215  -157.38592266
 -155.11441002 -154.1741431  -156.66000166 -155.43575172 -154.90823602
 -157.71786695 -157.20828237 -155.44693896 -158.14455816 -157.84470584
 -155.03735304 -155.06988834 -158.24263686 -153.95911731 -154.77221416
 -157.02301317 -158.04464687 -155.43575172 -154.15235425 -154.1741431
 -154.37029501 -155.99285509 -157.03234924 -158.47052468 -153.37721639
 -155.41957585 -157.06675625 -154.81617154 -153.37721639 -155.99088087
 -153.6156372  -154.45930186 -155.22823505 -155.06988834 -155.55216928
 -156.55334443 -154.03820519 -157.51875506 -156.9235485  -154.67610884
 -160.36931925 -154.15235425 -155.09632582 -156.83078346 -156.78074578
 -156.05815684 -155.4637311  -154.40555512 -155.68234691 -153.73591338
 -155.43575172 -156.18324557 -156.85022603 -155.75692499 -154.15235425
 -155.74894749 -157.40351841 -155.06988834 -154.95915918 -153.37721639
 -155.27022554 -153.94356978 -157.0476574  -158.29480033 -155.53155897
 -156.72665948 -155.99285509 -158.58906669 -153.94110216 -156.23105587
 -154.36054243 -153.94110216 -153.94110216 -155.83566976 -158.09903668
 -154.40466868 -156.60459686 -157.35122374 -156.7087601  -156.21994837
 -155.31098113 -156.50339299 -156.0288328  -156.35733572 -155.12666001]",0.183
144,0.22794145762572027,"[ 0.00000000e+00  4.74027975e-06  5.58080109e-06 -1.71347988e-06
  1.06103776e-06  0.00000000e+00  1.74414959e-07  1.54323679e-07
  2.94350183e-06  7.70136096e-07  1.84800678e-06  1.54559090e-06
  9.85873864e-07 -1.09500877e-07  8.70636139e-07  0.00000000e+00
  0.00000000e+00 -3.12493702e-07  3.65853866e-07  9.94771353e-10
  1.12133576e-06  7.13796639e-07  0.00000000e+00  1.29816307e-06
 -3.22185785e-06  2.36053739e-06 -1.30843494e-06  0.00000000e+00
 -2.36112302e-06 -1.45469473e-06 -1.61916583e-06  2.67108508e-06
  0.00000000e+00  0.00000000e+00  0.00000000e+00  1.29842409e-06
  0.00000000e+00  1.49462640e-06  4.84495174e-07  1.48612265e-06
  0.00000000e+00 -2.47000517e-08 -4.78929968e-07  1.58700400e-06
 -5.31649698e-07  2.80418578e-06 -1.75729406e-06  1.54599614e-06
 -1.76470889e-06  1.65582591e-06  0.00000000e+00  0.00000000e+00
  2.14913450e-07  1.44181767e-06  5.87508303e-07  1.07349645e-06
  1.36893386e-06 -5.70208782e-07  0.00000000e+00  0.00000000e+00
  0.00000000e+00 -9.26516463e-07  4.83205083e-07 -1.58872142e-06
  0.00000000e+00  0.00000000e+00 -9.36987777e-07  2.42002567e-06
 -7.87440220e-07  4.59272240e-07  9.91173898e-07  7.71821460e-08
  1.09609682e-07  0.00000000e+00 -1.76593667e-06  4.78839851e-07
 -6.62939943e-09 -1.18381505e-06  0.00000000e+00 -1.35682212e-06
  7.54695058e-07 -2.86793490e-07 -1.60117749e-06 -8.17071022e-07
  1.62022487e-07  1.56593514e-06 -4.03121370e-07 -1.92336039e-06
  2.41653069e-07  5.09303169e-07  3.21727125e-06 -6.35084415e-07
  9.26614251e-07  0.00000000e+00  2.73274726e-06  0.00000000e+00
  1.18108062e-06  1.06309500e-06 -2.19698242e-06 -1.71378601e-06]","[-155.41957585 -155.53676824 -158.20011691 -158.72099273 -154.90817377
 -154.40466868 -156.58304459 -156.87061245 -156.53728292 -156.08350916
 -156.41672707 -157.88727728 -155.30689081 -155.46195743 -156.19671368
 -153.37721639 -153.94110216 -155.75654654 -158.26261304 -155.2906734
 -157.27570149 -157.95946891 -153.37721639 -156.77785663 -155.9415704
 -157.82172776 -156.64694223 -154.95915918 -155.16390843 -155.40067555
 -155.98747201 -157.86716161 -156.83078346 -153.95911731 -154.90823602
 -154.78113598 -154.40466868 -152.90340033 -156.57149183 -154.92033626
 -153.37721639 -155.59872346 -154.94062687 -158.1194264  -154.60758862
 -157.33296009 -155.88245469 -154.55039535 -154.61934231 -156.17199447
 -154.37029501 -153.37721639 -155.4765224  -157.56052509 -158.18064199
 -156.48482902 -156.67430354 -159.72510648 -155.53155897 -155.75692499
 -155.09632582 -159.4389251  -154.20307925 -157.32962873 -155.57179306
 -153.95911731 -154.36240521 -156.23105587 -157.53653561 -155.0227175
 -156.11232919 -158.95204256 -155.72629509 -155.03735304 -153.76138509
 -154.1491457  -154.31712583 -157.46006767 -153.94110216 -157.82703244
 -156.40849104 -156.0711101  -156.80989515 -154.73525438 -155.31007816
 -155.30519315 -157.56933295 -156.26160333 -157.16659304 -155.19962327
 -155.69680095 -155.77711944 -156.39563189 -154.95915918 -154.13563306
 -154.80333814 -154.44744766 -157.91965513 -154.88011111 -157.49243534]",0.217
145,0.22494349888472925,"[ 1.50939720e-06  0.00000000e+00  2.09307325e-06  1.13939247e-06
  4.77609808e-06  1.59604061e-06  0.00000000e+00 -2.67851420e-07
 -2.51600245e-06  0.00000000e+00  4.75091042e-07  7.70201482e-06
  4.05438845e-06  2.48788526e-07 -2.55169832e-06  0.00000000e+00
  2.94937018e-06  3.39304120e-06  0.00000000e+00  9.08214868e-07
 -1.71167139e-06 -3.18612406e-07 -1.56779205e-06  0.00000000e+00
 -5.30397980e-08 -3.42716360e-10  8.44392673e-07  0.00000000e+00
 -1.34130296e-06  1.58176778e-06 -5.61294262e-07  0.00000000e+00
  0.00000000e+00 -2.25779619e-07 -1.13587561e-06 -8.57766399e-07
  2.60848895e-06  0.00000000e+00  0.00000000e+00  6.00842635e-07
  2.07935307e-06  3.26605781e-06 -2.66736316e-06  3.59032797e-06
  5.85290906e-07  6.45756097e-07  0.00000000e+00  8.75677030e-07
  2.00730632e-06  0.00000000e+00  2.98158657e-06  0.00000000e+00
  8.40316864e-07  1.06157524e-06 -1.07793309e-06  0.00000000e+00
 -7.23649575e-07  0.00000000e+00 -1.86175007e-06 -9.15106017e-07
 -2.87018433e-06  1.18841477e-06  2.48571116e-06 -2.63168812e-07
 -2.90695870e-07 -1.36618770e-06 -6.03078957e-07 -1.57162416e-06
  0.00000000e+00 -1.46021910e-06  1.03793175e-06  0.00000000e+00
 -1.24832449e-06  5.59573585e-07 -1.24904034e-06 -3.65659071e-06
  2.34188026e-08  0.00000000e+00  0.00000000e+00 -1.41252003e-06
  5.89519723e-07 -1.99300124e-06 -3.54132280e-07  9.78544242e-07
  0.00000000e+00 -1.54928669e-06  0.00000000e+00 -1.72064368e-06
  0.00000000e+00 -1.49735608e-06  0.00000000e+00  2.63246291e-06
  1.34527535e-08  0.00000000e+00  1.53021068e-06  0.00000000e+00
 -3.26402112e-07 -2.61677483e-06 -4.98502688e-07  1.72164076e-06]","[-156.05488847 -155.31007816 -156.93375845 -155.44207385 -156.29457451
 -153.99170668 -156.23105587 -153.76726479 -155.54461909 -155.59872346
 -158.26617822 -158.47506056 -156.12648083 -155.44585014 -158.07858781
 -154.60758862 -157.65948516 -157.58165291 -155.72629509 -155.35348825
 -155.43467335 -156.14157368 -157.26169083 -154.92033626 -155.97089262
 -154.40801691 -159.34259517 -154.90817377 -157.26564795 -154.73731459
 -155.93185798 -153.94110216 -154.37029501 -156.27813275 -156.2196618
 -157.09963337 -156.59091669 -154.40466868 -155.75692499 -157.13735581
 -155.61443968 -155.83304374 -156.2997178  -155.69348943 -156.87931184
 -155.29255462 -154.80333814 -152.56334642 -156.47800746 -155.4765224
 -154.63529004 -153.37721639 -156.61354209 -153.39518476 -154.9129143
 -154.40466868 -155.96800755 -154.90817377 -155.30945768 -158.384103
 -157.44697316 -155.50746831 -156.67751707 -155.38505596 -154.93049801
 -154.91288272 -153.42572283 -156.37081591 -155.77711944 -156.83596253
 -157.8021835  -154.90817377 -156.49415352 -155.0475326  -154.83179397
 -157.68120066 -154.40742688 -155.30519315 -154.90817377 -155.74486052
 -155.66027248 -157.91168459 -157.17850671 -155.22771195 -152.90340033
 -156.77858391 -155.59872346 -155.18346281 -154.90817377 -154.52128546
 -154.61934231 -154.32520639 -155.61264899 -154.92033626 -158.69918642
 -154.92033626 -156.46417793 -155.78678278 -155.76049802 -155.90177742]",0.217
146,0.22167274076304355,"[ 0.00000000e+00 -2.37056386e-06  0.00000000e+00 -1.41396952e-06
  0.00000000e+00  8.18691225e-08  9.20236759e-08  0.00000000e+00
  1.06308956e-06 -1.48855575e-08  0.00000000e+00  5.27939282e-07
  9.38464047e-07  0.00000000e+00 -2.51652449e-06  0.00000000e+00
 -1.85349427e-07  5.93922908e-07 -9.96868240e-07  0.00000000e+00
  5.19116222e-07  1.61011094e-07 -3.11778070e-07 -1.20887694e-07
 -2.45320670e-06  4.93412717e-06  7.53792297e-07 -1.35353090e-06
 -6.11035433e-07  4.87310863e-06  1.38115934e-06  0.00000000e+00
  0.00000000e+00  8.98851243e-07  7.74861622e-07 -2.45849192e-06
 -4.03381466e-06  3.19204138e-08 -2.53881666e-06  1.01389220e-06
 -7.43678999e-07 -3.08007618e-06 -9.16716358e-07  2.35619023e-06
  0.00000000e+00 -8.21532535e-07 -1.64051203e-07 -7.28842360e-07
  1.26092389e-06 -2.34857510e-06  5.95630775e-07  1.96345444e-06
  0.00000000e+00 -3.26578205e-07  2.24075550e-06  0.00000000e+00
  0.00000000e+00  1.61008714e-06 -2.75517102e-06  1.44282789e-06
  1.29338860e-06  1.26130081e-06 -4.25169115e-07  1.50573904e-06
 -2.26761628e-06 -1.53943809e-07  0.00000000e+00  0.00000000e+00
 -7.79832458e-07  2.22278015e-07 -2.18210126e-06 -1.47655666e-06
  0.00000000e+00 -3.64790926e-07 -2.63276823e-07  2.71518556e-07
 -2.35558097e-06 -4.01421906e-06  2.63659534e-07 -1.49464444e-07
  1.68921079e-06 -8.74238725e-07  0.00000000e+00 -2.42252872e-06
 -8.05460929e-07  7.42305557e-07 -1.24130356e-06  0.00000000e+00
  0.00000000e+00  0.00000000e+00  9.94886125e-07  3.07330676e-07
 -3.08630467e-06 -5.57871805e-07  0.00000000e+00 -6.67744944e-07
  0.00000000e+00  1.35427512e-06  0.00000000e+00  5.67717750e-07]","[-155.38505596 -157.64148252 -153.76726479 -157.13526381 -154.90817377
 -154.86639583 -155.84640736 -156.49415352 -156.67817485 -155.44207385
 -155.22771195 -159.3370637  -155.84716796 -154.92033626 -155.69348943
 -154.92033626 -155.28448976 -157.7112945  -156.05488847 -154.90817377
 -155.4645563  -154.34652333 -156.48766421 -158.17966846 -157.96438026
 -157.85177239 -155.70081044 -155.76568326 -154.65315679 -156.34878954
 -155.25306241 -155.44207385 -154.90817377 -154.98424018 -153.73693184
 -157.52566004 -157.84748716 -159.17688496 -156.72088301 -156.64892949
 -154.20011802 -158.24742116 -154.53334629 -154.245402   -155.90177742
 -155.90177742 -155.87608798 -157.99814602 -157.97183213 -158.79880799
 -151.22622494 -155.23502328 -155.29255462 -157.15917458 -156.60363584
 -155.69348943 -153.99170668 -155.18516962 -155.08168106 -156.34349676
 -155.88498363 -155.00336068 -158.68600843 -155.53015543 -155.5171997
 -156.24395168 -155.38505596 -156.27813275 -156.01666521 -156.55954827
 -154.6747572  -154.82310062 -152.56334642 -155.49291227 -154.8265877
 -154.56784142 -159.58684212 -158.21365492 -154.03634854 -156.30428429
 -156.09447539 -155.01933559 -154.90817377 -156.41650248 -155.74465285
 -154.92033626 -156.26704696 -153.39518476 -154.90817377 -154.40801691
 -154.32520639 -154.3056744  -158.11690129 -156.78427586 -153.99170668
 -156.00975175 -153.39518476 -156.0302346  -154.92033626 -155.37448695]",0.21099999999999997
147,0.218485666835005,"[ 3.67046877e-08 -1.22179205e-07  0.00000000e+00  1.23142505e-06
 -9.19189443e-08  6.26539373e-07  0.00000000e+00  4.61805973e-07
  1.09862172e-06 -3.40241552e-08 -6.90763874e-07 -2.84990710e-06
 -1.38699327e-06  0.00000000e+00  1.50382575e-07 -1.67122790e-07
  0.00000000e+00 -8.11813331e-08  0.00000000e+00  0.00000000e+00
  1.96524712e-07  0.00000000e+00  9.03998213e-07  0.00000000e+00
  0.00000000e+00  1.11793261e-06  3.53210635e-07  0.00000000e+00
 -3.55223713e-06 -8.47062554e-07  1.56013034e-06  1.03057457e-06
  0.00000000e+00 -2.02027664e-06  2.64870749e-06  4.26505205e-07
  0.00000000e+00  9.68756144e-09  0.00000000e+00  0.00000000e+00
 -3.73373054e-07  0.00000000e+00 -1.02339332e-06  2.28438288e-07
  0.00000000e+00 -5.34398949e-07  0.00000000e+00 -9.50863847e-07
  5.75691357e-07 -1.67684718e-06  0.00000000e+00  0.00000000e+00
  1.57650360e-07  6.15515144e-07  8.89588356e-08 -1.78003194e-06
 -3.20044185e-06 -2.00639199e-06 -3.03470058e-07  0.00000000e+00
  0.00000000e+00  1.15231313e-06 -4.93738539e-07 -5.53604183e-07
  0.00000000e+00  1.10527803e-06 -2.78331103e-06 -1.37143719e-06
  0.00000000e+00 -4.64774284e-07  2.31454994e-07 -1.22803530e-06
  7.52148567e-06  1.52939394e-06  2.29593702e-06 -1.73478686e-07
  1.06697565e-06  0.00000000e+00  5.87532428e-09 -2.24018235e-06
  0.00000000e+00 -3.98551439e-07 -6.28830479e-09 -2.98609069e-06
 -2.91044030e-06  1.33694877e-06  0.00000000e+00  2.06590760e-06
 -5.03029707e-07 -2.37001841e-06  2.30519217e-06  1.85470469e-06
 -9.92039458e-07 -1.33474496e-07  0.00000000e+00 -9.33985524e-07
  0.00000000e+00 -9.47019540e-08 -8.60589455e-07  0.00000000e+00]","[-157.04278513 -156.27690582 -154.90817377 -156.75903498 -155.36748362
 -156.41118342 -153.99170668 -156.64609883 -156.01804903 -154.78238756
 -155.4052376  -159.35581267 -156.29917649 -156.05488847 -155.84548744
 -159.6059402  -154.3056744  -157.23400839 -154.56784142 -154.03634854
 -157.48005074 -155.49291227 -155.62683559 -155.08168106 -155.23502328
 -155.95671127 -156.05970987 -155.29255462 -156.74908429 -155.20307936
 -155.14002585 -155.40852298 -154.34652333 -154.94760613 -157.06748877
 -154.17397029 -151.22622494 -155.22445696 -154.90817377 -151.22622494
 -157.61409776 -154.90817377 -156.64075291 -158.85614033 -154.92033626
 -154.94534634 -151.22622494 -155.53953125 -157.28464678 -157.11948947
 -154.90817377 -156.05488847 -155.26789007 -155.28450698 -157.7027067
 -156.05504048 -157.01499817 -155.94048133 -155.48262182 -154.245402
 -155.00336068 -157.36686789 -156.12231643 -157.21804396 -154.90817377
 -159.05453203 -154.78385057 -154.47967887 -154.03634854 -157.34068626
 -155.27184988 -154.93227339 -157.51010565 -154.2784418  -155.50916931
 -157.20961765 -155.45584181 -154.92033626 -154.91593842 -156.18302691
 -154.20011802 -155.88539936 -158.45057467 -159.28532755 -154.80573361
 -156.2173078  -155.18516962 -153.67030678 -154.31831718 -155.28382779
 -155.07706361 -159.44329779 -157.30528276 -157.13526381 -151.22622494
 -155.02699475 -155.90177742 -155.18516962 -155.78454229 -153.76726479]",0.183
148,0.21591522587427067,"[ 2.37927930e-07  1.17497684e-06  0.00000000e+00  0.00000000e+00
  7.62904451e-07  0.00000000e+00 -2.54333293e-06  1.72955916e-07
  1.54338470e-06 -2.54534648e-07  4.09675274e-07 -3.68043164e-08
  1.39686984e-06  2.14019961e-06  0.00000000e+00  0.00000000e+00
 -1.27239716e-06 -4.50984832e-07  0.00000000e+00  0.00000000e+00
 -5.38845630e-07  2.30824003e-06  2.38517340e-06  1.76922312e-06
 -7.54162143e-07 -1.00716323e-06 -1.22327572e-06 -2.85449381e-07
  0.00000000e+00  1.38002341e-06  0.00000000e+00 -1.76545654e-06
 -8.18858914e-07  0.00000000e+00  0.00000000e+00 -5.76277723e-07
  0.00000000e+00 -1.47451831e-06  3.08034572e-06  4.87633053e-07
 -3.55163196e-06  0.00000000e+00  1.38484951e-06  0.00000000e+00
  1.52476368e-07 -1.03045070e-07 -1.31889299e-06 -1.59890801e-06
  2.75778390e-06  6.21590804e-06 -2.64483009e-07 -1.26186077e-06
 -2.47181220e-06 -1.26676766e-06  2.08773405e-06  0.00000000e+00
  6.16756534e-07  4.76325809e-07  5.90699821e-07 -2.75753277e-07
  0.00000000e+00 -2.08518427e-06  0.00000000e+00  0.00000000e+00
 -4.12992808e-07  0.00000000e+00  1.90841581e-06  6.00325296e-07
  0.00000000e+00  1.37658216e-08  3.02637554e-07  6.92767061e-07
  0.00000000e+00 -1.09160226e-06  1.92899397e-06 -1.53080680e-06
  1.84863295e-06  1.75357181e-07 -1.28060309e-07 -2.00223443e-07
 -9.67071261e-07 -8.22735917e-07  0.00000000e+00  0.00000000e+00
  1.95522595e-06  5.99460723e-07  0.00000000e+00  9.20035421e-07
  1.76166567e-06  2.66721450e-07 -2.22401822e-06  1.04230090e-06
 -8.21309528e-07 -5.92927937e-07  3.00310360e-08  0.00000000e+00
 -2.27390737e-06  0.00000000e+00  6.11018111e-07  7.75009305e-07]","[-156.29553116 -156.03813301 -151.22622494 -155.27184988 -155.04934324
 -156.05488847 -157.30434351 -157.85952623 -155.6752366  -155.75147105
 -158.11649615 -158.32472625 -156.43007654 -156.85877424 -156.29917649
 -151.22622494 -153.36066128 -155.25272706 -151.22622494 -155.40852298
 -155.63037533 -156.07325597 -155.94048133 -154.93436582 -157.84506702
 -158.55403722 -156.29954008 -154.97100917 -155.88539936 -154.31831718
 -154.2784418  -158.01381019 -157.59886586 -155.50916931 -154.2784418
 -153.61090541 -155.27184988 -155.22445696 -158.04636667 -155.92951869
 -154.85544847 -155.14002585 -156.42791301 -155.45584181 -157.42991302
 -155.92365846 -155.97094983 -158.15831516 -154.34955356 -157.29511627
 -155.53676748 -156.78774442 -155.35740196 -155.37487729 -157.14916447
 -154.31831718 -155.2722217  -154.85239115 -156.85842416 -153.64498742
 -155.45584181 -155.88516983 -154.31831718 -155.18516962 -154.53480401
 -154.2784418  -157.00596608 -157.10578162 -156.05488847 -156.13644173
 -155.56257243 -156.38673984 -155.53953125 -156.36412606 -154.99801181
 -156.92724002 -154.40799618 -153.92034461 -156.56662935 -158.33456814
 -155.74445066 -155.85083466 -155.23502328 -155.45584181 -158.07385405
 -155.4078495  -155.53953125 -158.09293595 -154.49059822 -155.39676633
 -157.50908387 -157.01301341 -156.14790153 -154.94534634 -157.58452513
 -154.17397029 -154.88800187 -154.2784418  -156.42693415 -156.46624017]",0.19699999999999998
149,0.21315810595995377,"[ 0.00000000e+00  1.07145347e-06 -3.80943049e-08  0.00000000e+00
 -2.31998794e-06 -1.24615092e-06  2.84511147e-06 -1.46368491e-06
 -6.71697467e-07  3.84044081e-06  1.39510300e-06  3.28474091e-07
 -1.16302845e-06 -1.22429480e-06  0.00000000e+00 -9.89777796e-07
 -6.97679222e-07 -7.50827181e-07 -3.37186129e-07  3.56742479e-07
 -1.33144925e-09  2.20461050e-06 -9.29037051e-07  4.53810965e-07
  0.00000000e+00 -1.05159428e-06  1.37759550e-06  7.17030199e-07
  3.52046142e-07 -9.73886129e-07 -7.51742532e-07  0.00000000e+00
  3.52172675e-06 -2.22649924e-06  0.00000000e+00  1.60065704e-06
  2.56198374e-06 -8.43293278e-07  3.09103883e-07 -5.47805553e-07
  0.00000000e+00  1.53320319e-06  5.69483036e-07 -1.84249398e-06
 -1.73204041e-06  0.00000000e+00  2.04465772e-06  0.00000000e+00
 -1.49721362e-07  9.01840795e-07  0.00000000e+00 -1.75835724e-06
  4.86766756e-07  0.00000000e+00 -2.13637620e-06  0.00000000e+00
  5.07861963e-06 -2.31139247e-06  9.79611600e-08 -1.06007504e-06
 -8.59256115e-07 -4.39398693e-07 -1.15230842e-06  7.90281963e-08
  0.00000000e+00 -1.61528919e-06  6.30968916e-07  5.04823375e-08
  1.44006331e-06 -1.95307771e-06  0.00000000e+00 -2.36897923e-06
  7.83319279e-07  0.00000000e+00  0.00000000e+00  1.20797934e-07
  6.19755482e-09 -2.10500412e-06 -6.97222182e-07  6.61926970e-07
  0.00000000e+00  0.00000000e+00 -2.58667588e-07 -8.08543699e-07
  9.24099506e-07  0.00000000e+00  4.85934850e-07  7.14655858e-07
 -1.75444176e-06  5.76091493e-07  0.00000000e+00  0.00000000e+00
  0.00000000e+00 -2.10181096e-06 -1.51127940e-07  3.18345566e-06
 -2.94563708e-06 -3.11343585e-07  7.19108702e-07  7.19252310e-07]","[-154.17397029 -161.44880791 -159.02845168 -154.2784418  -156.74471621
 -155.95790613 -156.04530562 -154.55978174 -153.73067784 -156.22561881
 -155.76172848 -156.46709319 -156.30840354 -157.56340154 -155.4078495
 -155.17645495 -159.49499427 -157.21794922 -156.27042056 -156.16413543
 -158.2719034  -156.21716176 -158.03561826 -156.72565262 -153.92034461
 -155.79354175 -155.66894453 -155.98022192 -157.27082533 -155.18519413
 -157.78508911 -154.2784418  -155.48001627 -157.48341235 -156.46624017
 -156.63601764 -155.38804223 -155.49113958 -156.51378177 -155.00338177
 -155.27184988 -154.53979646 -157.8265662  -155.3545454  -155.00627797
 -154.2784418  -157.22236601 -154.31831718 -156.16844095 -155.65917337
 -154.2784418  -155.30753774 -157.96354591 -156.36412606 -153.88131344
 -155.45584181 -157.12417671 -156.77314089 -155.11157564 -155.06716755
 -155.26443509 -155.64868813 -155.22445696 -154.54515946 -154.31831718
 -156.62282921 -157.58757961 -156.96687372 -154.38273119 -154.89821234
 -155.23502328 -158.69145971 -156.81197864 -154.2784418  -154.2784418
 -155.53953125 -154.44292698 -158.34414765 -154.91809103 -155.37535521
 -156.05488847 -155.63037533 -157.7067527  -158.8749598  -156.89329466
 -154.53480401 -154.7787293  -155.5054617  -158.51627057 -156.02317053
 -154.2784418  -154.2784418  -155.92365846 -155.69167065 -156.6432878
 -158.84524401 -156.74063277 -156.96853902 -155.92568476 -156.13841148]",0.20600000000000004
150,0.21026895564936604,"[-1.59288952e-06  8.22603127e-07  1.35934015e-06  8.13487256e-07
 -2.47686759e-06  1.08952644e-06  0.00000000e+00 -5.58157872e-07
  0.00000000e+00  0.00000000e+00 -1.84619994e-06 -1.22421438e-07
  2.73748205e-07 -6.49756297e-07 -2.89872057e-06 -2.37184351e-06
  5.79542583e-07  0.00000000e+00 -1.22707768e-06 -1.12849819e-06
  0.00000000e+00  0.00000000e+00 -2.45918637e-06 -5.94889581e-07
 -3.30488232e-06  7.99840520e-07  0.00000000e+00 -2.63075487e-06
  1.50734077e-06  1.12870640e-06 -7.88916352e-07 -8.87468122e-07
  1.36988339e-06  0.00000000e+00  1.11928876e-06  1.00112979e-06
 -1.06596645e-06  7.61619467e-07  2.91743941e-07 -4.22035845e-07
  2.15008753e-07  0.00000000e+00  8.98729827e-07  7.37554376e-07
 -6.18775260e-08 -2.21722721e-07  1.15654789e-07  3.93144769e-06
  0.00000000e+00 -3.82648089e-07  1.02851861e-06  0.00000000e+00
 -5.50680970e-07 -6.41082465e-07 -1.11074578e-06  4.06163178e-07
  0.00000000e+00 -1.50272584e-06  0.00000000e+00  2.09258874e-06
 -1.14224033e-06 -1.31288894e-06  5.02487754e-07 -5.10758058e-07
 -1.09590177e-07 -1.01412660e-06  6.03225419e-07 -1.37706773e-06
  6.81417550e-07  0.00000000e+00 -3.59558711e-06 -1.33307145e-06
  8.11773685e-07  0.00000000e+00  0.00000000e+00  0.00000000e+00
 -1.22457022e-06  8.40837684e-08  9.48942028e-09  1.08210442e-06
  0.00000000e+00 -4.98481147e-06  9.32877658e-07  7.84821924e-07
  1.04350808e-06  0.00000000e+00  1.18779257e-06  7.64386286e-07
 -2.36333089e-06  2.92409507e-06 -2.05309747e-06  0.00000000e+00
 -9.15709594e-07 -6.97567997e-08  1.17263879e-06 -5.94585526e-07
  3.52783196e-06  8.74073788e-07 -1.59238376e-06 -5.25182536e-07]","[-159.49014285 -155.1648152  -155.96221682 -154.31236641 -155.35056269
 -153.36637486 -156.96687372 -158.38869992 -155.18519413 -155.45584181
 -157.07519202 -157.61817826 -157.79044812 -154.09142082 -159.40696997
 -159.01176062 -155.29567986 -155.06716755 -158.7517917  -157.57255927
 -154.54515946 -155.06716755 -156.90926013 -155.98743786 -156.83236011
 -157.75431795 -155.45584181 -158.1512699  -156.65520202 -157.07314095
 -158.29226099 -156.73115865 -158.48064049 -155.00627797 -155.59568117
 -155.41420594 -155.4480695  -155.85875646 -155.430714   -156.5990965
 -156.04628519 -155.30753774 -155.48831713 -157.1006137  -155.20448646
 -157.41078602 -157.60800094 -156.9493415  -154.2784418  -156.02291777
 -155.48890192 -154.2784418  -156.13945611 -158.43835454 -155.56304129
 -156.00752102 -154.2784418  -156.12396027 -155.66894453 -158.18255852
 -155.65418596 -154.99849029 -155.90720334 -156.82197545 -155.79285482
 -156.04540203 -154.6239199  -157.12937877 -160.72212014 -155.06716755
 -156.62063259 -154.25989618 -157.88582012 -153.92034461 -155.45584181
 -154.2784418  -155.67087002 -156.44047235 -154.95337763 -156.50441204
 -154.38273119 -156.5506192  -155.30039646 -155.82308066 -157.05498859
 -154.54515946 -156.63126739 -156.0301798  -156.70598643 -155.48790393
 -155.35182185 -154.89821234 -154.99246473 -158.18515772 -156.14772332
 -154.9457929  -156.04439803 -155.36980917 -153.67528504 -154.64730815]",0.23800000000000007
151,0.2062932795125889,"[ 3.99955011e-07 -5.95274139e-07  1.14917572e-06 -3.32430781e-06
  3.30849143e-07 -2.82245108e-06  5.17525955e-07  7.43822067e-07
 -9.31475860e-07  0.00000000e+00  1.43381321e-06 -4.04668648e-06
  0.00000000e+00  2.47331309e-06 -6.30844093e-07  4.65290425e-06
  0.00000000e+00 -1.26616848e-06  0.00000000e+00  1.28683823e-06
  1.21056650e-06  0.00000000e+00  2.39897712e-06 -1.95448236e-07
 -5.03408968e-09  0.00000000e+00  1.40553241e-06  1.40047625e-06
  9.77050148e-07 -5.51437526e-07 -8.03636933e-07 -2.93498983e-07
 -7.32804585e-08  1.29336083e-06  0.00000000e+00  1.02920316e-06
  2.31916938e-06 -1.04949213e-06  0.00000000e+00  4.08101929e-06
 -5.72861694e-09 -5.08797716e-07 -8.80284456e-07  1.30863064e-06
  0.00000000e+00  2.40895579e-06  2.08061803e-06 -1.08090121e-06
  0.00000000e+00 -8.15601123e-07  1.99122399e-06  0.00000000e+00
  0.00000000e+00  2.64135499e-06  2.74178387e-07  1.82590735e-06
 -1.81143600e-06  3.30764557e-06  2.57042490e-08 -7.20892201e-09
  0.00000000e+00  0.00000000e+00 -6.41274181e-07  1.93697613e-06
 -5.58962205e-07  1.36952728e-06  5.58979794e-08  0.00000000e+00
  0.00000000e+00  9.46513265e-07  2.20475609e-06  1.56492479e-06
  4.85533859e-07  1.99657107e-06 -8.67548285e-07  1.12159125e-06
  5.08899436e-07 -7.13815876e-07  2.28775249e-06 -1.85573714e-07
  1.11753099e-06  1.57437969e-06  0.00000000e+00 -2.33164598e-07
 -1.50918588e-07  1.92007549e-06  0.00000000e+00  8.98029280e-07
 -1.10813139e-06  2.21097668e-07 -4.40453987e-07  0.00000000e+00
  1.12899187e-06  4.50197040e-07  3.20083803e-07 -5.82297731e-07
 -1.05069097e-06  2.02643521e-06 -9.86267556e-07 -2.56486665e-06]","[-155.51628476 -158.1390055  -156.58923285 -155.86945308 -156.1193871
 -156.46978222 -157.26088203 -158.75452313 -157.69802032 -154.54515946
 -155.4536654  -156.26016184 -154.31236641 -157.36930133 -156.62545496
 -156.22119467 -156.04540203 -159.00583705 -154.09142082 -156.2224921
 -158.70293083 -154.2784418  -156.63415502 -158.38761093 -156.63510243
 -155.06716755 -154.66755943 -158.8518466  -157.2123681  -155.24660614
 -158.40471747 -156.20584574 -155.84918807 -155.91311431 -155.30039646
 -156.77793017 -156.22118847 -155.52355566 -155.430714   -158.91768006
 -156.63148131 -156.81531614 -155.10295434 -153.49863569 -154.99246473
 -155.37170478 -154.99267356 -155.55222828 -154.54515946 -154.57924738
 -156.67064107 -154.54515946 -155.67087002 -157.15436382 -157.2789844
 -158.04686544 -156.84047149 -155.15887529 -157.8420773  -156.2896882
 -155.45584181 -156.04540203 -155.63601725 -156.51226161 -154.86953515
 -156.5506192  -156.34860011 -154.2784418  -154.54515946 -157.10257777
 -156.80299611 -157.4903862  -155.83584569 -159.12386441 -153.99351605
 -156.47380161 -158.63192582 -156.7507657  -154.83793917 -153.70183881
 -155.90692714 -155.66297566 -153.36637486 -157.39484456 -154.89950961
 -155.8987453  -155.430714   -156.68086043 -158.49446303 -155.54657398
 -154.43850614 -154.25989618 -157.83332057 -159.25816012 -155.94193118
 -155.65405187 -155.95127358 -156.24267828 -158.85900076 -158.59193596]",0.24499999999999997
152,0.20338793769851404,"[-1.44276817e-06  1.67686257e-06  0.00000000e+00 -4.67835846e-07
  7.69481159e-07  0.00000000e+00 -1.51398349e-06  6.71714983e-08
 -1.76920564e-06  1.72771381e-06  0.00000000e+00 -1.09562707e-06
 -9.19453654e-07  0.00000000e+00  3.27461231e-06  9.09131768e-08
  0.00000000e+00  5.16222333e-08  0.00000000e+00  1.08298768e-06
  1.39045883e-06  0.00000000e+00 -5.60408519e-07 -2.35153298e-06
  1.96748925e-06  3.49247270e-07  2.16031439e-06  1.37054688e-06
 -2.75140775e-06  0.00000000e+00  1.20620961e-06  0.00000000e+00
  0.00000000e+00  0.00000000e+00 -2.03418922e-06 -9.31264164e-07
  1.97852290e-07  9.72117750e-07  0.00000000e+00 -3.82756349e-07
 -6.27388461e-07  1.75981748e-07  8.69989334e-07 -4.84072312e-07
 -1.84998801e-06  1.52899589e-06  1.91481555e-06 -1.09787097e-06
  3.07329165e-07 -4.22013092e-07 -5.46895658e-07  6.75136931e-08
  0.00000000e+00 -3.74018485e-06 -2.57212658e-06 -3.17868721e-06
  1.99284031e-06 -8.29389040e-07  0.00000000e+00  1.18974048e-06
  7.30628297e-07  0.00000000e+00 -2.42761151e-06 -2.06214099e-06
  2.56919648e-07  0.00000000e+00  2.15738358e-06 -1.75213511e-06
 -1.10488761e-06  2.66658327e-06  0.00000000e+00  2.20262842e-06
 -3.06087648e-07  0.00000000e+00  0.00000000e+00  6.10709702e-07
 -1.63450781e-06 -3.70767992e-07  3.33338811e-07  0.00000000e+00
 -1.77682222e-07  0.00000000e+00  3.18827763e-07  2.12395172e-06
  4.85803601e-07  2.14623718e-06  2.74920720e-06 -7.09432034e-07
 -1.51904780e-06  0.00000000e+00  8.25071869e-07  0.00000000e+00
  0.00000000e+00  0.00000000e+00 -2.70581478e-07  0.00000000e+00
 -1.07133728e-06  1.54232401e-06  1.75105084e-06 -2.63106777e-06]","[-155.49912636 -155.04298516 -154.31236641 -157.56039629 -158.14052701
 -156.34860011 -156.17289668 -155.89849856 -158.09141415 -156.39716107
 -155.67087002 -156.41432696 -156.42686121 -155.430714   -155.7869696
 -156.51226161 -155.54657398 -156.08607521 -154.54515946 -153.86420218
 -155.42227345 -154.2784418  -154.7347633  -157.05988005 -157.15350716
 -155.5883249  -157.79400401 -155.86077817 -156.96441768 -154.43850614
 -156.45634801 -155.51628476 -153.99351605 -154.54515946 -160.52330592
 -155.7345397  -155.30194677 -155.1039053  -156.58923285 -156.97848456
 -154.89062559 -155.71633034 -152.97951551 -156.04373421 -156.15413202
 -156.09316001 -154.91577639 -155.88914265 -156.00823416 -154.8471901
 -155.25707227 -156.37636575 -156.04540203 -157.66509831 -153.99813413
 -156.11102678 -155.60631574 -156.03150804 -155.51628476 -158.1179931
 -155.20908284 -154.43850614 -157.25696606 -157.08956468 -157.56300733
 -155.10295434 -158.02656521 -159.47065392 -155.57549855 -155.5481215
 -155.55222828 -151.57209744 -156.60552557 -155.4536654  -154.57924738
 -158.3254073  -155.88891468 -157.57933519 -152.12609269 -154.54515946
 -155.99950557 -155.24660614 -158.24651732 -157.75956187 -157.8353321
 -155.75926684 -158.07366081 -156.46051526 -155.55740273 -154.89950961
 -156.2402428  -154.54515946 -155.51628476 -154.54515946 -156.8439943
 -156.51226161 -157.95411001 -156.29421783 -157.07103415 -156.3649046 ]",0.203
153,0.19912246125895106,"[-2.39992799e-06 -2.24270848e-06  4.93020470e-08 -5.43932227e-07
  0.00000000e+00 -8.43046829e-07  3.22121907e-06  1.21320566e-06
 -6.85454101e-08  0.00000000e+00 -5.63042341e-07  1.67463593e-06
  2.33180335e-06  0.00000000e+00 -9.10827433e-07  2.82501490e-06
 -6.93711514e-07 -1.59998206e-06  5.83105496e-07  3.52552986e-07
  2.12404479e-06 -4.04300367e-07  3.68397130e-07 -1.68200439e-06
  1.82459276e-06  7.01003255e-07  7.64798651e-07  4.04283715e-06
  1.41471947e-07 -1.35915911e-06  1.30037586e-06  0.00000000e+00
  0.00000000e+00 -1.08999543e-06 -5.38022021e-07  0.00000000e+00
  0.00000000e+00 -1.28595149e-06  0.00000000e+00  0.00000000e+00
 -4.32489184e-06 -3.61822678e-06  1.71582743e-06  0.00000000e+00
  2.63607196e-06  2.06741902e-06  1.93581666e-06 -2.28250329e-07
  1.34738185e-06 -8.11398957e-07  0.00000000e+00 -8.38962762e-09
 -5.24645174e-07 -3.83456778e-07  0.00000000e+00  4.74495243e-07
 -1.16806545e-06  0.00000000e+00 -3.38643591e-07  0.00000000e+00
  1.95863486e-07 -4.90790366e-07 -7.05135359e-07  1.14251463e-06
  6.46332215e-07 -1.19256027e-06 -2.56251057e-07  0.00000000e+00
 -1.01397274e-06 -2.15946316e-06  1.04438895e-06  1.42272136e-06
 -8.57540717e-07  7.11530104e-07  1.58634746e-06  0.00000000e+00
 -2.14313925e-06  9.75665490e-07 -1.86383603e-06  2.49653471e-06
 -1.19692806e-06  1.69343638e-07 -1.56520499e-06  1.29574030e-07
  5.84747529e-08  3.92778693e-07 -4.93122297e-07  4.67859966e-08
  1.29852002e-06  0.00000000e+00 -8.11891266e-07  6.35705329e-07
  9.17219104e-07  5.93950845e-07  4.23248817e-06  3.22778099e-06
 -1.80192415e-07  3.96244299e-06  3.13815034e-07 -1.20907757e-06]","[-157.15634103 -154.74631297 -154.89161916 -160.66272453 -154.89950961
 -154.54515946 -156.68413153 -155.7103258  -155.22882814 -154.43850614
 -155.52985879 -156.57240895 -156.52638299 -156.45634801 -154.91366801
 -154.87073453 -159.4402661  -157.67889381 -155.22764607 -155.75704446
 -157.63269294 -155.92973094 -158.42869152 -158.27562017 -157.09018888
 -157.00327753 -157.33779711 -156.25336768 -156.6807638  -155.60755056
 -156.34858669 -151.57209744 -155.86077817 -157.63739059 -154.95374029
 -154.43850614 -155.51628476 -157.30112749 -153.99813413 -155.7869696
 -156.48124883 -156.97786382 -154.94382574 -154.43850614 -158.20648463
 -155.5763362  -156.45669972 -155.26575055 -155.5481215  -156.98595066
 -156.15413202 -155.59042763 -158.38039982 -154.51624063 -155.60631574
 -156.20677186 -157.743363   -154.43850614 -157.17816629 -154.43850614
 -158.16151539 -155.91920649 -157.97596257 -153.70173939 -155.12541011
 -153.42868316 -157.59760656 -156.58923285 -156.98095789 -157.98609836
 -155.83342645 -154.89201121 -156.39859281 -158.00043114 -155.06995663
 -155.4536654  -155.469642   -155.30613567 -156.20659815 -156.44433922
 -156.35633815 -159.65258974 -155.45650684 -156.77533448 -157.15285444
 -158.14566815 -155.30194695 -158.852222   -156.83077673 -155.7869696
 -156.55648229 -155.73174015 -156.16159715 -154.2924875  -157.69351239
 -158.31933596 -157.36021023 -156.52167619 -157.73023975 -155.20602817]",0.24200000000000002
154,0.19655267439751464,"[ 2.61911495e-06  1.27436272e-06  5.43278163e-07  3.21922920e-07
 -3.13146474e-06  0.00000000e+00 -7.54586807e-07 -8.60718171e-07
 -2.08593147e-06 -3.94493787e-07 -2.64612544e-06 -7.62262239e-07
 -3.28152182e-07  0.00000000e+00  1.49221127e-06  0.00000000e+00
  5.93990730e-07 -3.29717608e-06  1.35066629e-06  1.79070058e-06
  5.32350230e-07 -3.59000646e-06  3.07272346e-06 -7.69638402e-07
 -9.95827430e-07 -2.34865614e-06 -5.22323777e-06 -5.49724800e-07
  3.14660305e-06  0.00000000e+00 -8.73765841e-07  0.00000000e+00
  2.06494304e-06  0.00000000e+00  2.06967594e-07  5.77951042e-08
  2.03104988e-06  1.78995297e-06 -1.59493421e-07  5.77083518e-07
 -1.97931292e-07 -5.12160072e-06  1.44085732e-06  2.64885145e-07
  2.08254535e-06  1.48513243e-06 -2.89155404e-06  0.00000000e+00
  2.08873571e-06  0.00000000e+00 -3.65681374e-06 -6.16393584e-07
 -4.66212648e-07  1.13654606e-06 -2.35970703e-06 -1.23483414e-06
  2.31336224e-06 -3.11699229e-07 -4.10817586e-06  0.00000000e+00
 -6.69589996e-08 -1.47649802e-06  5.66369437e-07  7.95985258e-07
 -2.03233431e-07  1.65004330e-06  5.04164309e-06  3.50055243e-07
  1.95338760e-06 -5.59648144e-07  9.74288565e-07 -1.74642506e-06
  0.00000000e+00  0.00000000e+00  2.93632533e-07  4.73701612e-06
  2.27705498e-06 -2.48372541e-06  0.00000000e+00  1.88302961e-06
  0.00000000e+00 -8.84543984e-07  0.00000000e+00  0.00000000e+00
  6.16125370e-07  5.73761756e-07  1.98040413e-06  0.00000000e+00
  0.00000000e+00 -2.61366257e-07  1.44562105e-06 -4.79884677e-07
  4.02492779e-06 -1.27516420e-07  8.49968506e-07 -6.11450225e-07
 -2.60853862e-06 -6.20317062e-07  8.52298529e-07  2.20526223e-06]","[-157.06763416 -156.80552371 -156.22131799 -154.76766106 -152.62637667
 -154.51624063 -155.12827591 -158.94471666 -154.3871129  -155.91731621
 -155.42839473 -155.22764607 -155.99851212 -155.5481215  -157.65159014
 -155.52985879 -155.6401372  -156.55527378 -157.45264765 -156.6807638
 -155.44265991 -159.64137987 -158.64833399 -155.77777944 -155.26781681
 -157.57908641 -158.25755142 -158.04682195 -156.51298565 -156.20659815
 -156.35832546 -153.70173939 -156.2781874  -155.45650684 -156.59462429
 -156.23291297 -155.01505749 -156.9263696  -154.34399255 -156.65252304
 -158.26810794 -155.80133087 -155.44965914 -157.95958824 -157.28028927
 -157.36974406 -157.35086819 -156.98595066 -155.61557103 -154.94382574
 -153.91224982 -156.22416147 -154.71912093 -158.00875055 -157.43751246
 -155.9502113  -156.81660611 -155.30960907 -157.77524134 -154.51624063
 -157.94413168 -157.89456582 -154.78216941 -157.75901944 -155.94599457
 -156.44175674 -159.46549765 -159.8357232  -156.45102293 -155.33279763
 -159.07335525 -156.15493549 -154.95374029 -154.74631297 -158.94797344
 -160.1764665  -158.02747492 -157.31475376 -156.98095789 -159.0104511
 -154.43850614 -156.98631364 -153.42868316 -154.2924875  -157.31240892
 -157.18329548 -155.61498899 -154.51624063 -154.51624063 -156.39272993
 -157.01800465 -154.42218662 -156.55051917 -159.1020893  -158.32466779
 -156.85859105 -156.51501613 -156.85367713 -157.13602074 -157.22315607]",0.252
155,0.19343568253860838,"[ 1.90645954e-06  7.67480515e-07 -7.13643365e-07  3.68697965e-06
 -2.49344659e-06  8.84915413e-08 -1.17932196e-06 -7.77264153e-07
 -1.74981808e-06 -3.39155714e-06 -5.79061365e-07  1.13033714e-07
 -5.27839262e-07 -2.60615782e-06 -1.48851128e-06 -8.50569463e-08
  1.88639481e-06  2.24560413e-06  0.00000000e+00  1.69783330e-06
  0.00000000e+00  9.43259587e-07  8.75257632e-07  4.67934357e-07
 -2.28532519e-06  1.25244745e-06  2.25772080e-06  1.19863703e-06
 -8.96693609e-07  1.44987983e-06 -1.54601553e-06  0.00000000e+00
 -2.80864601e-07  4.43067527e-06 -1.76007837e-06  8.33153504e-07
 -2.16396061e-06  4.78004905e-09  1.50766469e-06 -2.31167720e-06
  0.00000000e+00 -7.43822940e-07 -3.93029810e-06 -1.80782680e-06
 -3.92694512e-06 -1.47649909e-06  3.06681795e-07 -5.61130394e-07
 -5.85017767e-07 -1.33728540e-06 -3.43088153e-07 -2.66149567e-07
 -9.03092725e-08 -7.61322984e-07  2.20502783e-06  0.00000000e+00
 -1.57233670e-06 -8.16361834e-07  3.70415376e-06  0.00000000e+00
 -1.33318332e-06 -4.18850442e-07  6.66549823e-07  1.21265011e-06
 -1.67216270e-06  0.00000000e+00  8.78229035e-08 -1.54472618e-06
  0.00000000e+00  0.00000000e+00 -1.39819119e-06 -7.44272713e-08
  0.00000000e+00 -3.26087223e-06 -2.82553735e-06  4.50858653e-09
  1.12900234e-06 -1.48833586e-06 -3.98372815e-06 -1.44681365e-06
  1.82758565e-06 -4.42071216e-06  1.41747885e-06  0.00000000e+00
  0.00000000e+00  0.00000000e+00 -1.09707379e-06  1.11494186e-06
  4.84244847e-07 -2.94405362e-08  5.71670992e-09 -2.30059037e-06
 -8.79631781e-07  0.00000000e+00 -1.44070102e-06 -7.76552617e-07
  1.20988291e-06 -5.64748359e-07  0.00000000e+00  0.00000000e+00]","[-155.48096268 -156.16186446 -155.27503049 -155.98062533 -156.39449313
 -156.63525248 -156.15217136 -156.60761796 -156.05527569 -156.70541726
 -156.37375305 -156.30679304 -158.46265664 -157.90440224 -154.34399255
 -157.33109493 -158.35741291 -156.59501188 -154.34399255 -156.3715061
 -154.34399255 -159.76017727 -155.99419212 -155.3450762  -157.64846937
 -160.069841   -154.32598388 -156.73255914 -156.09268532 -157.06654341
 -155.20698683 -154.51624063 -155.53749469 -157.97375025 -156.18167176
 -157.16749826 -154.45918836 -158.2505618  -156.27632661 -159.08990608
 -156.55527378 -155.38551912 -156.46880274 -159.19830452 -159.2734366
 -156.20028491 -156.42494364 -156.16780397 -155.18444181 -157.05602285
 -156.02172885 -156.88361403 -153.24241645 -156.01847272 -156.77755049
 -153.91224982 -156.66067864 -158.75503896 -156.87672196 -153.70173939
 -154.62981931 -153.89378235 -155.41133776 -158.13765918 -157.51854735
 -154.74631297 -155.4011716  -155.15584107 -157.31240892 -154.34399255
 -158.68428935 -159.75991702 -155.44265991 -152.84532275 -155.68108379
 -160.05831613 -155.44265991 -154.59356814 -159.21446736 -155.55464274
 -156.47107084 -156.62111826 -153.92749783 -154.34399255 -152.62637667
 -155.77777944 -158.39930709 -156.34785831 -159.98574526 -155.38270486
 -153.47342221 -156.6820018  -157.46021356 -155.30960907 -154.93238627
 -157.75711904 -156.11241973 -157.8806065  -155.77777944 -154.51624063]",0.26899999999999996
156,0.18996911312906148,"[-1.58287023e-06  0.00000000e+00 -5.42753944e-07  2.07414147e-07
  1.07519324e-06  0.00000000e+00  7.86234829e-07  2.81131929e-07
  0.00000000e+00 -6.99710625e-08 -2.04607573e-06 -4.09476439e-06
  2.84917375e-06 -1.00610207e-07  0.00000000e+00  0.00000000e+00
 -1.91039746e-06  0.00000000e+00  0.00000000e+00 -8.90470414e-07
  1.29821899e-06  0.00000000e+00 -2.14698477e-06 -2.54092125e-07
  1.72755822e-07  0.00000000e+00 -2.38140674e-06  2.07187133e-06
  0.00000000e+00  1.88828634e-06 -1.68370285e-06  0.00000000e+00
  3.11912186e-06 -2.52612082e-06  1.66840571e-06  0.00000000e+00
 -1.04090340e-07  0.00000000e+00 -7.36654119e-07  0.00000000e+00
  3.17884414e-06  0.00000000e+00  2.14169228e-06 -9.06367217e-07
 -1.82300208e-07 -4.53020481e-07  7.82803949e-08  0.00000000e+00
  0.00000000e+00 -1.51598679e-06 -1.60854015e-06  7.67224685e-07
  0.00000000e+00  0.00000000e+00 -1.08542102e-08  0.00000000e+00
 -1.07232220e-06  0.00000000e+00  3.04004544e-07  8.47536563e-07
 -1.11083834e-06  1.64996318e-06  3.38476760e-06 -2.41895478e-06
 -5.77179441e-07 -1.16011261e-06 -5.98637119e-07 -2.73596772e-06
  0.00000000e+00  4.53399763e-07 -3.41226810e-06 -8.90523896e-07
  0.00000000e+00 -1.96358205e-06  1.37498821e-06  0.00000000e+00
  1.98334021e-06 -6.77421754e-07  0.00000000e+00 -1.85345491e-07
  1.12868976e-06 -7.24933275e-07  1.59196345e-07  1.27050533e-06
 -1.42428627e-06 -3.31156714e-07 -1.94754349e-07  0.00000000e+00
 -6.40302029e-07  0.00000000e+00  2.29731355e-06 -3.28051288e-08
  0.00000000e+00  7.87344530e-08 -2.35174664e-06  9.29263048e-10
  0.00000000e+00  6.88346009e-07 -4.32502358e-07  0.00000000e+00]","[-157.04786744 -153.47342221 -153.01033888 -156.53660734 -158.56418049
 -153.89378235 -154.39823858 -158.02307842 -154.34399255 -156.02715023
 -158.32519954 -158.88301285 -155.82733956 -153.5295961  -156.77755049
 -156.62111826 -157.90071973 -153.24241645 -153.89378235 -155.84722869
 -155.90595644 -155.3450762  -158.74770732 -154.99457916 -156.11241973
 -153.24241645 -156.40905487 -158.48138859 -156.16186446 -157.15679882
 -151.99648739 -155.4011716  -157.68107621 -160.36680569 -156.97019138
 -154.34399255 -158.40528007 -156.73255914 -156.815699   -155.3450762
 -155.84752166 -154.34399255 -154.34399255 -156.04182164 -157.1318284
 -154.76286766 -156.95462057 -154.34399255 -155.3450762  -154.79382393
 -154.03000807 -156.73861527 -155.3450762  -156.27632661 -155.8399528
 -154.51624063 -156.00240804 -155.48096268 -156.95787983 -155.36928847
 -155.02865336 -157.12240287 -159.65686564 -157.2922933  -155.96752119
 -156.58615793 -155.44535117 -157.20437431 -156.66067864 -156.9732508
 -155.87596442 -152.41431244 -153.24241645 -155.09731799 -156.5523122
 -156.37375305 -155.44646975 -154.83229448 -153.91224982 -153.90432687
 -156.68024707 -154.93238627 -155.40410975 -157.81408065 -156.2050693
 -158.21845523 -157.08807003 -156.27632661 -157.54781593 -153.89378235
 -157.49831854 -155.69126695 -155.41133776 -157.44962867 -154.82587317
 -157.62848068 -153.24241645 -154.78474565 -156.28981521 -154.51624063]",0.193
157,0.18709393518951487,"[-2.89790915e-06 -9.90343662e-07 -3.97239138e-07  1.13049649e-06
  1.09199272e-06  3.94679838e-07  0.00000000e+00  9.77379542e-07
 -3.67608274e-07 -2.23801440e-06 -1.21625225e-06  1.04514045e-06
 -3.34093983e-06  0.00000000e+00  9.58420601e-07  8.56126974e-07
  9.13320465e-08 -1.59009073e-08 -2.54021264e-06 -3.50730137e-07
 -1.96965382e-06  5.82423830e-07  3.03362159e-06  0.00000000e+00
  0.00000000e+00  7.05099790e-07  2.50746189e-06 -1.75791499e-06
 -9.88404539e-08  3.62948062e-07  0.00000000e+00  2.55468942e-06
 -2.02568105e-06  6.45399924e-07 -1.46568949e-07  1.83317860e-06
  0.00000000e+00  0.00000000e+00 -3.82960403e-07  5.92051269e-07
 -4.25966005e-07  0.00000000e+00 -2.85081992e-07  0.00000000e+00
 -2.57108502e-07  2.27369982e-06  9.88190591e-07  0.00000000e+00
  1.80892532e-06 -5.88920024e-07 -3.03329424e-06  0.00000000e+00
 -3.04940645e-07  3.51413826e-07  0.00000000e+00 -4.70470977e-07
  7.72383875e-07  3.27032277e-06  1.33334054e-06 -8.75584533e-08
  3.11847384e-07 -4.67239460e-07  1.92801286e-07  1.15750432e-06
  0.00000000e+00  9.72298792e-07 -5.81903195e-07  2.00073667e-06
  8.82871368e-07  1.56890290e-06  0.00000000e+00 -5.98493870e-07
  0.00000000e+00  1.52474149e-06  0.00000000e+00 -2.16585502e-06
 -2.61138206e-06  0.00000000e+00  5.55048684e-07  2.60802596e-07
 -2.19419370e-07 -3.10899696e-07  1.41801207e-06 -3.25449334e-07
  6.97662939e-07  5.56675834e-07  2.58741008e-06  0.00000000e+00
  5.90308059e-07 -2.24533704e-07  1.61117569e-06  0.00000000e+00
  1.47252092e-06  2.31855183e-06  0.00000000e+00 -2.37220484e-06
  4.74571332e-07 -8.15531288e-07 -1.84123787e-06  0.00000000e+00]","[-155.01521561 -155.43392078 -156.92522812 -153.79620688 -153.6895594
 -156.65279463 -153.90432687 -158.79139068 -157.28139875 -156.33922091
 -156.33235111 -155.75187023 -158.04047093 -154.34399255 -158.1133428
 -157.21894513 -155.23727487 -156.91202713 -156.44705141 -154.1673609
 -158.11561322 -156.57916515 -157.52000679 -153.24241645 -153.24241645
 -158.72120073 -157.1048709  -155.85594365 -155.95278799 -157.68407806
 -153.47342221 -158.21389662 -155.39627367 -155.06795928 -156.00240804
 -155.54377759 -156.68024707 -155.96752119 -157.13341178 -155.41108912
 -154.58667179 -156.77755049 -157.30886198 -153.24241645 -159.43373499
 -155.94014634 -158.39985767 -155.96752119 -156.69692605 -156.16909364
 -158.95592138 -153.24241645 -157.60587078 -156.31003352 -154.99457916
 -157.31886773 -154.94756996 -159.32088899 -155.81901039 -155.86312668
 -158.78887391 -156.87847953 -154.97417291 -155.40879928 -154.34399255
 -156.3596499  -155.23089565 -156.68024707 -156.11420714 -155.91792628
 -153.90432687 -157.27360644 -155.3450762  -157.78093968 -153.24241645
 -157.15235722 -156.57788637 -154.79382393 -153.57408098 -155.02277694
 -155.7940276  -156.30935982 -158.57479408 -157.02341761 -157.21403209
 -155.63468793 -157.63519296 -156.16186446 -157.920047   -157.48901608
 -155.78976114 -153.24241645 -157.76659928 -154.12250971 -156.11241973
 -156.4721464  -154.92850309 -158.50223764 -157.08149387 -153.01033888]",0.229
158,0.1842241573701291,"[ 0.00000000e+00 -1.02848769e-06  1.96008997e-06  2.34638553e-06
  0.00000000e+00 -5.39917523e-06  1.19103126e-06 -4.95131509e-07
 -2.45346060e-06  2.20763615e-06  0.00000000e+00 -1.83491814e-07
  2.03121033e-06  2.89396647e-06 -1.66817716e-06  0.00000000e+00
  1.19024602e-06  1.46417014e-06 -2.02414755e-06 -3.74209689e-07
  5.64528329e-07 -8.36585900e-07 -8.37633996e-07  7.08561156e-07
 -1.87030104e-06  7.12267390e-07  1.76395806e-06  2.58009497e-06
  0.00000000e+00  0.00000000e+00  9.08958725e-07  1.61106243e-06
  1.99848789e-07  1.88341572e-06  0.00000000e+00 -4.90693923e-07
 -2.54271578e-06  0.00000000e+00  1.19701850e-06  0.00000000e+00
  6.19437991e-07  1.59165379e-09  0.00000000e+00 -1.22835265e-06
  0.00000000e+00  0.00000000e+00 -1.79207260e-06 -9.20700073e-07
 -6.49397977e-06  0.00000000e+00 -4.75441636e-07 -1.01658778e-06
 -4.46963948e-08  0.00000000e+00  2.26585661e-06  5.28935795e-07
  0.00000000e+00  1.41331817e-07  5.54713425e-07 -1.85957562e-06
 -4.91286956e-06 -4.00671368e-07  0.00000000e+00  0.00000000e+00
  3.29099998e-06 -1.52478376e-06  1.32176050e-06  1.25291443e-06
 -2.53061379e-06  2.59199004e-06  5.28562158e-07  1.22021736e-07
 -8.37973095e-07  6.63556987e-07 -1.91417997e-06  7.50767835e-07
 -3.08842801e-06  0.00000000e+00  9.97159434e-08 -1.39035191e-06
  3.08005197e-06 -2.28619555e-07  8.26451763e-07 -4.67334490e-07
  0.00000000e+00 -8.15382601e-07 -1.24355809e-07  5.61136964e-07
 -4.94613821e-07 -2.75049584e-06 -3.60534287e-07  3.63772816e-06
  1.22568499e-06  3.83707888e-07 -9.22332790e-07  8.34599096e-07
  0.00000000e+00  0.00000000e+00  0.00000000e+00 -2.70314665e-06]","[-155.94014634 -153.38550811 -154.66624775 -157.05670208 -153.57408098
 -156.72076024 -155.65466221 -157.71962888 -158.7949768  -156.55040749
 -156.77755049 -155.911807   -155.82095192 -157.05578488 -157.27436543
 -153.24241645 -154.74937686 -155.24313727 -155.41108912 -155.80596666
 -153.93216333 -154.04304902 -156.48541512 -157.93189034 -157.53112398
 -157.64940802 -155.92241762 -160.38983629 -154.94756996 -155.63468793
 -158.01094606 -157.62447853 -156.60520793 -154.60442824 -154.34399255
 -156.75000859 -156.62696983 -156.11420714 -155.40778236 -155.06795928
 -154.26490901 -158.62681052 -153.24241645 -156.31126275 -154.1673609
 -157.1048709  -155.17684501 -155.54338944 -155.72395238 -155.96752119
 -158.91025527 -154.90121261 -157.3546653  -154.1673609  -155.06943937
 -153.70861367 -153.01033888 -159.01552917 -156.28849077 -156.26473962
 -157.4087627  -156.05543943 -153.01033888 -155.06795928 -158.48060445
 -154.76101398 -157.60464336 -157.17112397 -154.08866618 -157.67953491
 -153.9219053  -157.38694721 -154.85231988 -155.99442112 -161.56874483
 -153.87456905 -159.96566846 -154.79382393 -155.17323135 -158.11779553
 -158.09740564 -156.70683728 -156.70747419 -155.17972141 -155.63468793
 -154.57497522 -156.83910011 -155.46794488 -157.15356766 -156.35397718
 -154.59725004 -156.31786118 -156.7716677  -159.55685158 -155.43427836
 -158.05499508 -155.96752119 -153.24241645 -155.63468793 -156.69111572]",0.24099999999999994
159,0.1813689824278757,"[ 1.16567215e-06  2.22851285e-06 -1.98316440e-06  1.15972502e-07
  1.37583458e-06  3.08826895e-06 -1.30016191e-06  0.00000000e+00
 -1.35007288e-06  0.00000000e+00 -4.64628748e-07  0.00000000e+00
  1.59242060e-06  4.56814221e-06  5.65599964e-07  6.50039818e-07
  0.00000000e+00 -2.34549542e-06  6.85709969e-08  0.00000000e+00
  0.00000000e+00  0.00000000e+00  3.00330222e-07  0.00000000e+00
  0.00000000e+00  0.00000000e+00  8.27649710e-08 -1.27756483e-06
  1.13693900e-07  0.00000000e+00 -3.93889569e-07  2.16966406e-06
  6.83926546e-07  0.00000000e+00  2.61487263e-06  4.26734818e-08
 -2.58676766e-06 -3.50445709e-06  1.09776242e-07  0.00000000e+00
 -2.68353710e-07 -1.23160916e-06 -4.58165713e-07  0.00000000e+00
  0.00000000e+00  0.00000000e+00  0.00000000e+00  0.00000000e+00
  3.64298343e-07  1.20244297e-07 -1.30656384e-06  1.97139489e-07
 -1.36113978e-06 -5.14121649e-07  0.00000000e+00  5.79786577e-07
 -2.17317413e-06  0.00000000e+00 -1.48995469e-06  0.00000000e+00
 -3.83410924e-07  1.17657934e-06 -3.36622558e-07  0.00000000e+00
 -8.37515515e-07  0.00000000e+00  2.42100447e-06  0.00000000e+00
  3.96109601e-07  1.56148303e-06  3.63832776e-07 -2.59319417e-07
 -5.99800401e-07  9.35289347e-07  3.40827030e-06 -1.79918975e-08
 -8.64792349e-07  1.33316282e-06  0.00000000e+00  0.00000000e+00
  0.00000000e+00  0.00000000e+00  0.00000000e+00 -9.70925014e-07
 -1.16144885e-06  0.00000000e+00  0.00000000e+00  0.00000000e+00
  2.76802857e-07  1.15718820e-06  7.61101310e-07 -3.86752890e-07
  0.00000000e+00  0.00000000e+00 -9.51349768e-07 -1.14129725e-06
  1.39861155e-06  7.70505993e-08  0.00000000e+00 -2.86948680e-06]","[-154.36624007 -156.34689809 -157.04847982 -157.00799615 -157.29512555
 -157.79640254 -156.0626197  -154.59725004 -157.13669227 -155.17684501
 -158.44282474 -155.41108912 -155.17719705 -156.984774   -156.62385272
 -155.73538855 -156.31786118 -158.06826338 -156.49884002 -154.59725004
 -156.31786118 -154.85231988 -157.7794903  -153.70861367 -155.82095192
 -154.26490901 -153.79095106 -154.95209024 -156.47876247 -157.05578488
 -157.49402292 -154.96268716 -157.41997272 -154.94756996 -156.54253751
 -158.53404345 -155.38141604 -157.93868825 -159.95826803 -155.911807
 -156.15855516 -157.43947153 -157.01594635 -154.60442824 -155.72395238
 -154.90121261 -155.17972141 -154.66624775 -156.12478614 -158.03193472
 -157.51545291 -157.11283522 -154.57192331 -155.6390097  -155.65466221
 -153.64863826 -155.62458338 -155.17684501 -155.63468793 -155.17684501
 -156.70118048 -156.87163908 -160.56666369 -157.15356766 -155.60183252
 -153.70861367 -157.35503551 -154.26490901 -153.17891672 -157.34705672
 -157.67953491 -155.43227808 -155.96140218 -156.69667168 -156.38992514
 -157.69607911 -156.03886074 -157.16340718 -156.62696983 -154.26490901
 -153.70861367 -154.1673609  -155.17972141 -155.57595328 -155.76212838
 -157.05670208 -155.63468793 -155.82095192 -156.34886063 -157.20827117
 -157.47014833 -157.43171264 -157.15356766 -155.911807   -154.94056441
 -160.66328688 -155.63853962 -155.32413113 -154.85231988 -157.32003795]",0.18700000000000003
160,0.17848868863294917,"[ 3.61974300e-06 -7.06985445e-07  2.36603448e-07  0.00000000e+00
 -2.30005579e-07 -6.23477093e-07  0.00000000e+00 -5.62367390e-07
 -1.35342492e-07 -1.93046562e-07  3.14665983e-07  1.12177400e-06
  0.00000000e+00 -8.27134410e-07 -1.63428605e-06  6.70858153e-07
  1.80545807e-06  0.00000000e+00  2.16745331e-06  4.94460780e-07
  3.16998974e-07  0.00000000e+00 -2.93031243e-06 -9.27605560e-07
  6.95062875e-07  1.20138089e-06 -2.74868168e-06 -1.27074261e-07
 -1.26542055e-06  1.14203458e-07 -1.33602057e-06  2.44468171e-07
  1.63702926e-06  9.89878666e-09 -1.84532229e-06  1.62652973e-06
  1.77635913e-07  9.55042830e-07  1.86718533e-06 -4.84718687e-07
 -1.26113216e-06  3.96109615e-06  6.78728887e-06  3.36384522e-07
 -1.23464859e-07  1.14903269e-06  0.00000000e+00 -2.06949696e-06
  2.66332449e-06  0.00000000e+00  1.18897416e-06  0.00000000e+00
 -2.19468678e-06 -1.15644838e-06 -6.51074821e-07  1.58169780e-06
 -1.58835977e-06  2.30360158e-06 -9.04814679e-07  0.00000000e+00
 -1.41499412e-06  1.73874524e-06 -1.73338043e-06 -1.01689731e-07
  1.57077808e-06 -5.06666403e-07 -1.44095366e-06 -2.56601209e-07
  3.81072647e-07  0.00000000e+00 -4.69854465e-07 -2.19417048e-06
 -4.29746500e-07  0.00000000e+00  9.40290929e-07 -5.71973302e-07
 -5.08287942e-07 -8.13818898e-07  6.21724898e-07  0.00000000e+00
  7.47411909e-07  1.73536512e-06  0.00000000e+00  2.11926128e-06
 -1.48942143e-08  0.00000000e+00  2.66417558e-06  9.25103796e-09
  0.00000000e+00  9.41849701e-07 -8.83166017e-07 -1.26274847e-06
  3.58146879e-07 -5.25991310e-06  0.00000000e+00  5.99432167e-07
 -1.42837766e-07  0.00000000e+00  5.29361863e-07  3.94453018e-06]","[-160.35271372 -159.08186318 -155.10720323 -154.85231988 -154.90440132
 -157.07212786 -154.26490901 -155.46397251 -157.5016892  -156.71309649
 -159.9523042  -154.47569017 -157.13669227 -157.17645628 -155.83145957
 -159.4930447  -156.01079446 -155.60183252 -157.47981998 -156.81550849
 -155.70483135 -155.62458338 -156.31441404 -154.89095308 -156.54261514
 -159.83268166 -155.99618357 -158.23100063 -155.45091396 -158.72663859
 -155.42687227 -155.34151482 -154.69168798 -157.97394692 -156.29011879
 -158.09370948 -158.27535233 -155.56653955 -158.38541547 -157.38071803
 -154.57790906 -156.66000902 -157.18911932 -155.45060518 -155.10847059
 -156.24627036 -156.31786118 -157.96605169 -156.15623012 -154.26490901
 -156.79398815 -155.62458338 -155.84924043 -156.56715296 -155.67397289
 -156.15245754 -155.81181916 -155.8585568  -155.62914258 -154.94056441
 -156.88689202 -155.99907868 -155.95105754 -156.43997842 -154.3860611
 -158.28650805 -156.90688285 -155.68556579 -153.6422242  -155.6390097
 -158.9269595  -156.24354978 -156.86727862 -153.70861367 -156.77323624
 -156.22506447 -154.85203599 -159.80173594 -155.21952069 -155.63468793
 -153.70667505 -156.31364397 -156.62696983 -156.17501707 -157.34716134
 -156.984774   -156.93316219 -156.55383535 -156.62385272 -153.83394165
 -156.1629167  -156.03051688 -156.02563252 -154.8246856  -153.70861367
 -155.30665756 -155.76197793 -156.47876247 -157.40993034 -156.57176081]",0.22099999999999997
161,0.17563880900420123,"[-1.20161378e-06  6.06496961e-07  0.00000000e+00 -3.80241356e-06
  0.00000000e+00  0.00000000e+00  0.00000000e+00 -1.28962186e-06
 -5.60647312e-07  1.94230958e-06  1.19810467e-06  1.03042680e-06
  0.00000000e+00 -1.56427902e-06 -6.84023855e-07 -1.94748443e-07
  0.00000000e+00 -6.04927504e-08  9.94899352e-07 -5.14536808e-06
 -1.02942515e-06 -3.18207152e-07  2.63438800e-06  0.00000000e+00
  0.00000000e+00 -1.28918198e-06  1.45887598e-06 -6.21930157e-07
  2.16381865e-06  1.56730508e-06  1.21133341e-06 -1.24636275e-06
 -5.21481994e-07  0.00000000e+00  1.97630746e-06  2.26357897e-06
  2.95095635e-06  6.62377605e-07  9.34753184e-07  0.00000000e+00
  1.22269321e-07 -3.92186256e-07 -6.68435474e-07  1.06254531e-06
 -2.27248811e-06  0.00000000e+00  0.00000000e+00 -1.19961750e-06
 -1.91222702e-06 -6.28371281e-07 -2.23340420e-06  1.37315698e-07
  2.79181574e-06  0.00000000e+00 -9.61535009e-08 -1.46458996e-06
 -5.27749731e-07  1.10663399e-06  0.00000000e+00  5.65831433e-07
 -3.31720411e-06 -3.74642042e-07 -5.92951078e-07  0.00000000e+00
  2.08875450e-07  0.00000000e+00 -2.09212766e-06  8.67357522e-07
  0.00000000e+00 -2.11371216e-06  1.73582942e-06  9.89588783e-08
 -8.27535622e-07 -1.26587802e-06  1.20977243e-06 -1.80585508e-06
  1.38622709e-07  0.00000000e+00 -3.21708981e-06  8.81439599e-07
  0.00000000e+00  1.74027933e-06 -6.76226419e-07 -1.38176027e-08
  5.79730342e-08 -1.11206357e-06 -6.49549793e-08  4.88358222e-07
  0.00000000e+00 -1.32651128e-06  3.86434441e-07 -1.30083866e-06
  1.35605504e-06  0.00000000e+00  4.61351373e-07  4.30154391e-07
 -3.43560442e-07  1.09828447e-06  7.39403843e-07 -4.19034868e-07]","[-154.92335903 -154.48483707 -155.62914258 -157.93393301 -155.84924043
 -153.70861367 -155.84924043 -155.76673734 -158.42823946 -155.07486262
 -158.41775275 -156.70852638 -154.3860611  -155.29734697 -156.46608381
 -154.95118702 -154.26490901 -155.21030018 -155.09706145 -156.45260904
 -156.09175241 -156.92280253 -155.81732327 -154.90440132 -155.63468793
 -157.47606717 -159.06961052 -157.28044487 -154.58706639 -157.29275878
 -154.84880067 -155.62458338 -158.51471405 -155.62914258 -156.52777233
 -158.0282668  -160.21095091 -161.39768556 -154.93257157 -154.8246856
 -155.26241025 -156.29889958 -155.67397289 -154.81190625 -155.20388264
 -155.81181916 -154.47569017 -158.23258525 -157.11109165 -155.85711137
 -155.27573877 -156.35429936 -156.48036527 -155.62458338 -156.74155107
 -156.03414382 -158.51101493 -154.92263302 -155.62914258 -154.60601671
 -157.38056582 -155.8585568  -155.54094083 -153.83394165 -155.67590382
 -155.45091396 -158.37015486 -157.37443961 -153.70667505 -157.3867011
 -156.24327569 -154.27742846 -156.28850787 -154.94860999 -155.40739878
 -155.40561674 -155.94365423 -155.63468793 -158.97470738 -157.03718244
 -155.62914258 -158.56530638 -156.91288117 -156.46278587 -157.15795332
 -156.76251467 -156.73469617 -157.0191943  -154.47569017 -154.98417481
 -155.5722446  -158.29844952 -159.2613138  -155.67397289 -156.8658215
 -157.74005142 -158.93341364 -155.42743842 -158.0516411  -155.92872018]",0.18
162,0.1733508370216107,"[ 2.94940688e-07  0.00000000e+00  7.11013700e-08  0.00000000e+00
  2.25303795e-07  3.40035794e-07  1.42159666e-06 -9.56099563e-07
 -3.62736658e-07  1.16867591e-08 -5.98467640e-07  0.00000000e+00
  2.29463668e-06  0.00000000e+00  1.43082979e-06  0.00000000e+00
  1.90817328e-07  2.45275978e-06 -1.52205039e-06 -2.49883884e-06
  0.00000000e+00 -1.64322983e-06  0.00000000e+00  1.05794283e-06
 -5.95317167e-07  1.98700983e-07  1.66204781e-07  1.06990828e-06
 -2.16718648e-07 -9.53959525e-07  0.00000000e+00  3.03475103e-07
  2.93618162e-06  4.83639423e-06  0.00000000e+00  1.97198769e-06
 -1.60898995e-06  0.00000000e+00 -1.12286946e-06  3.65391938e-07
  0.00000000e+00  3.12872473e-07  0.00000000e+00 -4.56520412e-08
 -4.64182379e-07 -9.37280633e-07 -1.46632137e-06  0.00000000e+00
  0.00000000e+00  2.33114232e-06 -7.42411576e-07 -4.85570084e-08
  0.00000000e+00 -7.35647047e-07 -2.77074920e-06  2.26129602e-07
  1.23985856e-06  2.55514044e-08  0.00000000e+00 -1.67329441e-06
  0.00000000e+00  8.81619504e-07 -1.98681437e-07  0.00000000e+00
 -6.44153146e-07 -2.28595428e-06 -2.50646050e-06  0.00000000e+00
  4.40264219e-06  1.82209999e-06  8.67809547e-07  0.00000000e+00
  3.81081887e-07  0.00000000e+00  0.00000000e+00  7.93293934e-07
  6.06728688e-07 -4.32541460e-07  3.76764206e-07 -3.10708460e-07
  1.52135609e-06  9.62746195e-07  3.76205452e-06  6.65016452e-08
 -7.36580883e-07  2.26538812e-07  0.00000000e+00  9.01611814e-07
  0.00000000e+00 -4.25361496e-07  2.34498787e-06  8.06240735e-08
  0.00000000e+00  0.00000000e+00  5.95811518e-07  0.00000000e+00
 -5.57847882e-07  4.27475407e-07  3.60117998e-06  4.88418053e-07]","[-155.93636257 -156.24327569 -155.16381971 -154.58706639 -157.0576721
 -153.88469951 -155.49817294 -156.7715144  -156.77485101 -154.14076399
 -157.03440393 -155.26241025 -154.31915266 -154.93257157 -155.97862824
 -154.94860999 -155.55970067 -156.27665835 -155.80955737 -158.07138392
 -154.94860999 -159.36783532 -156.03414382 -157.07120312 -154.55336436
 -157.64090681 -156.3075229  -155.78496353 -155.86943644 -155.4062166
 -154.94860999 -155.57720163 -155.85918151 -156.27116974 -154.48483707
 -157.85411387 -154.58706639 -156.29889958 -159.20191824 -155.93399014
 -154.47569017 -156.40980653 -155.21030018 -154.33604997 -157.70532635
 -153.41904287 -157.71295532 -154.92335903 -156.45260904 -158.76296335
 -157.39844609 -156.30525924 -155.76673734 -154.68176506 -156.90415267
 -158.28383402 -156.17477976 -153.73240389 -154.60601671 -154.63560674
 -155.26241025 -158.14480181 -154.28563982 -155.67397289 -154.94742444
 -157.05864249 -155.55256472 -155.62914258 -155.04778097 -158.59443206
 -159.18726191 -154.95118702 -157.48804055 -155.21030018 -155.21030018
 -154.65383266 -152.91263189 -154.87166107 -156.43228054 -155.65396034
 -155.47584596 -156.18701648 -155.74510148 -157.07021743 -156.38661037
 -156.37229522 -154.92263302 -158.62772592 -155.27573877 -156.81625172
 -155.41501512 -156.11572598 -154.92335903 -155.21030018 -153.85581665
 -154.47569017 -158.09089274 -154.72124017 -157.99276922 -154.86804595]",0.192
163,0.17071560337230193,"[ 1.37536621e-06  0.00000000e+00 -4.35137613e-07 -1.00874680e-06
  0.00000000e+00  1.66604239e-06 -1.43860020e-06 -1.98696649e-07
 -1.10541491e-06 -1.16720903e-06  1.64996099e-06 -8.16650908e-07
  2.70332454e-07  9.99083477e-07 -7.74873879e-07  5.01389486e-07
  0.00000000e+00 -1.46781997e-06  2.56594522e-06  4.19565715e-07
  6.36022944e-07  0.00000000e+00 -1.28235668e-06 -3.32997993e-07
  8.90035356e-07 -3.08001703e-07  1.18389410e-06  1.19836638e-06
  0.00000000e+00  8.54420281e-07  1.18650303e-07  0.00000000e+00
 -3.00190728e-06  1.65072436e-06  0.00000000e+00  0.00000000e+00
  1.03106218e-06  0.00000000e+00  0.00000000e+00  0.00000000e+00
 -2.08211488e-06  0.00000000e+00  0.00000000e+00  0.00000000e+00
  0.00000000e+00  0.00000000e+00  0.00000000e+00 -9.75157632e-07
 -1.64896953e-07  1.82563970e-07  0.00000000e+00  0.00000000e+00
 -7.80037835e-07  0.00000000e+00 -1.93508045e-07  1.09131352e-06
  1.80622150e-06  0.00000000e+00 -6.39613191e-07  0.00000000e+00
  0.00000000e+00  1.24543732e-06  7.64998921e-07  0.00000000e+00
  0.00000000e+00 -9.95599323e-07  2.82855457e-06  0.00000000e+00
 -1.25826616e-06  2.73243706e-07 -4.99744689e-07  0.00000000e+00
  1.51950533e-06  1.28217578e-06 -3.83786095e-07  0.00000000e+00
 -2.02327102e-06  5.80838604e-07  0.00000000e+00 -1.69170655e-06
 -2.82777827e-06  0.00000000e+00  0.00000000e+00 -1.23634408e-07
  8.11467165e-08  0.00000000e+00 -1.79695278e-06  3.36534807e-07
 -1.62183769e-07  5.24104040e-07  1.64409677e-06 -1.55838836e-06
 -5.97047580e-07  1.63411202e-06  0.00000000e+00  0.00000000e+00
  0.00000000e+00  4.95503244e-07  4.86637337e-07  0.00000000e+00]","[-157.8330222  -153.73240389 -156.74152961 -154.21683788 -156.11572598
 -157.23814443 -158.82167686 -157.25655602 -157.35904777 -155.52792955
 -156.03248876 -155.61433755 -154.75393177 -155.77232688 -157.2006333
 -156.4532054  -152.91263189 -155.42926584 -159.26641269 -155.25272413
 -159.62332366 -155.21030018 -152.35487351 -154.76250804 -157.32408143
 -155.88131104 -156.64895003 -154.27168247 -157.07021743 -155.39475371
 -155.02678363 -156.17477976 -154.3766816  -155.03878718 -156.11572598
 -154.58706639 -158.42317629 -154.58706639 -155.21030018 -154.72124017
 -159.21940498 -154.65383266 -153.73240389 -154.94860999 -155.21030018
 -155.85918151 -154.94860999 -158.90733932 -155.62722987 -156.03067431
 -154.92335903 -154.60601671 -156.04185541 -153.73240389 -155.36300945
 -156.64771453 -154.52479907 -153.85581665 -158.44548437 -154.58706639
 -155.27573877 -159.48242656 -159.1583818  -155.26241025 -155.55970067
 -154.90403844 -159.73230867 -155.21030018 -156.34630584 -156.11572598
 -156.91269931 -155.93399014 -156.24393469 -156.37039697 -155.21089305
 -155.21030018 -157.7491768  -155.23397436 -154.94860999 -155.07106903
 -155.20088571 -155.21030018 -156.11572598 -155.37126596 -156.30813179
 -154.72124017 -156.29889958 -156.7295728  -156.18302385 -154.17848518
 -155.36267045 -156.56295272 -154.8334704  -157.44518231 -154.60601671
 -155.47584596 -155.21030018 -158.08102389 -155.26241025 -155.21030018]",0.15099999999999997
164,0.16792792237050957,"[-1.32606256e-06  4.81117741e-07  7.95230918e-07  0.00000000e+00
  2.12622013e-06  2.03434153e-06  0.00000000e+00 -2.78093632e-06
 -1.72750546e-06  1.35438490e-06  0.00000000e+00 -1.15713699e-07
 -8.46806648e-07 -7.85809942e-07 -2.83915933e-07  2.93701582e-07
 -2.78052810e-07 -1.03290887e-06  0.00000000e+00  0.00000000e+00
  0.00000000e+00  0.00000000e+00 -1.63957951e-06 -3.71021509e-06
 -1.66531927e-06 -2.57316290e-06  0.00000000e+00 -1.45762327e-06
  0.00000000e+00  1.72095089e-06  5.62414861e-08 -3.03191348e-06
  2.59781192e-06 -3.01106306e-07  1.80897700e-06 -4.00499201e-08
  1.92643943e-06  3.27093421e-06  0.00000000e+00  6.23611833e-07
 -1.41650190e-06 -9.99485318e-07  1.37980041e-06  0.00000000e+00
  3.44437325e-07 -1.24823688e-06 -6.90282089e-07 -2.97403654e-06
  8.10510165e-07  0.00000000e+00  2.00276183e-06  0.00000000e+00
 -1.62953278e-06  1.93461029e-07  2.17177936e-06  0.00000000e+00
 -3.30623661e-07  0.00000000e+00  0.00000000e+00 -1.77340698e-06
 -2.61704113e-06  1.25978390e-06  7.12164869e-07  1.66675649e-07
  1.76287523e-06 -9.82054456e-08  3.46655212e-06  0.00000000e+00
  0.00000000e+00  0.00000000e+00 -7.80039129e-07  1.27348243e-06
  2.35414565e-07 -4.88306957e-07  0.00000000e+00  0.00000000e+00
  2.33105408e-07 -1.33283053e-06  0.00000000e+00  4.49462185e-06
 -3.97796726e-07  1.25809925e-06 -5.86120954e-07  0.00000000e+00
  0.00000000e+00  0.00000000e+00  0.00000000e+00  0.00000000e+00
  2.89006681e-06  2.25542789e-06 -6.83571011e-07  0.00000000e+00
  0.00000000e+00  1.26524140e-07 -3.10376532e-06  0.00000000e+00
  1.73451318e-06  0.00000000e+00  0.00000000e+00  3.30515526e-07]","[-157.0130194  -159.01376037 -152.65093827 -155.21030018 -156.72227226
 -155.78454913 -155.21089305 -156.89440172 -159.60491631 -157.14690688
 -154.60601671 -156.0370415  -155.07106903 -156.73650697 -154.16840344
 -155.30283036 -155.83830937 -155.61914477 -154.3766816  -154.3766816
 -154.76250804 -156.4532054  -155.35547071 -158.77470109 -158.24481501
 -154.33949029 -152.35487351 -157.39447299 -154.3766816  -156.35112012
 -156.43856461 -159.32556781 -158.69608959 -156.35112757 -156.02359903
 -154.0285959  -155.7314419  -158.53073461 -154.76250804 -155.25272413
 -156.61745185 -154.73410309 -155.6976773  -154.8334704  -158.31917625
 -158.41896267 -153.15440195 -154.99430867 -153.63578602 -154.8334704
 -155.85137877 -155.21030018 -157.41901603 -156.73592711 -156.09015415
 -154.3766816  -157.1046904  -156.24393469 -155.37126596 -158.75799294
 -156.81106805 -155.68835607 -154.91982021 -156.80113601 -154.07210085
 -153.00711556 -158.82274958 -154.76250804 -154.58706639 -154.8334704
 -157.85236312 -155.27613333 -154.78066558 -156.79379178 -155.21030018
 -154.72124017 -157.09452332 -156.50964055 -154.58706639 -158.15682559
 -154.37795599 -154.8334704  -155.30806285 -155.21030018 -156.03248876
 -155.61433755 -153.73240389 -154.76250804 -155.65355883 -160.60220026
 -154.92979607 -153.73240389 -155.21030018 -155.08242739 -157.08340262
 -155.20088571 -157.34167996 -153.85581665 -154.76250804 -156.66347272]",0.17600000000000002
165,0.16531450635777126,"[-8.60679267e-08  0.00000000e+00  5.42190253e-08  1.26483372e-06
  0.00000000e+00 -1.36892042e-06 -1.77115852e-06  1.36071855e-06
 -1.45275706e-06 -2.98334975e-06  1.60658521e-06  0.00000000e+00
  1.65409408e-07 -2.36088116e-06 -1.44389846e-06 -5.80867904e-07
  7.97535773e-07  1.56759276e-06 -2.51390989e-07 -4.92051121e-07
 -1.33667804e-06  2.52925482e-06 -9.17660920e-07  0.00000000e+00
  0.00000000e+00 -1.04683272e-06  0.00000000e+00  0.00000000e+00
 -1.12639762e-06  0.00000000e+00 -1.80727922e-07  2.81902598e-07
  4.13202229e-07 -7.92557806e-07  5.23187223e-07 -5.26513541e-06
  2.08493144e-07 -2.82705031e-07 -8.03996868e-07 -5.59996557e-07
 -4.46835446e-06  0.00000000e+00  5.63227485e-07  0.00000000e+00
  0.00000000e+00  0.00000000e+00  1.20282118e-06  4.69559980e-07
  6.40507163e-07 -8.38967000e-07  0.00000000e+00  0.00000000e+00
  1.02577163e-07 -1.33739129e-06  0.00000000e+00  8.50858586e-07
  2.30923447e-06 -1.36245566e-06 -1.87242167e-06 -2.49219950e-06
  0.00000000e+00 -6.82309053e-07 -6.82833831e-08  3.64384657e-07
  0.00000000e+00  0.00000000e+00  1.10824578e-06 -1.22193325e-08
 -1.07424284e-06  1.25500765e-06  1.76726010e-06  0.00000000e+00
  5.77892252e-07  0.00000000e+00  7.77357694e-07  3.71060869e-07
 -4.60335592e-07  1.16843898e-06  2.00081560e-06 -1.83873221e-06
 -2.43324423e-06  1.61995197e-06  0.00000000e+00  0.00000000e+00
 -5.66302345e-07  5.73911915e-08 -8.69703262e-07  0.00000000e+00
  0.00000000e+00  1.83099524e-07  7.99305677e-07 -6.14070452e-08
 -2.71273699e-08  0.00000000e+00  1.15065716e-06  1.44117433e-06
  5.75832158e-07 -5.28895294e-08  0.00000000e+00  0.00000000e+00]","[-157.26856904 -155.08242739 -154.29368248 -154.65261803 -154.76250804
 -156.00271965 -156.02359903 -154.47990825 -154.00695086 -155.77058441
 -156.14891412 -154.76250804 -153.58884617 -155.20839413 -157.81542169
 -155.4515814  -156.130407   -157.54760372 -158.09041923 -154.78149168
 -156.7402648  -158.74672043 -158.84890916 -154.33949029 -154.91982021
 -157.43649868 -155.08242739 -155.27613333 -160.16521676 -155.61914477
 -158.54650648 -156.25066066 -157.58611343 -155.77060907 -156.0471404
 -156.80223831 -155.95291998 -156.28634353 -157.77449319 -155.28153454
 -156.23876641 -154.76250804 -157.01595815 -154.33949029 -152.65093827
 -155.6976773  -158.28845861 -155.65197853 -157.72117444 -158.75115258
 -154.58706639 -157.14690688 -158.71385475 -154.55471368 -154.58706639
 -154.40743357 -154.95004549 -155.39947013 -157.10718446 -156.80202811
 -153.63578602 -156.53854762 -157.36465131 -154.89906458 -155.65355883
 -154.99430867 -158.7305523  -156.35112012 -155.55453996 -154.11684861
 -157.92362286 -154.76250804 -156.5583876  -154.33949029 -156.64027657
 -154.94095353 -158.24481501 -155.88408259 -157.42633575 -155.928046
 -156.11843512 -155.11891467 -154.8334704  -154.73410309 -157.10674201
 -156.0370415  -157.55724835 -154.99430867 -154.76250804 -151.94925714
 -158.71161655 -157.36278255 -155.62066792 -154.76250804 -155.5538427
 -156.91572264 -156.01116808 -157.21358217 -154.07210085 -155.35547071]",0.18499999999999997
166,0.1637311093765657,"[ 0.00000000e+00  1.44316468e-06 -4.26893379e-07  1.41165808e-06
  1.64130846e-06 -6.18050216e-07  0.00000000e+00  2.57883582e-06
 -9.79120787e-08  1.73656474e-06 -3.73646587e-07  0.00000000e+00
  0.00000000e+00 -3.14277976e-07 -2.92014576e-07  8.71197113e-07
 -2.47181325e-06  0.00000000e+00 -2.39741587e-07 -1.64085006e-08
  0.00000000e+00 -1.22437159e-06  1.21603368e-06 -7.43609469e-07
  9.64050630e-07  2.20123529e-06  0.00000000e+00  5.76975485e-07
  0.00000000e+00 -1.62108968e-06  0.00000000e+00 -1.64389780e-06
 -1.28506845e-06 -3.94996695e-07  1.19969311e-06  0.00000000e+00
  5.79617759e-07 -7.79913480e-07  1.85281121e-07 -1.12618244e-06
 -1.37229157e-06 -4.20854284e-07  0.00000000e+00 -2.19237214e-06
 -5.93703566e-07 -5.16479507e-08  0.00000000e+00 -7.63093883e-07
 -9.57780241e-07  1.76912817e-06  5.90223014e-07 -8.15748129e-08
  2.29574237e-07 -5.83277747e-07  0.00000000e+00 -1.31259138e-06
 -5.11853117e-07  2.98047992e-06  0.00000000e+00 -3.98373362e-07
  2.10960878e-06 -1.59007460e-06 -1.13481650e-07  0.00000000e+00
 -8.00939624e-07 -1.44939919e-06  2.07911756e-06 -1.56220173e-06
  2.81193145e-07 -1.36263222e-07 -2.81186551e-06  0.00000000e+00
  0.00000000e+00  5.44730088e-06  0.00000000e+00 -2.07820065e-06
 -1.31636806e-06  2.46419798e-06  0.00000000e+00  0.00000000e+00
  0.00000000e+00  0.00000000e+00  1.33322616e-06  0.00000000e+00
 -2.76113018e-06  1.93807589e-06  7.39897566e-08 -1.95632690e-07
  0.00000000e+00  0.00000000e+00  0.00000000e+00 -1.33358556e-07
  3.89104766e-07  0.00000000e+00 -8.78025570e-07  0.00000000e+00
 -5.66859783e-07 -1.63191808e-06  0.00000000e+00  7.74923284e-08]","[-154.94095353 -156.04577591 -157.59702232 -158.13543465 -153.90838681
 -156.77847972 -153.58884617 -156.08821939 -153.43083681 -155.71009544
 -156.34814981 -154.76250804 -155.77060907 -158.6990098  -156.93306761
 -157.6448983  -159.87526569 -157.36465131 -155.83295433 -157.63445197
 -156.80223831 -158.24247526 -155.93079225 -154.57219458 -154.71307633
 -155.86750619 -155.27613333 -155.24825545 -154.47990825 -156.81771071
 -155.5538427  -154.10137595 -155.98586134 -156.6430791  -152.2190454
 -155.20839413 -156.00177696 -157.50846935 -154.28496388 -156.86093495
 -155.18905453 -158.76890568 -156.25066066 -155.50983417 -157.41886691
 -155.62066792 -154.99430867 -156.77011467 -156.20104491 -155.29719035
 -155.30463345 -155.38235429 -155.50251265 -156.35323228 -154.40743357
 -155.82040152 -157.79250311 -159.32984307 -153.58884617 -156.41050435
 -159.23716856 -155.49980036 -154.86364308 -155.08242739 -153.93210031
 -154.72724702 -156.95047102 -157.72390233 -156.22681892 -157.91638272
 -157.03730436 -154.89906458 -154.29368248 -156.49312862 -155.61914477
 -157.08266697 -158.65460769 -156.04893728 -155.28153454 -154.78149168
 -155.39947013 -154.94095353 -154.33108874 -155.77058441 -156.79552023
 -157.09337228 -158.96349093 -155.35547071 -154.76250804 -154.76250804
 -154.89906458 -155.04328637 -158.7934589  -155.77060907 -154.3641086
 -154.73410309 -154.76250804 -155.33488048 -154.89906458 -157.49216454]",0.16
167,0.1620099148955926,"[ 0.00000000e+00  8.78917915e-07  0.00000000e+00 -2.13014048e-06
  3.02253638e-07 -9.41745622e-07  0.00000000e+00 -1.18871021e-06
 -1.75362339e-06  1.35624349e-06  0.00000000e+00 -1.21802189e-06
 -1.00161279e-06 -7.74959481e-07 -8.30147429e-07 -1.23223940e-06
  2.07232980e-07 -4.80477254e-07  0.00000000e+00  0.00000000e+00
  1.62058801e-07  3.50016899e-07  3.37883272e-07  0.00000000e+00
  9.50611280e-07  0.00000000e+00 -2.65937428e-06  0.00000000e+00
  0.00000000e+00  0.00000000e+00  1.36812415e-07 -1.12104018e-06
  8.17707332e-07 -2.69673268e-06  1.57233075e-06  0.00000000e+00
  0.00000000e+00  2.89209735e-06  0.00000000e+00  0.00000000e+00
  2.31640625e-06  0.00000000e+00  0.00000000e+00  2.90141891e-07
  2.39015048e-06  4.01686024e-07  0.00000000e+00  0.00000000e+00
 -4.67674780e-07  0.00000000e+00  1.38580566e-06  2.46445709e-06
  1.44074372e-06 -4.71792154e-07 -2.88328402e-06  0.00000000e+00
 -3.47520281e-07  0.00000000e+00  6.21885018e-07 -2.82115987e-06
  2.31933230e-06 -1.59161200e-06 -6.93668087e-07 -1.21909452e-06
 -1.49500316e-06  1.34227489e-06  0.00000000e+00  9.42125458e-09
 -3.68153102e-07  0.00000000e+00 -1.37034852e-08  8.35952040e-07
  5.88822363e-07  0.00000000e+00  1.61737555e-06  9.04108622e-07
  1.22933328e-06 -1.01607125e-06 -9.48047489e-07  3.89827308e-07
 -3.88443807e-06 -3.36516406e-07  0.00000000e+00 -1.93411423e-06
 -2.14283887e-06  0.00000000e+00  2.02118394e-06  1.51411034e-07
  4.06170347e-07 -6.62648540e-07  9.45110293e-07 -1.46751702e-06
 -2.22999123e-06  4.16774228e-07 -3.55433538e-06  0.00000000e+00
  1.56059423e-06  0.00000000e+00 -4.49419707e-08  3.45124424e-06]","[-155.77060907 -154.01274635 -155.77060907 -156.02314904 -155.9565203
 -156.64087359 -155.38235429 -156.64101012 -156.82631506 -153.68026724
 -155.77060907 -156.18718314 -153.23421865 -157.51444532 -156.29269508
 -156.1597618  -155.93349397 -155.93041127 -156.04577591 -154.3641086
 -156.17403501 -158.90173684 -156.75179233 -155.77060907 -156.15686726
 -154.94095353 -157.52998393 -154.76250804 -155.77060907 -155.77060907
 -153.43068777 -155.76203681 -155.95254381 -156.42312812 -157.13014561
 -153.93210031 -153.58884617 -154.24384949 -154.78149168 -155.77060907
 -153.75975539 -156.77847972 -154.89906458 -154.93267877 -155.06521527
 -158.07069749 -154.71307633 -155.77060907 -157.74317118 -154.40743357
 -157.29667668 -159.44695971 -154.05642718 -154.9440684  -154.83619897
 -154.33108874 -155.57176159 -154.71307633 -155.84785114 -156.28514247
 -153.81065619 -155.77060907 -155.44342232 -155.84708407 -154.87218094
 -158.01786824 -155.29719035 -156.26492872 -153.87766712 -154.40743357
 -155.28153454 -158.52799773 -156.58381508 -155.29719035 -155.29879098
 -156.46001895 -152.3021803  -155.50045646 -157.84098859 -155.46479064
 -157.7806663  -153.75549338 -154.76250804 -157.51339582 -156.12343871
 -157.09337228 -156.32226782 -155.42606862 -155.9774908  -155.41113481
 -155.88879471 -154.88258638 -155.47732438 -156.55613932 -159.16934897
 -156.95047102 -156.32060868 -155.77060907 -157.06653201 -157.12376386]",0.17000000000000004
168,0.16016186344763939,"[ 0.00000000e+00 -1.63492854e-06 -1.18400086e-06 -1.81888243e-06
  0.00000000e+00  0.00000000e+00  1.64062068e-06  1.40796936e-07
  9.26900953e-07 -2.93503462e-07  3.93653706e-07  0.00000000e+00
  6.88003556e-07  0.00000000e+00 -6.58350658e-07 -1.70664061e-06
 -1.90194266e-06  0.00000000e+00  0.00000000e+00 -3.57804382e-07
  1.90471687e-09  1.60630534e-06 -2.21911261e-07  0.00000000e+00
  0.00000000e+00 -6.99082372e-07 -2.07663171e-06 -6.52001000e-07
  1.27933948e-06  0.00000000e+00  8.06353157e-07  3.25968063e-07
  1.82093584e-07  0.00000000e+00  1.09170616e-07  0.00000000e+00
  2.29383378e-08  0.00000000e+00 -9.35521393e-07  0.00000000e+00
 -1.58593547e-06  1.37199370e-07 -1.09618622e-06 -3.51872555e-07
  0.00000000e+00  9.23414084e-07  0.00000000e+00 -2.07494359e-06
  0.00000000e+00  0.00000000e+00 -3.98517618e-06 -3.23465896e-06
 -2.82213780e-06 -1.80916640e-06 -1.21108568e-06  0.00000000e+00
 -1.87705611e-06  0.00000000e+00  4.48420957e-07 -2.15399057e-06
  3.43056227e-06  6.62642409e-08 -2.62656734e-06  0.00000000e+00
 -2.55848855e-06  1.30178486e-07  0.00000000e+00 -5.34515710e-07
  1.77571420e-06 -3.59398226e-07 -2.57336733e-06  0.00000000e+00
 -2.04820527e-06 -3.07264103e-07  0.00000000e+00  0.00000000e+00
 -3.88643630e-07 -9.62807596e-07 -2.49335206e-06  0.00000000e+00
  0.00000000e+00  0.00000000e+00  7.42287532e-07  0.00000000e+00
 -1.78801769e-06  2.43552815e-06 -2.04142769e-07 -3.24189250e-07
  5.97642548e-07 -4.19580616e-07  1.63814359e-06  4.54346539e-07
  0.00000000e+00 -7.86047686e-07  3.18486646e-07  0.00000000e+00
  7.14043805e-07 -1.24777899e-06 -1.64322319e-06  7.34451378e-07]","[-153.81065619 -153.4732986  -156.33299954 -157.09119402 -155.77060907
 -155.77060907 -156.77194154 -159.08371949 -159.51887622 -156.48410458
 -157.79525996 -155.77060907 -155.52084741 -154.3641086  -158.02041978
 -154.79534917 -156.21408698 -155.77060907 -153.58884617 -158.56368353
 -154.35786507 -157.40981537 -156.5743259  -155.9774908  -153.75975539
 -155.69438855 -160.33066116 -159.57630664 -155.2977502  -152.3021803
 -155.48058796 -154.17735533 -155.79470351 -155.95254381 -155.58792104
 -156.29269508 -153.10812723 -155.77060907 -156.6359702  -155.50045646
 -159.36615751 -155.25645133 -158.39745216 -161.42986944 -154.40743357
 -158.23143318 -156.46001895 -155.78809108 -155.57176159 -154.40743357
 -159.89664199 -155.50782959 -157.14047909 -158.2942097  -156.28898085
 -155.77060907 -160.44892925 -155.77060907 -156.58115258 -155.13885238
 -154.87974461 -154.17822359 -153.9206697  -155.77060907 -158.51091286
 -156.0516134  -155.06521527 -155.83463449 -157.7831208  -156.05017983
 -158.17426697 -154.40743357 -155.75112767 -154.3641086  -155.06521527
 -155.29719035 -156.29621935 -155.8847592  -157.60419565 -155.77060907
 -153.75549338 -153.68026724 -156.88352175 -154.88258638 -156.25496639
 -154.7951174  -157.04297042 -156.81272488 -156.7110204  -158.43429357
 -156.26583579 -155.56540873 -155.77060907 -153.91920303 -154.61577451
 -155.29719035 -154.06024193 -155.49040484 -153.60302134 -155.60610567]",0.149
169,0.15798399401393912,"[ 5.66586979e-07  0.00000000e+00  4.63299321e-07  0.00000000e+00
  0.00000000e+00  4.59889379e-06  0.00000000e+00  0.00000000e+00
  1.55636989e-07  1.63988819e-06  0.00000000e+00  2.01773727e-08
 -6.06528057e-07  0.00000000e+00  3.16611064e-07  2.90275828e-06
 -1.90914020e-06  0.00000000e+00  1.25328001e-06  2.92055867e-06
 -2.40959990e-07  0.00000000e+00 -1.19965520e-06  0.00000000e+00
  8.70838512e-07  4.40846189e-07  0.00000000e+00 -2.84716209e-06
  0.00000000e+00 -1.85047180e-06  2.77786263e-07  0.00000000e+00
  4.88242831e-07  0.00000000e+00  0.00000000e+00 -1.14613008e-06
 -2.46946539e-07 -5.63352008e-07 -9.46739376e-07  0.00000000e+00
  0.00000000e+00  0.00000000e+00  2.19837923e-07 -1.37408881e-06
 -1.03312066e-06 -3.62246904e-07 -8.26773970e-07  2.21775301e-07
  2.34590041e-06 -6.28937131e-07  0.00000000e+00  0.00000000e+00
  0.00000000e+00 -1.11136193e-06  0.00000000e+00  0.00000000e+00
  0.00000000e+00  0.00000000e+00  3.94937482e-06  6.12183995e-07
 -2.08810260e-06  0.00000000e+00  0.00000000e+00  0.00000000e+00
 -5.62838314e-08  1.28489604e-06 -8.84250253e-07  0.00000000e+00
  1.36271184e-06  1.14406473e-06 -7.05633968e-07  0.00000000e+00
  0.00000000e+00  0.00000000e+00  2.40448939e-06  0.00000000e+00
 -3.69037601e-07 -1.05131168e-06  1.25018556e-07 -7.70759046e-07
  0.00000000e+00  0.00000000e+00  0.00000000e+00 -1.54967121e-06
  0.00000000e+00  2.08973880e-06 -1.62251920e-06  8.42438290e-07
  2.19864904e-06 -1.55552717e-06  0.00000000e+00 -2.25635445e-06
  2.11651504e-06  0.00000000e+00 -1.26717973e-06 -6.89384261e-07
  0.00000000e+00  0.00000000e+00 -5.75530797e-07 -4.12848226e-07]","[-153.7418999  -155.49040484 -156.14643194 -153.60302134 -155.2977502
 -159.13291676 -155.77060907 -155.77060907 -156.66215753 -155.51476378
 -153.4732986  -155.18941959 -151.94449237 -154.87974461 -158.84780844
 -155.98191354 -156.53454178 -155.78809108 -156.83954955 -156.74883922
 -154.81052826 -155.52084741 -157.64940942 -155.48058796 -154.42548778
 -156.33188422 -155.77060907 -156.98457731 -155.77060907 -156.3575287
 -154.48320682 -154.79534917 -154.8236698  -156.7110204  -155.77060907
 -153.2152858  -155.73781924 -156.93413927 -155.39426574 -153.4732986
 -155.77060907 -154.35786507 -153.84594701 -155.52191166 -155.77060907
 -157.55258572 -155.74888991 -154.09093464 -159.08936638 -155.57092939
 -153.81065619 -155.77060907 -155.8847592  -156.08177149 -155.77060907
 -157.79525996 -155.77060907 -155.48058796 -157.31624737 -161.13670672
 -157.69955915 -155.77060907 -155.56540873 -155.06521527 -155.41765912
 -155.57032292 -155.50782959 -155.77060907 -155.75004577 -156.54976986
 -155.89255787 -153.4732986  -155.77060907 -155.79470351 -155.75507557
 -155.2977502  -156.64916141 -155.77060907 -155.82688732 -156.78987868
 -155.2977502  -155.77060907 -155.77060907 -153.81582645 -155.8847592
 -155.52127619 -155.9743484  -157.16985496 -154.33234935 -155.99909864
 -155.58792104 -159.60053799 -155.86894734 -154.7951174  -158.23065197
 -156.65564477 -153.81065619 -153.4732986  -158.44740272 -156.65497609]",0.131
170,0.1561092425638953,"[ 0.00000000e+00  6.56564720e-07  0.00000000e+00 -7.40152813e-07
  8.87576241e-07  0.00000000e+00  0.00000000e+00  1.94094698e-07
 -7.12501632e-07  0.00000000e+00  0.00000000e+00  3.65826519e-08
  2.01319654e-07  0.00000000e+00  0.00000000e+00  3.92569998e-06
 -9.15051533e-07 -2.65224059e-06 -2.14287160e-06  1.51392847e-06
  0.00000000e+00  6.01724496e-07  8.36923240e-08  0.00000000e+00
  0.00000000e+00  1.26289707e-06 -1.10618794e-07  0.00000000e+00
  0.00000000e+00 -2.19704671e-06 -2.91900689e-07  0.00000000e+00
 -3.51471091e-06  0.00000000e+00  1.00689259e-06 -6.97172921e-07
 -3.69080674e-07  5.39548892e-07  0.00000000e+00  0.00000000e+00
 -2.10925614e-06  1.60782349e-06 -3.56226538e-08 -1.66512943e-06
  2.01940297e-07 -2.86859616e-06 -1.86216618e-06  8.45312848e-07
  4.10318833e-07  0.00000000e+00  0.00000000e+00  1.38696734e-06
  0.00000000e+00 -2.58320884e-06 -1.96683664e-06  0.00000000e+00
  5.41709182e-07  0.00000000e+00  0.00000000e+00 -2.67945338e-06
  0.00000000e+00  1.22386532e-06  1.29172108e-06  0.00000000e+00
 -2.68177363e-06 -1.23050575e-07  0.00000000e+00  0.00000000e+00
  0.00000000e+00  0.00000000e+00  5.40700329e-07  0.00000000e+00
  1.23790680e-06  0.00000000e+00  1.67701505e-06 -2.19174373e-07
  0.00000000e+00  7.08016730e-07 -1.25781261e-06 -5.35272481e-07
  5.95693224e-07  0.00000000e+00 -1.11989153e-06  0.00000000e+00
  0.00000000e+00 -1.61022367e-06  0.00000000e+00  0.00000000e+00
  0.00000000e+00  1.30515852e-06  0.00000000e+00 -2.29403704e-06
  2.43842874e-06 -1.19507466e-06 -2.02474232e-06  2.39326671e-06
  0.00000000e+00  0.00000000e+00 -3.31024046e-06  5.88705657e-07]","[-155.50782959 -155.48058796 -155.77060907 -154.65791513 -160.57275674
 -151.94449237 -155.77060907 -155.92084682 -158.15581382 -156.66215753
 -153.81582645 -154.73858147 -155.93717862 -155.41765912 -155.77060907
 -155.23592292 -155.53251397 -158.09458315 -156.92712102 -157.72047321
 -153.84594701 -158.20610435 -154.77902006 -154.79534917 -155.77060907
 -156.64791079 -156.58689791 -155.48058796 -154.79534917 -156.28788816
 -154.75341527 -155.57032292 -156.20399919 -154.81052826 -155.12463116
 -158.10917974 -156.11650344 -154.61111585 -153.81582645 -154.7951174
 -156.03517611 -157.14634023 -159.97724395 -157.21835426 -155.00820448
 -157.91067539 -157.34388393 -155.04463084 -156.99830173 -155.52127619
 -153.81582645 -156.87402798 -155.52127619 -160.45433147 -157.09631982
 -153.7418999  -156.00575831 -155.75507557 -154.8236698  -156.74220052
 -155.77060907 -155.14009697 -154.84623445 -154.33234935 -156.99219792
 -157.67438163 -153.84594701 -154.81052826 -155.73781924 -155.52127619
 -156.92624421 -154.48320682 -155.77060907 -155.57032292 -155.53822417
 -153.5307532  -156.65564477 -155.36433457 -158.5611988  -157.43628866
 -155.96061374 -155.48058796 -155.05493624 -155.2977502  -155.77060907
 -155.10729494 -155.52127619 -155.18941959 -155.48058796 -155.58589719
 -155.52127619 -154.90420794 -155.10469011 -155.52771609 -158.8524645
 -155.89163899 -155.77060907 -155.77060907 -157.95751849 -155.01043988]",0.13100000000000003
171,0.15400018275759886,"[ 1.38761036e-06 -7.38216387e-08  0.00000000e+00  1.21007087e-06
  2.97966979e-06  1.00623596e-06  0.00000000e+00  1.43163002e-06
 -4.35319110e-07 -1.70192257e-06  7.40062903e-07  0.00000000e+00
 -1.72279450e-06  3.01920486e-06 -3.99292104e-06  0.00000000e+00
  0.00000000e+00  0.00000000e+00  1.48122331e-06  0.00000000e+00
 -3.00131799e-06  3.36009284e-06  0.00000000e+00  8.64550237e-07
  0.00000000e+00  4.57826895e-07  0.00000000e+00  4.97995771e-07
  0.00000000e+00 -4.76702621e-07  0.00000000e+00  0.00000000e+00
  0.00000000e+00  1.19435496e-06  0.00000000e+00  0.00000000e+00
  0.00000000e+00 -1.88064026e-06  0.00000000e+00 -7.55472518e-07
  3.51168819e-07 -2.30443927e-06 -1.37860945e-06  0.00000000e+00
  0.00000000e+00  6.33935535e-07 -3.13390498e-07  0.00000000e+00
  3.43662305e-07 -1.12256945e-06  0.00000000e+00  0.00000000e+00
  0.00000000e+00 -1.85859892e-06 -2.54010095e-06  1.83653793e-06
 -4.99467728e-07  0.00000000e+00  0.00000000e+00  0.00000000e+00
 -2.42279830e-07  0.00000000e+00  2.47575628e-06 -3.45511907e-06
  0.00000000e+00  2.56366349e-06  0.00000000e+00 -3.78035343e-07
  0.00000000e+00  0.00000000e+00  2.42813015e-09  2.72470499e-06
 -2.50075092e-07  7.16302413e-08  0.00000000e+00  0.00000000e+00
  0.00000000e+00  0.00000000e+00  4.27554306e-07 -1.31079635e-06
  0.00000000e+00  0.00000000e+00  0.00000000e+00 -2.55546443e-06
 -9.41393059e-07  3.91118503e-07  0.00000000e+00 -1.45339376e-06
  0.00000000e+00  0.00000000e+00  2.89700046e-06  7.23679421e-07
  1.32954632e-06 -1.16570069e-07 -3.48966099e-06 -1.54034750e-07
 -1.27816319e-07  0.00000000e+00 -1.93769588e-06  0.00000000e+00]","[-156.72475561 -156.93373605 -153.5307532  -156.15432189 -156.9083928
 -156.13564309 -155.52127619 -156.53574139 -155.88662436 -155.98844438
 -154.19852087 -155.92084682 -157.24858731 -156.54164775 -157.2498702
 -155.01043988 -156.11650344 -156.66215753 -155.17483764 -155.04463084
 -156.36378945 -155.62562    -156.11650344 -155.89744272 -155.52127619
 -155.56893831 -155.10729494 -156.9262534  -155.52127619 -155.6920196
 -155.75507557 -153.84594701 -155.41765912 -158.1219693  -155.52127619
 -154.65791513 -156.11650344 -155.30795448 -151.94449237 -157.23442511
 -156.26965772 -157.45566737 -154.48815653 -153.81582645 -155.77060907
 -155.52127619 -155.28655345 -155.52127619 -156.89108716 -154.70966041
 -153.81582645 -155.52771609 -153.81582645 -157.9713259  -156.42368958
 -157.46861565 -156.72346231 -153.84594701 -155.52771609 -155.14009697
 -155.50769825 -153.5307532  -155.79497235 -155.16096854 -153.81582645
 -154.88264954 -155.52127619 -157.06282    -155.52127619 -154.33234935
 -153.86150718 -157.17265124 -155.52127619 -154.92161957 -155.52127619
 -156.74220052 -155.52127619 -156.11650344 -153.42680975 -154.56858091
 -155.52127619 -155.52127619 -155.52127619 -154.95842779 -156.72274322
 -156.38823671 -155.04463084 -154.37766602 -155.05493624 -155.89163899
 -157.8981681  -156.04294178 -160.38424933 -156.72102016 -158.06759404
 -154.04960596 -155.4646018  -154.73858147 -158.03514484 -155.36433457]",0.11600000000000002
172,0.15122832865376717,"[-2.33927099e-06 -2.38516035e-06 -7.08157647e-07 -2.04211312e-06
 -1.43304923e-06  1.85800601e-06  8.38380460e-07  0.00000000e+00
  6.57847057e-07 -9.37966301e-07 -1.07537214e-06  0.00000000e+00
  5.04408542e-07 -4.21549529e-06  1.21356526e-06  2.63422148e-06
  4.95979231e-07 -1.27330944e-06 -6.96004761e-07  5.34311214e-07
 -6.13482521e-07 -1.36672345e-06 -1.13959069e-06  0.00000000e+00
  1.85196417e-06  0.00000000e+00  0.00000000e+00 -9.12553065e-07
 -1.58970383e-06 -1.74802802e-06 -4.06390416e-06 -1.31520990e-07
  0.00000000e+00  6.96895212e-07  4.08334574e-07  2.08357688e-06
 -1.13201925e-07 -6.88155900e-07 -7.98374996e-07  0.00000000e+00
 -1.55918606e-07  0.00000000e+00  1.11240250e-06 -3.56386306e-07
  5.14114933e-07  0.00000000e+00 -7.16170374e-08 -1.29060450e-07
  0.00000000e+00 -1.89575533e-07  4.51716407e-07  5.83548405e-07
  0.00000000e+00 -3.98183527e-06  1.91673612e-07 -6.34673858e-07
  9.96004270e-07 -1.81667283e-06  4.39030138e-08  0.00000000e+00
  4.30904006e-07  0.00000000e+00  1.15405273e-06 -2.13760962e-06
 -6.19041147e-07  2.50677714e-07  0.00000000e+00  0.00000000e+00
  3.76262940e-06  9.38506543e-07 -2.11962044e-06  0.00000000e+00
  1.46892124e-06 -4.05703055e-07  6.66007674e-07  5.11306414e-07
  0.00000000e+00  0.00000000e+00 -3.98309100e-07  0.00000000e+00
  0.00000000e+00  0.00000000e+00  1.56936449e-06 -1.06441181e-06
 -2.70385710e-06  3.87586139e-07 -5.61694922e-07 -1.00071453e-06
  2.20723701e-06  1.04346208e-06  0.00000000e+00 -1.20969383e-06
 -1.60847015e-06 -1.04973713e-07  2.13387440e-06  0.00000000e+00
  0.00000000e+00  0.00000000e+00  9.06826841e-07  0.00000000e+00]","[-156.87174659 -158.28398349 -155.52127619 -157.58979036 -156.61283768
 -156.3443175  -160.33882175 -153.81582645 -155.39549205 -155.52127619
 -157.79794301 -154.37766602 -156.02224927 -160.7993945  -156.23165547
 -156.37624477 -155.38756641 -156.5853056  -154.23627372 -153.84952319
 -159.21675782 -156.6530832  -154.90384799 -155.52127619 -153.82862653
 -155.36433457 -155.52127619 -155.52177335 -158.90342012 -157.32188526
 -159.10924636 -156.27688742 -155.56893831 -156.01714685 -156.08076232
 -159.7447639  -155.20520814 -157.6924836  -155.39698746 -155.52127619
 -157.96738192 -154.37766602 -154.97670215 -154.55799705 -156.47592734
 -154.37766602 -157.54823982 -155.29066983 -154.37766602 -158.10759316
 -157.89029033 -159.55600568 -155.52127619 -157.0353837  -154.92161957
 -156.64991917 -155.52921128 -156.99147081 -155.52127619 -155.52127619
 -156.09775933 -153.86150718 -159.04904975 -154.42762412 -156.40860003
 -156.9262534  -156.72102016 -155.52127619 -156.52545787 -157.4966113
 -155.65543148 -155.52127619 -155.61353357 -158.90199523 -157.10961079
 -157.5986214  -154.95842779 -155.52127619 -159.29358058 -155.52127619
 -156.9083928  -155.52127619 -155.00078771 -157.5987901  -157.77657661
 -158.76804387 -158.49176134 -155.41440278 -157.16617482 -157.41202804
 -155.16096854 -155.90681443 -155.82759018 -155.52127619 -156.48068061
 -155.28655345 -156.11650344 -155.52127619 -155.89163899 -153.84594701]",0.161
173,0.14881044863744747,"[-3.43497915e-07  1.02330379e-06 -4.75012988e-06  2.48070604e-07
  0.00000000e+00  0.00000000e+00 -1.32727920e-06 -4.25561273e-07
 -1.38158981e-07  1.46594964e-06 -4.08363394e-07 -8.04831587e-07
 -6.67861827e-07  8.62530459e-07  1.40832371e-06  0.00000000e+00
  2.84268751e-07  2.54697346e-07  1.87905676e-07  7.87835401e-07
  1.41675497e-06  0.00000000e+00  0.00000000e+00  9.26321487e-07
 -5.67471891e-07  0.00000000e+00 -1.34389284e-06 -2.36270352e-06
 -9.21610070e-07  0.00000000e+00  4.08973258e-07  1.24977230e-06
  1.78624144e-06 -4.69767513e-07  0.00000000e+00  0.00000000e+00
  1.74046796e-06 -6.74252618e-07  0.00000000e+00  0.00000000e+00
  1.06841697e-06  0.00000000e+00 -5.66082293e-07 -1.88193692e-07
  9.28690332e-08 -3.10074956e-07 -3.22345424e-06  0.00000000e+00
  0.00000000e+00  0.00000000e+00  1.03160731e-06  1.70244763e-06
  4.12483807e-06  0.00000000e+00  0.00000000e+00  0.00000000e+00
  3.21427439e-06  1.61592995e-06 -1.35953867e-07 -6.29724594e-07
  1.41623420e-06 -1.83823572e-07  0.00000000e+00 -1.23591651e-06
  5.76402755e-07  3.33431635e-07 -3.40936035e-06  6.53022119e-08
 -2.00857601e-06  0.00000000e+00 -1.02902288e-06 -5.11067827e-07
  7.58562851e-09 -1.38574185e-06  0.00000000e+00 -1.67730994e-07
 -1.31847461e-06 -4.40393754e-07  0.00000000e+00  6.40073773e-08
  1.77035369e-06 -1.49385347e-06  2.38960382e-07  4.73592312e-07
 -2.15430031e-06  2.47616541e-07 -9.08725071e-07 -7.35938813e-07
  0.00000000e+00  2.21650632e-06  0.00000000e+00  1.35992252e-08
 -3.89230942e-07  0.00000000e+00  1.56301620e-06  0.00000000e+00
  2.15414296e-06  2.12260918e-06 -1.59790317e-06 -1.23237578e-06]","[-156.65187464 -154.2570193  -156.2647889  -158.51849924 -156.5853056
 -156.87174659 -155.52127619 -157.84668581 -156.43996911 -157.42265992
 -155.52430261 -158.30413373 -158.29054227 -156.81514096 -155.38756641
 -156.08076232 -154.69680472 -158.03088979 -157.96577136 -156.78160267
 -157.13682961 -156.37624477 -155.38756641 -154.95438106 -156.90463087
 -155.52921128 -156.26883247 -156.61999571 -156.1404163  -155.16096854
 -156.5536741  -154.67063503 -154.85776539 -155.54354525 -155.52127619
 -155.39549205 -157.96097583 -156.79751618 -156.64991917 -155.41440278
 -155.01052737 -155.36433457 -160.95781603 -157.17765206 -156.46748944
 -157.28226851 -155.19729116 -155.52921128 -154.42762412 -154.97670215
 -154.89903844 -154.11699419 -156.3260053  -155.36433457 -155.20520814
 -155.52127619 -158.52166789 -153.4947241  -158.28435256 -156.95586758
 -159.16158055 -155.01245797 -155.52127619 -156.57076944 -156.72792484
 -155.03665611 -156.66381727 -157.21737114 -153.98107257 -155.39549205
 -154.5585641  -157.18549444 -153.26978178 -156.31545083 -155.52127619
 -157.31659198 -155.11291188 -153.76601892 -155.52127619 -153.94307579
 -160.29627908 -158.43355787 -157.7154819  -155.32248078 -156.69308341
 -153.59064745 -155.38756641 -156.50471761 -154.97670215 -157.72396187
 -155.52127619 -157.70744616 -156.01956204 -156.64991917 -154.0190025
 -156.87174659 -157.25955344 -155.52532403 -154.63354607 -155.94637426]",0.16400000000000003
174,0.14658540627456845,"[ 7.25087698e-07 -4.58234145e-07  2.05854539e-06  1.31917217e-06
  1.38680732e-06  0.00000000e+00  8.38815659e-07  2.66444611e-06
 -2.46862685e-07  1.14197681e-06 -3.07072152e-08  2.04077485e-07
  1.80859966e-07  0.00000000e+00  0.00000000e+00  0.00000000e+00
  0.00000000e+00  2.42813177e-06  0.00000000e+00 -1.40807250e-06
  3.86287319e-07 -1.06951811e-09  0.00000000e+00 -1.30485159e-06
  0.00000000e+00  1.19628180e-06  1.38577137e-06  2.37940939e-07
  0.00000000e+00  0.00000000e+00  2.10571894e-06  3.77866611e-07
 -4.99670694e-07  0.00000000e+00 -4.87409473e-07  1.37990315e-06
 -1.15360341e-06  9.64243823e-07 -7.81504790e-07  0.00000000e+00
 -1.15659733e-06 -7.71844040e-07 -1.09243648e-06 -2.20290029e-06
  0.00000000e+00  7.44141818e-07  2.99752775e-06 -1.96707368e-06
  0.00000000e+00 -2.91992273e-07  0.00000000e+00  0.00000000e+00
  0.00000000e+00 -4.88906301e-07  4.28724425e-06  6.36279174e-07
  3.29874384e-07 -3.18789342e-07  0.00000000e+00  1.08060821e-06
  0.00000000e+00 -9.24938512e-07 -1.02739727e-06  1.07807949e-06
  0.00000000e+00 -3.33057671e-08  2.52884706e-06 -5.99679263e-07
  0.00000000e+00  2.27740684e-06  0.00000000e+00 -6.11751255e-07
 -2.87235021e-07  0.00000000e+00 -1.66495736e-07  1.24285042e-07
  0.00000000e+00  0.00000000e+00  0.00000000e+00  0.00000000e+00
  0.00000000e+00  4.85603249e-07 -1.48259093e-06  0.00000000e+00
  2.16279342e-06 -2.45368019e-06  4.66556319e-07  0.00000000e+00
  0.00000000e+00  8.40330030e-07  2.92298069e-07  0.00000000e+00
  3.45409773e-07 -6.86464099e-07  0.00000000e+00 -3.29720067e-07
 -3.24251451e-07  0.00000000e+00  3.41346300e-06  0.00000000e+00]","[-156.78725099 -155.70410811 -158.83847766 -154.00288582 -154.56328759
 -154.97670215 -155.70444813 -156.84515479 -154.88269918 -154.29122395
 -156.60789556 -156.72617824 -155.5824802  -154.63354607 -155.38756641
 -155.52127619 -155.52127619 -158.09086043 -154.2570193  -156.65600853
 -154.86978051 -156.46449327 -154.63354607 -155.52060198 -154.85776539
 -157.32652467 -159.82214393 -156.51882119 -153.4947241  -155.52127619
 -156.53645823 -156.65187464 -159.56992811 -153.94307579 -156.65187464
 -156.01355783 -156.21719051 -155.34033069 -156.38843517 -154.63354607
 -157.41798735 -155.87827982 -157.50093236 -158.43495688 -153.4947241
 -157.750844   -158.10257398 -155.28035657 -156.46748944 -154.50656197
 -154.63354607 -156.46748944 -155.38756641 -155.51413148 -157.99068284
 -155.810477   -154.05388185 -155.81542928 -153.4947241  -158.79261291
 -153.4947241  -156.68849316 -158.58107579 -155.39611074 -153.4947241
 -156.32109546 -157.63603111 -153.82291637 -156.78160267 -154.04926338
 -156.64991917 -157.05716103 -156.61999571 -154.89903844 -156.92845432
 -155.92193957 -155.52127619 -156.64991917 -154.42762412 -154.42762412
 -154.69680472 -156.38735677 -156.7446492  -154.89903844 -156.18904504
 -156.22416695 -155.86445713 -154.69680472 -155.38756641 -156.07626025
 -155.3238992  -156.65187464 -156.09714026 -155.630831   -155.32248078
 -155.27369055 -156.20990365 -153.94307579 -157.80168029 -155.32248078]",0.141
175,0.14422617348796551,"[-3.82911063e-07 -1.53281841e-08  4.17168712e-07  2.78954078e-07
  0.00000000e+00  0.00000000e+00 -8.10352519e-07  2.89868638e-06
  4.94299579e-07  0.00000000e+00  2.33002922e-09  0.00000000e+00
  0.00000000e+00  1.02806761e-06 -4.65310507e-07  0.00000000e+00
  0.00000000e+00  7.01422013e-07 -2.58792569e-06 -4.02849803e-06
  0.00000000e+00  0.00000000e+00 -9.89494411e-07 -5.91139193e-07
  0.00000000e+00  0.00000000e+00 -1.89042583e-07 -5.24731265e-07
  1.64600259e-06 -2.07665733e-07  2.62049338e-07  4.83068562e-07
  0.00000000e+00 -1.67626587e-07  0.00000000e+00  7.61509870e-07
  1.57609590e-06  0.00000000e+00  6.31727087e-07  0.00000000e+00
 -7.71806484e-07 -2.59820480e-07 -1.22692215e-07  2.03426298e-06
  0.00000000e+00  0.00000000e+00 -9.96911874e-07  1.60525733e-06
  0.00000000e+00  0.00000000e+00 -3.54391051e-07  1.01548258e-06
 -3.94447165e-06  0.00000000e+00 -5.88273042e-07  0.00000000e+00
  4.20774614e-07  0.00000000e+00  1.59001907e-06 -1.61271059e-06
  0.00000000e+00  8.29638065e-07  0.00000000e+00  0.00000000e+00
  2.17042805e-06  0.00000000e+00  1.06333009e-06  4.08888815e-07
  6.88718562e-07 -8.34386903e-07 -2.77432832e-06 -1.12794614e-06
 -1.44213140e-06 -1.42166032e-07 -5.42420909e-07  4.53290138e-07
  6.81423092e-07 -1.62753202e-06  7.38547573e-07 -3.08518542e-07
  0.00000000e+00  0.00000000e+00  2.48507818e-06 -4.29520136e-06
  1.06488823e-06  0.00000000e+00  0.00000000e+00  0.00000000e+00
  0.00000000e+00  0.00000000e+00  0.00000000e+00  9.53235236e-07
  0.00000000e+00  0.00000000e+00 -1.84013481e-06  0.00000000e+00
  0.00000000e+00 -1.18563982e-06 -1.13780877e-06  1.91973938e-06]","[-158.14652721 -155.70119666 -155.51413148 -155.8391738  -154.00288582
 -154.2570193  -158.38826873 -158.83677127 -154.92534429 -154.05388185
 -155.33575996 -155.87827982 -155.51413148 -154.63354607 -155.00420436
 -154.63354607 -155.32248078 -157.78857037 -156.40762087 -160.31410066
 -155.810477   -155.28035657 -154.8522622  -155.46727887 -155.87827982
 -155.810477   -154.89204523 -161.61054821 -155.75773663 -157.97057869
 -153.70725512 -156.38305487 -154.63354607 -157.18223436 -155.52060198
 -156.40246206 -154.94300634 -155.34033069 -155.1385628  -154.56328759
 -158.01710715 -158.50629719 -158.81009972 -158.20751749 -154.63354607
 -154.63354607 -154.12045227 -156.49247537 -155.34033069 -154.88269918
 -157.51080027 -156.4601311  -155.03022385 -154.88269918 -153.4947241
 -155.28035657 -156.7446492  -154.86978051 -155.03773724 -158.24208767
 -155.51413148 -155.810477   -154.63354607 -156.65187464 -156.92836265
 -155.81542928 -157.24378692 -155.30805343 -159.83892634 -155.32975324
 -157.416147   -156.47765776 -154.60519408 -154.28947789 -160.78253935
 -156.42309319 -158.01632049 -158.53355517 -156.08582565 -155.6059292
 -155.87827982 -153.4947241  -159.31419311 -156.92811161 -157.16017491
 -155.51413148 -155.86445713 -154.63354607 -154.29122395 -156.22416695
 -155.51413148 -153.05398064 -154.04926338 -155.28035657 -157.55081123
 -155.810477   -155.28035657 -155.24932708 -154.09414149 -154.74019337]",0.124
176,0.14181552581042442,"[ 1.70965062e-06  5.67428968e-07  2.47849033e-06  1.93763872e-06
  0.00000000e+00  4.02863560e-06 -1.26067274e-06  7.62860777e-08
 -7.08729723e-07  3.69704630e-07  0.00000000e+00  8.38732239e-07
  0.00000000e+00  5.81373780e-07 -1.67261256e-09 -2.39971654e-06
  1.10710203e-06 -1.46126394e-06 -1.50612664e-07  2.05538288e-06
  1.75359720e-06  1.40630987e-06  3.59944480e-06  0.00000000e+00
  0.00000000e+00  7.18362686e-07 -3.25825277e-06  9.08741352e-08
  1.31525425e-06  0.00000000e+00 -1.61943217e-06 -2.52208341e-07
  0.00000000e+00  2.90778119e-06  0.00000000e+00  0.00000000e+00
  3.47334275e-06  0.00000000e+00 -2.11806694e-07  1.39123319e-06
 -3.72312815e-07  1.40144849e-06 -1.45878248e-06 -1.28377906e-06
  0.00000000e+00 -1.39316145e-06  3.15409087e-06  0.00000000e+00
  0.00000000e+00  0.00000000e+00 -4.97847526e-07  0.00000000e+00
  0.00000000e+00  0.00000000e+00  0.00000000e+00 -2.43221596e-07
  0.00000000e+00 -1.18023855e-06  0.00000000e+00  2.66630072e-07
  0.00000000e+00 -1.04146556e-06 -1.65545369e-06  0.00000000e+00
  0.00000000e+00 -1.24894198e-07  8.30060842e-07 -3.81869330e-06
 -1.28416705e-06  0.00000000e+00  0.00000000e+00 -1.49115673e-06
  1.78256217e-06  0.00000000e+00 -2.13823929e-06 -2.00354061e-07
 -2.48082700e-06  0.00000000e+00 -1.23590045e-06  8.87980116e-07
  0.00000000e+00  0.00000000e+00  0.00000000e+00 -5.93101936e-06
  0.00000000e+00  0.00000000e+00  1.08433532e-06  2.12173097e-06
 -2.69493835e-06  0.00000000e+00 -1.17605591e-06  6.81044294e-07
  0.00000000e+00  1.13082943e-06  9.39709380e-07  2.47659384e-08
 -6.24406831e-08 -2.47825412e-07 -1.20304688e-06  0.00000000e+00]","[-157.91762591 -155.51413148 -160.29286376 -156.86253027 -157.16017491
 -156.9102646  -153.74623147 -155.47170722 -158.01715543 -155.71997016
 -153.4947241  -155.69544801 -154.8522622  -156.66273642 -153.70958184
 -157.44825405 -159.29432497 -158.21397576 -154.54085698 -157.50456011
 -156.69930488 -156.75532609 -155.75601488 -155.8391738  -153.70725512
 -157.23060953 -156.2478698  -156.26072643 -156.61904095 -155.810477
 -158.88741588 -154.44549576 -155.8391738  -156.53620067 -154.63354607
 -153.05398064 -155.68151781 -153.4947241  -155.19675929 -155.27813981
 -152.4334659  -158.62733671 -157.88587363 -157.00472164 -157.51080027
 -156.48766148 -159.36345417 -155.32975324 -154.8522622  -155.03022385
 -157.49076478 -154.8522622  -153.05398064 -154.88269918 -154.63354607
 -155.48595023 -155.8391738  -155.67550378 -154.09414149 -156.38716313
 -154.8522622  -154.49413086 -157.91549181 -155.6059292  -155.34033069
 -154.21666846 -153.74798446 -158.78845343 -151.43281008 -156.65187464
 -155.24932708 -155.68118587 -157.24761202 -155.87827982 -156.93347747
 -153.47623591 -157.95631258 -154.05388185 -156.65296903 -155.36947555
 -155.810477   -155.810477   -155.24932708 -156.47694533 -154.63354607
 -154.60519408 -155.16628697 -156.61756627 -157.15586724 -155.32975324
 -156.20434449 -154.53774076 -153.05398064 -156.39911043 -154.86644623
 -155.87554105 -154.82848515 -156.70389752 -156.61319025 -154.63354607]",0.15100000000000002
177,0.13904690900015143,"[ 0.00000000e+00  0.00000000e+00  0.00000000e+00 -1.13366327e-07
  1.09333992e-06  9.94031719e-07  0.00000000e+00  0.00000000e+00
  1.94991830e-06 -5.19549761e-07  0.00000000e+00  3.78220811e-06
  2.01782142e-06  0.00000000e+00  0.00000000e+00  1.18256235e-07
 -5.76662621e-07  0.00000000e+00  0.00000000e+00  0.00000000e+00
  8.67149488e-07  0.00000000e+00  0.00000000e+00 -1.73823299e-06
 -3.14245409e-06  1.33922956e-06  3.99160259e-06 -2.07055745e-06
  0.00000000e+00 -9.78832664e-07  2.42423066e-07  5.51339222e-07
  0.00000000e+00  2.22380088e-07  2.95075795e-07 -1.28490445e-06
  7.90077227e-07 -1.44863443e-08  8.97126115e-07 -1.99606956e-07
 -2.24354256e-08 -3.56357267e-06  1.65809624e-07  0.00000000e+00
  2.65856989e-07  0.00000000e+00  1.23710435e-06  0.00000000e+00
  3.82883773e-07  2.80148373e-06  0.00000000e+00 -1.18094957e-06
  1.66895890e-06  1.24548809e-06 -1.36930385e-06 -4.56968020e-06
  1.16922541e-06  1.02383323e-06  1.00436517e-06 -1.00165150e-06
  8.80326906e-07  8.90009451e-07 -1.65380696e-06  0.00000000e+00
 -2.60737389e-06 -1.28789187e-06  0.00000000e+00 -1.50101703e-06
  0.00000000e+00  0.00000000e+00  0.00000000e+00  1.12098928e-06
  0.00000000e+00  0.00000000e+00  7.58277935e-07 -1.65414516e-06
 -1.14191871e-06  0.00000000e+00  0.00000000e+00  4.46508387e-07
 -5.56942209e-07 -3.45514844e-06 -1.01966949e-06  1.98966988e-06
 -6.62967719e-07  2.06270841e-06 -1.41440185e-06  0.00000000e+00
  0.00000000e+00  0.00000000e+00  5.16033961e-07  0.00000000e+00
  1.99735656e-06  3.76158777e-07  0.00000000e+00  0.00000000e+00
  0.00000000e+00  0.00000000e+00 -2.60382795e-06  0.00000000e+00]","[-154.49413086 -154.63354607 -154.63354607 -155.27015082 -157.92617416
 -155.635472   -155.48595023 -155.24932708 -157.2376048  -158.56516187
 -151.43281008 -154.61660214 -154.18116091 -154.8522622  -152.4334659
 -155.14488194 -153.77516391 -154.86644623 -151.43281008 -153.74623147
 -155.73099697 -154.21666846 -155.19675929 -157.98601819 -157.64759667
 -156.18953062 -161.40871313 -155.53429889 -155.8391738  -155.31985317
 -156.93347747 -160.09667219 -151.43281008 -159.0312136  -159.16702544
 -157.36195012 -158.55011258 -156.65535667 -155.15366676 -156.10700426
 -157.33331578 -157.56961066 -156.52633034 -153.74623147 -158.7363002
 -156.2478698  -156.06640927 -153.70958184 -157.15417458 -157.88524162
 -151.43281008 -156.08060995 -157.96381662 -153.83866667 -155.71343644
 -155.34063511 -156.32189912 -154.1797627  -155.94301897 -157.33887531
 -155.70832187 -156.71329134 -156.93347747 -155.8391738  -158.39464882
 -154.38625853 -155.87554105 -156.24253342 -155.19675929 -154.8522622
 -151.43281008 -154.34191988 -156.47694533 -154.44549576 -155.55328034
 -155.27600694 -155.95343852 -153.70958184 -155.19675929 -154.32755842
 -156.08697561 -153.64157809 -153.54928086 -155.81586206 -155.5639796
 -155.19174742 -152.27759433 -155.48595023 -156.93347747 -156.75532609
 -155.33719097 -155.16628697 -157.48499243 -157.57455881 -154.63354607
 -155.67550378 -154.49413086 -151.43281008 -154.35971    -152.4334659 ]",0.13799999999999998
178,0.13706008754047808,"[ 0.00000000e+00  0.00000000e+00  2.12092197e-07  0.00000000e+00
  0.00000000e+00 -1.98518386e-07 -2.22743642e-06  1.92501491e-06
  1.43972409e-06  6.48585258e-07 -5.08940031e-07 -1.83261728e-06
  2.24584599e-07  0.00000000e+00  0.00000000e+00 -1.79311755e-06
  0.00000000e+00  0.00000000e+00  0.00000000e+00  0.00000000e+00
  1.93895539e-07  0.00000000e+00  8.82941368e-07  7.09846388e-07
  2.05635387e-06 -1.02127087e-06  9.07705276e-07  0.00000000e+00
  0.00000000e+00  0.00000000e+00 -5.59062597e-07  0.00000000e+00
 -7.98708823e-08  1.52781338e-06  7.91472776e-07 -2.01014615e-06
  0.00000000e+00  0.00000000e+00  1.38681503e-06 -1.33341093e-06
  0.00000000e+00 -1.47505792e-07  0.00000000e+00  0.00000000e+00
  3.45222925e-06  5.26641568e-07  0.00000000e+00 -5.01138118e-07
  9.03788755e-07  0.00000000e+00 -4.45823451e-07  0.00000000e+00
 -6.30749738e-07  1.63668933e-06  1.22439606e-06  0.00000000e+00
 -3.36898391e-06  0.00000000e+00  0.00000000e+00 -1.18691169e-06
  1.89892716e-06  0.00000000e+00  0.00000000e+00  0.00000000e+00
  0.00000000e+00  2.34432809e-07  1.28832428e-07  0.00000000e+00
  0.00000000e+00  5.09144721e-07  0.00000000e+00  0.00000000e+00
 -1.22131312e-06 -8.22078365e-07  1.08874811e-06  1.50396848e-06
 -2.03889651e-07 -6.61049088e-08 -1.29672760e-06 -2.60273080e-06
  0.00000000e+00  0.00000000e+00  3.25017913e-07 -2.52897334e-06
  0.00000000e+00  4.47244189e-07 -2.27908949e-06 -7.12819380e-07
  1.41032840e-06 -1.51681979e-09  0.00000000e+00  0.00000000e+00
  1.42372027e-06 -3.53228999e-07  0.00000000e+00 -2.89879407e-07
  1.45027089e-07  0.00000000e+00  2.22767175e-06  0.00000000e+00]","[-157.48499243 -156.93347747 -157.69004603 -155.94301897 -155.19675929
 -155.43399576 -157.43071559 -158.58618009 -157.32991046 -157.91552407
 -156.52633034 -156.52633034 -155.45687432 -154.1797627  -153.64157809
 -155.49256457 -155.73099697 -154.1797627  -157.64759667 -154.1797627
 -159.62160123 -155.31985317 -156.03074721 -158.5224866  -156.07073598
 -158.54035913 -155.22757577 -155.34063511 -156.52633034 -153.74623147
 -157.40297389 -154.8522622  -156.89443446 -155.80613579 -156.88000906
 -157.44777085 -154.34191988 -155.5639796  -155.52501176 -157.50492762
 -151.43281008 -155.77929793 -154.61660214 -155.53429889 -157.60772864
 -154.09847199 -154.1797627  -153.92971085 -158.066347   -154.1797627
 -154.32824097 -156.52633034 -155.51813231 -156.78494312 -155.25496763
 -154.1797627  -160.48683678 -156.52633034 -155.19675929 -155.78916171
 -156.06327647 -154.1797627  -155.81586206 -154.61660214 -154.34191988
 -158.25975293 -157.98601819 -155.94301897 -154.38625853 -159.23379829
 -155.53429889 -156.52633034 -154.96790819 -157.70422927 -154.45486229
 -156.14855381 -156.00245156 -154.74168342 -154.24376629 -157.72960327
 -153.74623147 -154.61660214 -157.39740409 -160.18682933 -154.21666846
 -158.76261269 -156.69511485 -156.52633034 -159.47146429 -156.69723105
 -154.1797627  -151.43281008 -156.23808233 -158.23385552 -158.55011258
 -155.38399433 -156.71744261 -155.94301897 -153.82043337 -155.94301897]",0.121
179,0.13497783451895598,"[-8.59465524e-07  2.52287250e-06 -3.15916313e-06  0.00000000e+00
  8.71481785e-07  6.26382435e-07  0.00000000e+00  0.00000000e+00
  2.30333563e-06  0.00000000e+00  0.00000000e+00 -6.59246224e-07
  1.37644857e-06 -1.63410886e-06  2.01445038e-06  0.00000000e+00
  0.00000000e+00  1.01079869e-06  8.39388634e-07  8.89219842e-07
 -9.14987793e-07  0.00000000e+00  0.00000000e+00 -1.42595198e-07
  1.08920646e-07 -9.33998209e-08 -2.61573998e-07  1.85340667e-06
  3.75059303e-07  6.88371097e-07 -1.66120102e-06 -1.49859849e-06
  0.00000000e+00  0.00000000e+00  1.42481493e-06  2.04836389e-06
  0.00000000e+00  0.00000000e+00  8.08888711e-07  0.00000000e+00
  0.00000000e+00  3.30073210e-06 -1.31870911e-06  0.00000000e+00
  3.38932387e-06  3.78670900e-07  3.81617682e-07 -5.70995953e-07
  0.00000000e+00  1.38682765e-06 -1.39250162e-06  0.00000000e+00
  0.00000000e+00  0.00000000e+00  8.52140234e-07  9.80219130e-07
  0.00000000e+00  0.00000000e+00  1.15879416e-06  3.00769792e-06
  0.00000000e+00 -6.71677312e-07  0.00000000e+00  0.00000000e+00
  0.00000000e+00  0.00000000e+00 -2.73607709e-06  0.00000000e+00
 -8.00913740e-08 -2.75006356e-06  0.00000000e+00 -1.04483428e-06
  0.00000000e+00  3.71987928e-07  0.00000000e+00 -5.82417815e-07
  0.00000000e+00  0.00000000e+00 -1.14443660e-06  3.81722144e-07
  8.73301028e-07  2.36128712e-06  8.01275325e-07  4.62624211e-07
  0.00000000e+00  5.42433997e-07  2.83135991e-06 -2.62055824e-06
 -7.28900398e-07  0.00000000e+00  0.00000000e+00 -5.49874948e-08
  0.00000000e+00  0.00000000e+00  1.86813145e-06  0.00000000e+00
  0.00000000e+00  0.00000000e+00  0.00000000e+00  0.00000000e+00]","[-158.54523982 -156.20036059 -155.99217563 -156.52633034 -155.26629765
 -154.51673848 -154.45486229 -154.1797627  -156.87380156 -155.51813231
 -157.39740409 -157.32991046 -155.6425931  -156.80687891 -154.83945836
 -154.09847199 -157.44777085 -158.16778683 -157.53056967 -155.49256457
 -155.169633   -155.38399433 -154.45486229 -155.81627258 -154.62566095
 -155.95283993 -156.80670718 -157.04620051 -156.09260305 -154.45905848
 -157.84280936 -158.24396765 -153.92971085 -154.45486229 -158.32992484
 -154.292072   -154.45486229 -156.52633034 -158.41049637 -154.1797627
 -153.74623147 -158.22626577 -156.69333857 -155.78916171 -157.07308682
 -156.91265708 -156.41729531 -153.74727131 -154.21666846 -155.95278368
 -158.60284219 -155.51813231 -154.1797627  -153.92971085 -157.74301884
 -155.83818838 -154.34191988 -153.92971085 -157.67684586 -156.7214152
 -156.52633034 -154.85504904 -154.45486229 -154.09847199 -155.49256457
 -154.1797627  -158.31818668 -154.1797627  -155.92137955 -158.55196763
 -156.52633034 -160.12052865 -154.74168342 -159.15339539 -153.92971085
 -157.5003764  -154.45486229 -154.45486229 -157.83874092 -153.26288243
 -155.03399469 -155.97197375 -157.48767366 -161.20304651 -154.1797627
 -155.60888416 -155.64671039 -158.59208967 -154.56645065 -154.45486229
 -155.78916171 -155.79508153 -154.96790819 -153.92971085 -157.38605438
 -154.1797627  -154.09847199 -154.1797627  -154.1797627  -155.94301897]",0.12500000000000003
180,0.1325044420114626,"[ 0.00000000e+00  0.00000000e+00 -5.58489508e-06  0.00000000e+00
  0.00000000e+00  1.86273252e-06 -2.07001031e-06  1.05769864e-06
  0.00000000e+00  0.00000000e+00  9.19453085e-07 -3.75028056e-07
  0.00000000e+00  0.00000000e+00  0.00000000e+00  5.89858405e-07
  0.00000000e+00  0.00000000e+00 -2.61938085e-06 -8.66213296e-07
 -3.25754922e-07  0.00000000e+00 -8.04151459e-07 -5.28372912e-07
 -1.00920734e-06  0.00000000e+00  0.00000000e+00  0.00000000e+00
 -1.04992983e-06  1.28017922e-06  0.00000000e+00  1.17141575e-06
  0.00000000e+00  0.00000000e+00  0.00000000e+00  1.92330203e-06
  0.00000000e+00  1.89217595e-06 -6.20393862e-07  0.00000000e+00
  1.05609724e-06  0.00000000e+00 -6.19623833e-07  0.00000000e+00
  0.00000000e+00  0.00000000e+00  1.14953529e-06  0.00000000e+00
  0.00000000e+00  0.00000000e+00 -1.64714717e-06  6.88722014e-07
  0.00000000e+00  0.00000000e+00  0.00000000e+00  1.97405216e-07
  1.24594667e-06  2.51000659e-06 -1.75466932e-06 -6.43985801e-07
  0.00000000e+00 -9.49194593e-07  0.00000000e+00  0.00000000e+00
  2.04452715e-06  0.00000000e+00 -7.54538206e-07  0.00000000e+00
  0.00000000e+00  0.00000000e+00  0.00000000e+00  0.00000000e+00
  0.00000000e+00  0.00000000e+00  0.00000000e+00  0.00000000e+00
  0.00000000e+00 -2.53563441e-06  0.00000000e+00  9.32189188e-07
  0.00000000e+00  6.08850897e-07  1.85803927e-06  0.00000000e+00
  0.00000000e+00 -1.87218889e-06 -5.11110102e-07  0.00000000e+00
  0.00000000e+00  0.00000000e+00  0.00000000e+00  7.53027725e-07
  3.59722566e-07  0.00000000e+00  0.00000000e+00  0.00000000e+00
  0.00000000e+00  0.00000000e+00  0.00000000e+00  0.00000000e+00]","[-155.79508153 -154.45486229 -158.55936056 -155.03399469 -155.64671039
 -154.09211042 -154.22266604 -157.48018342 -155.6425931  -153.92971085
 -154.56189486 -155.35192393 -154.45486229 -155.6425931  -154.45486229
 -157.51888415 -154.45486229 -154.45486229 -157.0505528  -157.87408327
 -158.2121525  -155.6425931  -156.03609792 -156.52633034 -157.52639161
 -154.45486229 -154.45486229 -154.45486229 -159.73007108 -158.52256238
 -154.45486229 -157.00205608 -154.45486229 -155.6425931  -154.45486229
 -154.30231477 -153.92971085 -160.76774602 -155.41655907 -154.45905848
 -155.71180234 -154.1797627  -157.21406199 -154.45486229 -154.45486229
 -155.95283993 -156.86529211 -153.92971085 -153.74727131 -153.92971085
 -156.14095665 -153.51855681 -154.45486229 -154.45486229 -154.45486229
 -153.66548955 -154.64112801 -156.17385714 -157.96756632 -154.3083955
 -153.92971085 -155.84737614 -154.1797627  -153.92971085 -153.46941098
 -154.45486229 -155.00082365 -154.45486229 -154.1797627  -154.45486229
 -153.74727131 -153.92971085 -157.32991046 -154.45486229 -154.45486229
 -154.83945836 -153.26288243 -157.29614854 -155.169633   -154.78369472
 -154.45486229 -153.82272307 -158.82703785 -155.6425931  -153.92971085
 -155.61340529 -157.10973239 -154.45486229 -154.45486229 -154.45905848
 -153.92971085 -155.50018931 -154.5009786  -153.92971085 -154.45905848
 -154.45486229 -155.169633   -154.45486229 -153.92971085 -154.45486229]",0.086
181,0.13034309922161036,"[-5.51679427e-06 -3.83736673e-08 -3.15391620e-07 -2.76199999e-06
  0.00000000e+00  0.00000000e+00 -3.91573246e-07  0.00000000e+00
  2.60291430e-06  0.00000000e+00  0.00000000e+00  0.00000000e+00
 -4.16126004e-07 -1.15260014e-06  1.05849618e-06 -2.43579879e-06
  0.00000000e+00  0.00000000e+00  0.00000000e+00 -3.49140602e-06
  0.00000000e+00 -1.25472505e-06  0.00000000e+00  1.30645617e-06
  0.00000000e+00  0.00000000e+00 -1.34504004e-06 -5.70783659e-08
 -1.08566502e-06  1.77794815e-06  0.00000000e+00  7.88816601e-07
  0.00000000e+00 -3.84350889e-06  0.00000000e+00  1.80395426e-06
 -1.08416695e-06  8.90598908e-07  0.00000000e+00  0.00000000e+00
  0.00000000e+00 -1.74787134e-06 -6.98396331e-07  0.00000000e+00
  0.00000000e+00  0.00000000e+00  0.00000000e+00  0.00000000e+00
 -1.06698165e-06  0.00000000e+00  0.00000000e+00 -1.66119759e-06
  0.00000000e+00  0.00000000e+00  1.17266653e-06  0.00000000e+00
  0.00000000e+00  0.00000000e+00  3.28154417e-06  0.00000000e+00
  1.50045109e-06  0.00000000e+00  0.00000000e+00  1.39376501e-07
  1.51118959e-06 -7.35176157e-07  0.00000000e+00  8.37530084e-07
  0.00000000e+00  0.00000000e+00 -6.72386455e-07  0.00000000e+00
  0.00000000e+00 -1.05247863e-07  2.46958238e-06  0.00000000e+00
  3.82547893e-06  0.00000000e+00 -2.09657784e-06 -6.90318788e-07
  0.00000000e+00  0.00000000e+00  0.00000000e+00  0.00000000e+00
  1.93740634e-07 -1.75184518e-07  6.84972965e-07  0.00000000e+00
  0.00000000e+00 -9.99826167e-07  0.00000000e+00 -4.45173369e-07
  5.18683241e-07  0.00000000e+00 -3.56277154e-07  0.00000000e+00
 -1.20304086e-06 -2.84277796e-07  1.03718759e-06  8.70538086e-07]","[-158.17286036 -156.10859794 -154.62922707 -156.45574282 -156.03609792
 -153.92971085 -156.27528723 -153.51855681 -156.60576881 -153.51855681
 -154.45486229 -154.45486229 -155.33490173 -155.40318569 -155.50930092
 -157.95924385 -155.6425931  -154.45486229 -155.35192393 -156.43008796
 -155.03399469 -155.68165583 -154.45486229 -157.17988621 -153.46941098
 -153.46941098 -154.84523839 -155.92595565 -153.91049443 -157.66773519
 -154.45486229 -158.58936534 -154.30231477 -156.5343452  -153.46941098
 -155.58650238 -160.51895418 -156.11706407 -154.45486229 -153.92971085
 -154.45486229 -158.204708   -156.27522416 -155.35192393 -154.45486229
 -154.3083955  -156.03609792 -154.45486229 -154.63369549 -153.51855681
 -154.45486229 -159.23570959 -154.45486229 -154.45486229 -156.98604074
 -154.45486229 -154.45486229 -154.45486229 -159.80909388 -154.3083955
 -155.53078475 -153.92971085 -155.03399469 -156.82078143 -159.0992236
 -158.15530829 -154.45486229 -156.52657138 -154.45486229 -155.35192393
 -156.38222535 -153.46941098 -155.35192393 -158.7923024  -156.64545607
 -157.0505528  -158.88027209 -153.74727131 -156.38425973 -154.72649297
 -154.45486229 -153.46941098 -154.45486229 -154.45486229 -154.59978653
 -153.65991548 -154.82228319 -157.0505528  -154.45486229 -150.66692785
 -154.45486229 -157.33766792 -154.24401934 -153.51855681 -155.1812584
 -154.45486229 -155.53397595 -155.25583034 -160.05407198 -156.80517403]",0.11000000000000001
182,0.1287537902559075,"[-1.58336386e-07  1.56917944e-06  0.00000000e+00 -1.57820192e-06
 -6.05563384e-07  0.00000000e+00  0.00000000e+00 -1.07254470e-06
  1.86103991e-07 -5.96821027e-07  0.00000000e+00  0.00000000e+00
 -3.76214041e-07  0.00000000e+00  5.89933272e-07  0.00000000e+00
  0.00000000e+00  5.83979772e-07 -4.21421951e-07  7.93558920e-07
 -9.61810993e-07  9.08897496e-07 -1.17409279e-06  2.62430518e-07
  0.00000000e+00  0.00000000e+00  5.59696405e-08  0.00000000e+00
  0.00000000e+00  0.00000000e+00 -3.44961182e-07 -2.08150016e-06
  0.00000000e+00  0.00000000e+00 -1.14545660e-08 -1.89666996e-06
  0.00000000e+00 -5.02612013e-07  0.00000000e+00  0.00000000e+00
  3.14262226e-07 -5.42023714e-07  0.00000000e+00 -6.25629081e-07
  7.04237994e-07  0.00000000e+00  0.00000000e+00  0.00000000e+00
 -3.03787635e-07  0.00000000e+00  0.00000000e+00 -7.33111530e-07
  0.00000000e+00  8.87697749e-07  8.73173089e-07  0.00000000e+00
  0.00000000e+00  0.00000000e+00  8.58941840e-07  1.99617080e-06
  3.81087722e-07 -7.64073967e-07 -1.09807234e-06  0.00000000e+00
 -5.40421679e-07  1.44502118e-06 -5.89021535e-07 -1.05377859e-06
  4.63668500e-06  5.22729530e-08  1.16793928e-06 -5.13473557e-07
  0.00000000e+00  0.00000000e+00  1.29519605e-06  0.00000000e+00
  0.00000000e+00  0.00000000e+00 -2.36279739e-06  0.00000000e+00
  0.00000000e+00  7.35229871e-08 -9.09435171e-07  0.00000000e+00
  0.00000000e+00  0.00000000e+00  0.00000000e+00 -1.30906817e-07
  3.08892324e-06  0.00000000e+00  0.00000000e+00  5.84957004e-07
  0.00000000e+00  0.00000000e+00 -2.16532577e-06  3.40158833e-06
  5.48655220e-07 -4.21753433e-06  0.00000000e+00  5.55801566e-07]","[-151.59560089 -156.70651307 -150.66692785 -160.38363814 -156.58384809
 -156.98604074 -153.51855681 -154.43386765 -155.62059777 -154.48245247
 -155.35192393 -153.46941098 -157.26638298 -153.51855681 -158.39216138
 -155.92595565 -154.45486229 -155.64356655 -155.62276343 -157.0623225
 -156.37331467 -156.80782816 -154.69295994 -160.98322679 -154.63369549
 -150.66692785 -155.50751956 -154.63369549 -155.35192393 -154.84523839
 -156.54902238 -156.05450754 -154.45486229 -154.84523839 -155.83394377
 -156.37039198 -154.45486229 -158.51595908 -155.35192393 -154.45486229
 -156.54609871 -159.27582732 -155.35192393 -155.50049748 -157.60230855
 -154.84523839 -154.62922707 -155.58650238 -156.39962938 -154.72649297
 -154.45486229 -157.66583696 -150.66692785 -156.04868414 -155.07870932
 -154.45486229 -154.59978653 -154.45486229 -155.35192393 -155.1758785
 -154.97891025 -155.09630502 -158.66772735 -155.50930092 -155.68729716
 -156.43240675 -155.90330323 -157.17084101 -157.87751198 -155.183435
 -153.40869497 -153.94744253 -155.33490173 -153.51855681 -157.96812759
 -154.45486229 -155.1812584  -154.84523839 -159.1555346  -154.45486229
 -155.1812584  -153.77121206 -155.69920225 -155.35192393 -154.63369549
 -153.74727131 -154.84523839 -154.20080129 -156.17729226 -155.40318569
 -154.45486229 -156.58771343 -154.24401934 -154.63369549 -156.64426321
 -155.97688875 -158.94663221 -158.61615598 -154.63369549 -155.2155875 ]",0.09800000000000003
183,0.1269118525759281,"[ 0.00000000e+00  0.00000000e+00  0.00000000e+00  0.00000000e+00
 -3.79018518e-06 -4.15647457e-06  0.00000000e+00 -1.21852870e-06
  0.00000000e+00  0.00000000e+00  0.00000000e+00  0.00000000e+00
 -8.53523800e-07 -1.30724995e-06  3.09686492e-07  0.00000000e+00
 -1.09438123e-06 -2.18928790e-07 -1.62974052e-06  0.00000000e+00
  9.48978170e-07  0.00000000e+00  1.66581107e-07  0.00000000e+00
  0.00000000e+00  0.00000000e+00  4.02123172e-07 -1.28943378e-06
  0.00000000e+00  0.00000000e+00  8.84250689e-07  0.00000000e+00
 -2.53551602e-07 -5.57156229e-07  0.00000000e+00  0.00000000e+00
  0.00000000e+00 -1.76801651e-07 -5.76280038e-07  1.67905903e-06
  9.17089959e-07  0.00000000e+00 -1.15163986e-06 -9.83966589e-07
 -8.40995992e-07  0.00000000e+00  0.00000000e+00  1.50733127e-06
  0.00000000e+00  0.00000000e+00 -1.66151642e-06  0.00000000e+00
  0.00000000e+00  0.00000000e+00  0.00000000e+00 -2.02664532e-06
  0.00000000e+00 -1.68600405e-06  0.00000000e+00  0.00000000e+00
  0.00000000e+00  0.00000000e+00  1.29815070e-06  0.00000000e+00
  0.00000000e+00  0.00000000e+00  0.00000000e+00  0.00000000e+00
 -5.25952599e-07 -3.13984704e-07  5.70936334e-08 -8.39323792e-07
  0.00000000e+00  1.14938181e-06  1.66548242e-07 -1.13641552e-06
  0.00000000e+00  0.00000000e+00  1.60910395e-06  0.00000000e+00
 -8.09875356e-07  4.71025863e-07  0.00000000e+00  7.79834544e-08
 -1.86981095e-06  0.00000000e+00  0.00000000e+00 -9.21879178e-07
  4.97647035e-07  0.00000000e+00  1.19884594e-06 -1.89620944e-07
  0.00000000e+00  5.59728197e-07  0.00000000e+00  0.00000000e+00
  0.00000000e+00  0.00000000e+00  7.80567138e-07  0.00000000e+00]","[-154.84523839 -154.63369549 -154.84523839 -153.77121206 -160.26085722
 -157.82334228 -155.35192393 -154.90667324 -154.84523839 -155.35192393
 -155.62059777 -154.63369549 -153.28746218 -157.40640754 -156.21668143
 -155.83394377 -154.37293686 -157.22650416 -157.72828646 -155.1758785
 -157.32909437 -155.35192393 -155.27569184 -154.84523839 -155.1812584
 -154.43386765 -155.76157297 -156.82501647 -154.84523839 -154.63369549
 -160.29106191 -154.63369549 -157.53278432 -155.82078149 -154.84523839
 -150.66692785 -150.66692785 -158.6946532  -156.99291282 -157.36961586
 -157.14986999 -155.1812584  -156.96787765 -156.90781337 -155.87261619
 -154.84523839 -154.84523839 -156.680227   -154.63369549 -155.1758785
 -156.45480295 -154.84523839 -154.63369549 -154.84523839 -153.40869497
 -157.07062085 -155.1812584  -158.07460154 -155.62059777 -155.62059777
 -155.183435   -155.35192393 -158.25767542 -154.84523839 -154.84523839
 -154.63369549 -154.63369549 -155.1758785  -159.03737926 -154.21044981
 -158.16964536 -158.51462613 -150.66692785 -156.68571345 -151.81609793
 -160.31382148 -156.70651307 -155.62059777 -157.3692934  -153.51855681
 -158.71081102 -158.75913236 -154.84523839 -154.40688399 -160.86156079
 -150.66692785 -154.43386765 -156.02214601 -157.68237175 -155.1758785
 -157.32447326 -159.71685878 -154.84523839 -155.56053289 -158.39216138
 -154.63369549 -155.35192393 -154.84523839 -155.77527499 -154.84523839]",0.11299999999999998
184,0.12413070056534045,"[ 0.00000000e+00  4.19801493e-07 -4.45089150e-07  7.86208043e-07
 -1.27264147e-06  0.00000000e+00  5.69573569e-07  5.19135351e-07
  0.00000000e+00  0.00000000e+00  0.00000000e+00  0.00000000e+00
 -6.82857300e-08 -5.43732137e-07  0.00000000e+00 -3.86252582e-07
  0.00000000e+00  0.00000000e+00  0.00000000e+00  0.00000000e+00
  0.00000000e+00  0.00000000e+00  3.78766552e-07  0.00000000e+00
  1.13347587e-06  0.00000000e+00  1.72142101e-06  1.26686838e-06
 -1.82362238e-06  0.00000000e+00  0.00000000e+00  0.00000000e+00
  1.20334242e-06  0.00000000e+00  0.00000000e+00  1.05060589e-06
 -3.25068658e-07  0.00000000e+00 -7.12358269e-07  0.00000000e+00
  2.80232737e-06  8.21908249e-07  2.74469679e-06 -4.01304259e-07
  0.00000000e+00  0.00000000e+00  0.00000000e+00  0.00000000e+00
 -1.28922481e-06 -4.12222274e-06 -2.35790167e-06  0.00000000e+00
 -1.11556358e-06  1.06649195e-06  0.00000000e+00  0.00000000e+00
 -2.33620036e-06 -2.77337327e-06  9.99461556e-08  0.00000000e+00
  0.00000000e+00  2.55634752e-07 -6.04546324e-07 -1.42281294e-06
  0.00000000e+00 -9.68286767e-07 -1.33199590e-07  0.00000000e+00
  1.14270374e-07  0.00000000e+00  0.00000000e+00  0.00000000e+00
 -1.32360381e-07 -1.44390475e-06 -3.16187491e-08  2.90274815e-06
  1.71990050e-06 -6.67291597e-08  0.00000000e+00  3.73694955e-07
  0.00000000e+00 -1.00289828e-06  5.69315284e-07 -6.73219782e-07
  0.00000000e+00  4.45455859e-07  0.00000000e+00  0.00000000e+00
  0.00000000e+00  0.00000000e+00  0.00000000e+00  8.72513125e-08
 -2.73347588e-06  0.00000000e+00  0.00000000e+00  0.00000000e+00
  0.00000000e+00  2.31095426e-07 -4.19856369e-07  1.56774040e-07]","[-155.27569184 -155.94535433 -155.56056412 -156.71466862 -155.76157297
 -154.63369549 -155.32655091 -155.05544771 -155.27569184 -155.27569184
 -154.84523839 -155.1758785  -156.56922173 -156.94278422 -155.1758785
 -155.2736064  -154.84523839 -153.40869497 -154.84523839 -154.84523839
 -154.63369549 -154.63369549 -157.31935553 -155.27569184 -154.67103001
 -155.27569184 -156.8796356  -156.48292108 -155.27270214 -155.83394377
 -154.84523839 -154.84523839 -154.57243884 -155.27569184 -155.77527499
 -155.55597243 -156.69344751 -154.84523839 -154.61030802 -155.27569184
 -157.6618276  -157.38594298 -154.00960169 -155.55783521 -155.27569184
 -154.84523839 -154.84523839 -155.27569184 -156.94997779 -158.75289496
 -154.39779496 -155.77527499 -155.27569184 -158.27279411 -154.84523839
 -154.84523839 -154.18643503 -156.02540361 -157.81737871 -154.63369549
 -156.90781337 -155.388055   -156.59965961 -156.60357351 -155.27569184
 -154.7686603  -156.795856   -155.27569184 -154.2602435  -154.84523839
 -154.84523839 -154.84523839 -155.68633905 -157.19871524 -156.35375476
 -158.91200492 -157.72537899 -153.10616296 -154.84523839 -157.58856624
 -155.62059777 -155.14598282 -157.3636186  -156.66348009 -154.84523839
 -154.84523839 -156.82501647 -154.63369549 -155.27569184 -154.84523839
 -154.63369549 -156.26195275 -157.63950929 -154.84523839 -155.27569184
 -154.84523839 -155.27569184 -156.76383483 -157.18111438 -158.37762716]",0.103
185,0.12192770776420589,"[-5.43444019e-06 -1.07001015e-06  0.00000000e+00  1.26967550e-06
 -5.72028128e-07 -1.53116819e-07  7.80709793e-07  8.72979818e-07
 -9.61162318e-07  0.00000000e+00  0.00000000e+00 -4.97021004e-07
  0.00000000e+00 -5.40773796e-07 -1.46788249e-06  0.00000000e+00
  0.00000000e+00  0.00000000e+00 -2.83764953e-07 -1.25269943e-06
 -1.85773244e-07  0.00000000e+00  0.00000000e+00 -1.32821159e-06
 -5.11953423e-07  0.00000000e+00  0.00000000e+00  0.00000000e+00
  0.00000000e+00  0.00000000e+00 -4.62678570e-07  0.00000000e+00
  6.87932868e-07 -4.05552972e-07  0.00000000e+00  0.00000000e+00
  0.00000000e+00 -1.50048543e-06  1.12851016e-06  2.37205143e-07
 -2.42707521e-07  0.00000000e+00  1.06075835e-06  0.00000000e+00
  1.34947268e-06 -1.71019986e-07  3.11609949e-07  1.58596329e-06
  3.06528944e-07 -1.82729672e-06  0.00000000e+00  0.00000000e+00
  0.00000000e+00  0.00000000e+00  0.00000000e+00  1.14241655e-06
 -8.49146693e-07  0.00000000e+00  0.00000000e+00  3.33793543e-06
  0.00000000e+00 -1.52458950e-06  0.00000000e+00 -1.75499558e-06
  0.00000000e+00  0.00000000e+00 -8.03700500e-07  1.60512894e-06
  0.00000000e+00  0.00000000e+00  1.69858614e-07 -1.94213756e-06
  6.05856156e-07  1.27062532e-06  0.00000000e+00  0.00000000e+00
  0.00000000e+00  0.00000000e+00 -9.07966900e-07  0.00000000e+00
  0.00000000e+00 -4.44535609e-08  0.00000000e+00 -4.52078102e-07
  0.00000000e+00 -3.42082159e-07  0.00000000e+00 -1.85598399e-06
  0.00000000e+00  0.00000000e+00  1.17148110e-06  0.00000000e+00
  0.00000000e+00  0.00000000e+00  0.00000000e+00  2.16786261e-06
 -2.34096127e-06 -2.29672991e-07 -8.63330390e-07  1.53948792e-06]","[-157.11333501 -155.78962593 -153.10616296 -157.16563044 -155.55257365
 -157.44763322 -158.45972595 -158.19576307 -157.59578844 -154.61030802
 -154.7686603  -156.29605621 -155.14598282 -158.44229335 -155.59313391
 -154.2602435  -155.27270214 -155.55783521 -158.07294232 -154.92412169
 -161.73209319 -155.27569184 -154.84523839 -155.71055007 -156.97124598
 -153.10616296 -154.67103001 -155.14598282 -154.67103001 -156.59965961
 -155.097001   -155.27569184 -156.00475744 -154.39779496 -154.61030802
 -156.35375476 -154.2602435  -155.77585671 -158.4628778  -155.66095232
 -157.3470149  -154.61030802 -156.67493236 -154.61030802 -156.16790864
 -155.94249346 -155.35984646 -157.98579876 -156.95962893 -157.54714345
 -155.27569184 -154.61030802 -156.59965961 -154.57243884 -153.10616296
 -156.83348342 -155.70600524 -156.35375476 -155.27569184 -157.80703611
 -156.8796356  -155.90316918 -154.67103001 -154.0610853  -154.67103001
 -157.81737871 -157.21640271 -157.58856624 -154.7686603  -155.27569184
 -155.91561728 -155.76157297 -154.39055548 -156.48690406 -156.35375476
 -155.27569184 -155.77527499 -154.67103001 -156.00699833 -154.7686603
 -154.67103001 -154.33482535 -154.67103001 -155.01055717 -153.10616296
 -159.0148689  -154.18643503 -156.21990163 -156.59965961 -154.67103001
 -155.66278143 -155.27569184 -154.67103001 -155.05544771 -156.02540361
 -156.34136351 -157.07036453 -154.11414832 -157.23156577 -154.65584965]",0.10499999999999998
186,0.12010027479137111,"[-3.49175315e-07  0.00000000e+00  0.00000000e+00 -2.69888463e-07
 -1.86703354e-06  0.00000000e+00  3.72283706e-07  1.12570910e-06
  1.75962180e-06  4.40127364e-07  1.47922699e-07 -3.89878519e-07
  0.00000000e+00  2.90393117e-07 -1.29357801e-06  0.00000000e+00
 -2.06180357e-06  0.00000000e+00 -6.41498928e-07  0.00000000e+00
  0.00000000e+00  0.00000000e+00 -1.48585274e-06 -1.96149149e-06
  0.00000000e+00 -1.08861553e-06  5.01080759e-07 -8.00502371e-07
  0.00000000e+00  0.00000000e+00  0.00000000e+00 -6.09028101e-07
  3.76376754e-07 -8.93033672e-08  0.00000000e+00 -3.62832352e-07
  0.00000000e+00  0.00000000e+00  2.67550216e-06  0.00000000e+00
  1.34258607e-06  2.14123260e-06  0.00000000e+00  0.00000000e+00
  4.25820100e-07  0.00000000e+00  2.96503157e-06 -1.02239786e-06
  2.21992172e-06  0.00000000e+00  0.00000000e+00  1.45066286e-06
  0.00000000e+00  2.68976270e-06  0.00000000e+00  0.00000000e+00
  0.00000000e+00  0.00000000e+00 -5.87136515e-07 -1.27604783e-06
  0.00000000e+00  2.18475524e-07  6.83130309e-07  0.00000000e+00
  0.00000000e+00  1.11019217e-06  0.00000000e+00 -1.01212480e-06
  7.06612853e-07  2.32155232e-07  0.00000000e+00  1.22774493e-06
  0.00000000e+00 -4.64511707e-06  5.38196285e-07  0.00000000e+00
  2.78241926e-07  1.94298197e-06  0.00000000e+00 -1.39240916e-06
  0.00000000e+00  5.85575900e-07  0.00000000e+00  0.00000000e+00
  1.00344282e-06  0.00000000e+00  0.00000000e+00  0.00000000e+00
  4.30750801e-06 -3.57363811e-07  0.00000000e+00  0.00000000e+00
 -2.10267076e-07  0.00000000e+00  0.00000000e+00  0.00000000e+00
 -2.04169504e-06  0.00000000e+00  0.00000000e+00 -3.39609439e-07]","[-154.36926679 -155.27569184 -154.65584965 -158.44447497 -156.09472634
 -154.67103001 -156.9705375  -157.05226201 -154.36307188 -158.03870899
 -157.68404742 -153.2111351  -157.23156577 -157.95901209 -155.48286407
 -156.67493236 -153.99635121 -153.10616296 -152.85390279 -155.27569184
 -154.65584965 -155.77585671 -160.8471071  -157.50456789 -154.67103001
 -157.61209751 -155.9141052  -155.40459999 -154.65584965 -154.67103001
 -154.67103001 -154.22952126 -153.35702588 -158.63926699 -155.27569184
 -157.54256873 -155.01055717 -153.10616296 -159.41622453 -154.67103001
 -156.59795462 -156.26787707 -154.65584965 -156.83348342 -156.87537425
 -154.7686603  -158.47027764 -156.25582882 -158.30064943 -156.35375476
 -154.11414832 -157.33849677 -156.35375476 -157.59818001 -156.00475744
 -154.7686603  -153.10616296 -155.01055717 -158.34638814 -155.89074803
 -154.92412169 -155.58569483 -157.90913777 -155.59313391 -154.61030802
 -158.4472404  -153.10616296 -154.7899057  -158.29985447 -156.79554216
 -154.7686603  -155.88106225 -155.59313391 -157.18350449 -156.26679272
 -156.59965961 -155.73155891 -153.54129449 -154.65584965 -153.20010803
 -153.10616296 -155.26459649 -157.11333501 -154.65584965 -159.05798311
 -154.61030802 -154.67103001 -154.65584965 -159.90684338 -157.18014786
 -154.67103001 -154.61030802 -157.92688611 -154.67103001 -156.29605621
 -154.67103001 -157.76777293 -153.10616296 -155.097001   -155.67154534]",0.11100000000000002
187,0.11843791788972832,"[-1.00950449e-06  0.00000000e+00  1.51937103e-06 -1.26382097e-06
 -5.94521875e-07  0.00000000e+00 -3.56250657e-07  1.94468586e-07
 -4.35962151e-09  1.79392848e-06  1.10814171e-06 -1.09092975e-06
 -1.73650479e-07  6.62711820e-07  0.00000000e+00  0.00000000e+00
 -1.54520651e-06  0.00000000e+00  3.49218308e-07  1.09554337e-06
  2.01585906e-06  1.00439318e-06 -2.17850380e-06  0.00000000e+00
  0.00000000e+00  2.64272236e-06  9.16284403e-07  0.00000000e+00
  4.25461238e-07  0.00000000e+00  4.47903275e-07 -1.23255781e-06
  0.00000000e+00  0.00000000e+00  1.31945725e-06  2.52653353e-06
 -8.27937547e-07  0.00000000e+00 -5.12204386e-07  0.00000000e+00
  3.29626329e-06  0.00000000e+00 -2.07075430e-06 -1.12835975e-07
  4.34351424e-08 -1.86533489e-06  0.00000000e+00  0.00000000e+00
 -5.91752676e-07  0.00000000e+00  7.36741011e-07  2.39318489e-06
 -1.58639887e-06  0.00000000e+00 -4.05961882e-07 -8.40027110e-07
  0.00000000e+00 -5.63839206e-07  5.46779364e-07  0.00000000e+00
 -2.22069347e-07 -2.36476469e-06  0.00000000e+00  5.27883505e-07
  2.09533715e-06  8.81631635e-07 -7.91763344e-07  0.00000000e+00
  0.00000000e+00  0.00000000e+00  0.00000000e+00  0.00000000e+00
  0.00000000e+00  0.00000000e+00 -1.30371209e-07 -4.29490193e-07
  0.00000000e+00 -1.55622890e-06  6.95169421e-07  0.00000000e+00
 -1.99289007e-06 -6.07110011e-07  0.00000000e+00  7.07283789e-08
  7.37359501e-07 -7.03390590e-07  0.00000000e+00  0.00000000e+00
 -2.51790540e-06  0.00000000e+00  6.99043845e-07 -8.81411816e-07
  0.00000000e+00  1.19589566e-07  0.00000000e+00  0.00000000e+00
  9.73101968e-07 -1.60726045e-06 -1.03485144e-06  7.65544863e-07]","[-156.67130935 -153.35702588 -157.98224406 -153.43343743 -156.43087804
 -155.59313391 -155.31332173 -157.11978657 -157.61441263 -156.81024267
 -156.87910161 -154.81453134 -154.21869177 -158.50224681 -153.2111351
 -155.88106225 -157.39831275 -154.65584965 -159.57130887 -154.67103001
 -154.48363309 -157.66618652 -153.75491837 -156.26679272 -156.26787707
 -152.43304247 -152.73829527 -156.79554216 -158.76314954 -154.65584965
 -154.64504767 -158.45861155 -154.22952126 -154.65584965 -154.34974687
 -158.60209166 -155.65506602 -154.65584965 -154.16815364 -157.95901209
 -156.83954645 -154.67103001 -156.10749927 -157.8998855  -155.84519843
 -156.41047662 -154.7686603  -155.59313391 -156.14346027 -154.65584965
 -155.64495896 -155.65451527 -156.30563019 -156.26787707 -157.19281631
 -155.95437993 -155.48286407 -155.46341679 -156.87509573 -157.50456789
 -158.82971166 -157.08993689 -154.67103001 -154.95723386 -158.787896
 -163.79236013 -155.58112787 -154.36307188 -155.40459999 -153.10616296
 -154.65584965 -155.77585671 -153.20010803 -154.65584965 -155.15252998
 -155.216265   -155.88106225 -154.99498377 -155.92128096 -153.2111351
 -158.31703159 -156.71394632 -154.65584965 -157.82439804 -158.66383915
 -156.39531101 -155.48286407 -156.35375476 -157.31705096 -157.50456789
 -155.85584236 -158.40185822 -155.48286407 -154.70709652 -155.40459999
 -155.58569483 -154.77203295 -157.24325848 -155.21481855 -159.10229338]",0.125
188,0.11655577476839707,"[-3.30833006e-08 -5.75866310e-08  0.00000000e+00  0.00000000e+00
  0.00000000e+00  0.00000000e+00  0.00000000e+00  8.44564096e-08
  0.00000000e+00  0.00000000e+00  0.00000000e+00  3.84000818e-07
  1.73311218e-06 -1.73589293e-06 -6.21413829e-07 -9.05941123e-07
  6.00632091e-07 -6.80750194e-07  0.00000000e+00  4.19094293e-07
 -4.32940431e-06 -4.14298706e-07  1.21393267e-06  1.13465518e-06
 -9.88095391e-07  0.00000000e+00  0.00000000e+00  0.00000000e+00
  8.72273644e-07  0.00000000e+00  0.00000000e+00  0.00000000e+00
  0.00000000e+00  7.62859202e-07  0.00000000e+00 -5.56157740e-07
  0.00000000e+00  1.19439806e-06  0.00000000e+00 -5.67687365e-07
  0.00000000e+00  0.00000000e+00  3.44199030e-06 -1.62261953e-06
  9.61370333e-07 -3.82115064e-07  2.59220635e-06  3.08459701e-06
  0.00000000e+00 -2.24827466e-07  1.26425054e-06 -1.01392279e-06
  2.53309533e-07 -1.00031837e-06 -1.58370831e-07  2.47260845e-06
 -3.89636375e-07  0.00000000e+00  0.00000000e+00  1.30381409e-06
  0.00000000e+00 -2.46613377e-06 -1.43850620e-06  0.00000000e+00
  2.64657014e-06 -4.99593675e-07 -5.85085030e-07  0.00000000e+00
 -9.14956488e-07  0.00000000e+00  2.67270406e-06  0.00000000e+00
  0.00000000e+00  0.00000000e+00 -1.42157819e-07  0.00000000e+00
 -4.96216844e-07  0.00000000e+00 -1.56251809e-06  0.00000000e+00
  1.89466200e-07 -1.84491011e-06 -1.27169674e-06  1.22321294e-06
 -1.13091877e-06  0.00000000e+00 -1.78216297e-06  0.00000000e+00
  1.41141911e-06  0.00000000e+00 -5.23126142e-07  0.00000000e+00
  7.82904331e-07  0.00000000e+00  4.86194697e-08  0.00000000e+00
  2.75646271e-06  9.64618805e-07  0.00000000e+00 -9.81948376e-08]","[-156.62152125 -156.16443988 -157.19281631 -154.21869177 -156.87910161
 -155.216265   -154.34974687 -154.92995794 -152.43304247 -156.87910161
 -155.40459999 -154.13883246 -156.01806289 -152.5040164  -157.16120484
 -159.47935524 -156.44487781 -156.58727147 -154.21869177 -154.6365009
 -156.51134101 -158.14017031 -154.81453134 -153.29640504 -154.9537037
 -155.216265   -155.58569483 -155.48286407 -157.5152893  -156.26679272
 -154.70709652 -154.21869177 -154.70709652 -155.93249342 -156.26787707
 -156.13163211 -154.48363309 -156.93244451 -156.41047662 -161.13602291
 -153.2111351  -155.59313391 -157.12464476 -155.6042272  -155.29983978
 -156.65027567 -156.67093014 -157.88022386 -154.67103001 -157.72921633
 -159.74410028 -160.52380976 -154.3958199  -158.07733003 -155.79027039
 -156.33008755 -155.56799325 -153.35702588 -154.67103001 -156.86509315
 -156.26787707 -153.42051624 -155.92891069 -156.87509573 -155.71659319
 -156.80107113 -155.36646377 -154.77203295 -156.01709337 -155.64495896
 -159.80206126 -154.65584965 -154.77203295 -156.43087804 -155.84379597
 -156.26787707 -154.67285555 -157.19281631 -158.34472078 -156.26787707
 -156.53106599 -155.30182455 -156.35956033 -158.57319819 -157.88642876
 -156.83954645 -157.65963534 -154.70709652 -154.09311543 -152.43304247
 -155.68846124 -153.75491837 -156.85833299 -152.73829527 -156.79920653
 -154.70709652 -155.9898253  -158.45187113 -156.26787707 -155.3593054 ]",0.135
189,0.11489815739204848,"[ 8.92211257e-08  0.00000000e+00  0.00000000e+00  2.10886732e-07
  0.00000000e+00  5.34285878e-07  0.00000000e+00 -1.40923826e-08
  1.78497083e-06  0.00000000e+00  3.39360723e-07  1.72534997e-07
  0.00000000e+00  0.00000000e+00  0.00000000e+00 -5.49284369e-07
  6.51609240e-07  0.00000000e+00 -2.25057118e-06 -2.17061868e-06
  0.00000000e+00  0.00000000e+00  1.95949563e-06  0.00000000e+00
 -2.30547744e-07  0.00000000e+00  0.00000000e+00  1.94474816e-06
  0.00000000e+00  0.00000000e+00  5.15420958e-07  3.11194366e-06
  0.00000000e+00  1.00793410e-06 -1.06872287e-06  0.00000000e+00
  0.00000000e+00 -7.69820715e-07  0.00000000e+00  0.00000000e+00
 -8.45631115e-08  2.68709612e-06  0.00000000e+00  7.87117392e-07
  0.00000000e+00  0.00000000e+00  0.00000000e+00 -6.99320807e-07
  0.00000000e+00  1.10537156e-06  0.00000000e+00 -1.47870046e-06
  9.10239160e-07 -4.34163283e-08  0.00000000e+00  1.39131970e-06
  0.00000000e+00  1.22780713e-06 -1.85200370e-08  3.26218601e-06
  0.00000000e+00  1.22014072e-07  0.00000000e+00  1.67589796e-06
  0.00000000e+00  0.00000000e+00  0.00000000e+00  0.00000000e+00
 -1.64652549e-06  1.12330069e-06  3.27161935e-07  0.00000000e+00
 -4.90469754e-08  0.00000000e+00  0.00000000e+00  0.00000000e+00
 -8.54308653e-07 -1.39213490e-06 -4.70626815e-07  0.00000000e+00
  0.00000000e+00  0.00000000e+00  0.00000000e+00  0.00000000e+00
  5.34673396e-07  1.22465918e-06  0.00000000e+00 -3.54345154e-07
  2.81314603e-07  4.00297172e-07 -9.21381882e-07  9.78986342e-07
  5.01178265e-06  0.00000000e+00  5.76388386e-07  1.02713051e-06
  4.63472985e-07 -8.64734325e-07  1.75736686e-06 -3.76395683e-06]","[-153.40719948 -156.01709337 -154.13883246 -155.06931302 -155.84379597
 -155.71729741 -155.84379597 -161.4315473  -155.9129806  -154.65584965
 -155.65089596 -154.9746705  -156.26679272 -157.88022386 -152.5040164
 -155.32668621 -154.21000818 -156.01806289 -158.86296338 -158.48137676
 -155.216265   -156.33008755 -158.05828072 -155.93249342 -154.36296563
 -156.86509315 -156.93244451 -154.87148899 -155.56799325 -154.09311543
 -156.73917815 -156.99048582 -155.71659319 -159.46278671 -157.51026037
 -156.01709337 -156.87910161 -157.31460858 -154.34974687 -155.9898253
 -160.39018515 -156.09104224 -156.41047662 -153.44210705 -156.62152125
 -155.84379597 -154.09311543 -155.96660908 -155.84379597 -156.55826981
 -156.87910161 -157.74726404 -158.0248056  -156.07345062 -156.43087804
 -152.63536446 -154.92995794 -160.98773501 -160.3053003  -157.03629885
 -156.35956033 -154.21869177 -155.84379597 -157.51159218 -155.92891069
 -154.81453134 -155.84379597 -155.56799325 -155.62654411 -155.84379597
 -155.64833157 -155.56799325 -156.98337207 -157.88022386 -156.13163211
 -155.6042272  -156.06923763 -153.08785453 -159.57306677 -155.6042272
 -155.93249342 -154.77203295 -155.6042272  -155.56799325 -156.22751404
 -159.19408243 -154.77203295 -155.57657035 -156.18654296 -154.10920473
 -155.58692897 -157.31243133 -157.46012833 -154.77203295 -157.75745106
 -157.04866933 -152.94393429 -154.48524192 -157.88022386 -156.32514301]",0.105
190,0.11366368009882616,"[ 3.37941985e-08 -1.95088657e-06 -1.19880070e-06 -2.28883153e-06
  5.96284868e-07 -1.45922394e-06  5.50584159e-07  4.85342313e-07
 -1.35154861e-06  0.00000000e+00  0.00000000e+00 -2.05920687e-06
  0.00000000e+00  0.00000000e+00  0.00000000e+00  0.00000000e+00
  0.00000000e+00 -4.98685892e-07 -1.22908477e-06  2.87948985e-07
  0.00000000e+00  0.00000000e+00  3.77913984e-07 -1.74096294e-06
 -8.33347828e-07  0.00000000e+00  2.93271879e-07 -4.90463035e-07
  0.00000000e+00 -1.00453176e-07  0.00000000e+00 -3.11548021e-07
 -7.88265378e-07  0.00000000e+00 -2.71383308e-07 -4.37699139e-07
  1.34104200e-06  1.06024819e-06  9.52215795e-07 -6.20228953e-07
 -1.11213408e-07  1.19884706e-06  1.52351985e-06  0.00000000e+00
 -2.22819055e-06  0.00000000e+00  0.00000000e+00  0.00000000e+00
  0.00000000e+00  0.00000000e+00 -3.98625739e-07 -1.47960396e-06
  1.38553279e-06 -8.13545647e-07 -6.62628841e-08  0.00000000e+00
 -9.01507625e-07  0.00000000e+00 -1.32522613e-06  3.61355579e-06
 -3.83437267e-09  0.00000000e+00  0.00000000e+00  0.00000000e+00
  0.00000000e+00  2.86829262e-06  1.14054555e-07 -3.04605459e-06
  0.00000000e+00 -1.77148789e-06 -3.80291828e-07 -8.58048108e-08
 -1.63031844e-06  0.00000000e+00 -6.13566734e-07  0.00000000e+00
  0.00000000e+00  2.00453360e-06  4.62888811e-06 -6.79527396e-07
 -1.29757653e-07  4.45190284e-07  0.00000000e+00 -1.73654471e-06
  5.23563157e-07 -3.71214550e-07  8.33802203e-07  0.00000000e+00
  2.05079977e-07  0.00000000e+00  0.00000000e+00 -1.28878178e-06
  2.11969323e-07  2.13864739e-07 -9.01982678e-07  1.51310364e-06
  9.27756594e-07  0.00000000e+00  0.00000000e+00  0.00000000e+00]","[-157.8891925  -155.50009588 -156.50598883 -156.41046118 -155.14852967
 -159.71493629 -155.58692897 -158.14483578 -157.31243133 -155.84379597
 -155.6042272  -159.21000362 -155.84379597 -154.48524192 -155.84379597
 -152.63536446 -157.75745106 -155.78476758 -156.12838065 -157.60819312
 -154.21869177 -156.06923763 -155.45767959 -159.21154228 -154.94180878
 -154.10920473 -156.33011486 -156.28005022 -155.84379597 -158.55405678
 -157.51159218 -157.74726404 -160.27805952 -152.5040164  -157.94052417
 -152.63536446 -155.54693969 -158.76090402 -153.30295714 -156.55072755
 -157.79883269 -156.32658067 -156.13656202 -155.56799325 -156.56161972
 -156.01709337 -152.5040164  -154.21000818 -152.5040164  -153.44210705
 -158.32002469 -157.86300823 -154.65540153 -158.35431078 -161.8574833
 -155.71729741 -158.41467511 -155.6042272  -157.37703065 -152.03288248
 -155.26110062 -154.21000818 -153.40719948 -156.43087804 -154.09311543
 -157.70793138 -155.82344061 -156.68996427 -154.09311543 -156.99201296
 -157.1411039  -154.81453134 -154.99393349 -155.84379597 -156.46519913
 -152.5040164  -152.63536446 -156.44838792 -160.73696001 -156.78286374
 -155.25027312 -157.26545735 -155.62654411 -157.54466743 -158.75085266
 -156.55155521 -161.36376021 -157.51159218 -155.36855023 -156.07345062
 -152.5040164  -153.90139849 -155.75804576 -157.68416353 -157.11809967
 -157.13003706 -156.53417737 -156.13163211 -155.71729741 -155.84379597]",0.125
191,0.11226222104475572,"[ 0.00000000e+00  0.00000000e+00  5.46925841e-07 -2.74410621e-06
  0.00000000e+00 -1.25502831e-06  4.67894828e-07  1.10808346e-07
 -8.85792056e-07  0.00000000e+00  7.25413621e-07  0.00000000e+00
  0.00000000e+00 -5.69921628e-07  0.00000000e+00  0.00000000e+00
  0.00000000e+00  0.00000000e+00  0.00000000e+00  3.31414451e-07
  7.43251211e-07  0.00000000e+00  0.00000000e+00 -2.26675549e-06
  5.21781356e-07  4.13474835e-07  0.00000000e+00  1.19969316e-06
  0.00000000e+00  0.00000000e+00  0.00000000e+00  0.00000000e+00
  0.00000000e+00 -1.09608865e-06  0.00000000e+00  5.02154476e-08
  0.00000000e+00  0.00000000e+00  0.00000000e+00  0.00000000e+00
  8.19172153e-07  3.57391834e-08  0.00000000e+00  1.09451905e-06
  0.00000000e+00  0.00000000e+00  0.00000000e+00 -4.75789670e-07
  1.30297467e-07  0.00000000e+00  0.00000000e+00 -2.35087820e-06
 -2.32629109e-06 -1.44480333e-06  0.00000000e+00 -2.38066738e-07
  1.65150327e-06  2.47642845e-06 -6.57190244e-08  5.83695980e-07
  0.00000000e+00  0.00000000e+00  0.00000000e+00  0.00000000e+00
  0.00000000e+00 -1.50920477e-06  0.00000000e+00  0.00000000e+00
  3.84545509e-07 -6.01359876e-08 -2.02437330e-08  7.37259487e-07
 -1.06615036e-06  2.16020573e-06  3.74158913e-07  0.00000000e+00
  4.55826442e-08 -5.75307970e-08 -1.40178456e-06 -4.80412966e-06
  0.00000000e+00  0.00000000e+00  1.59166392e-06  0.00000000e+00
  1.38974014e-06 -1.50171801e-06  0.00000000e+00  8.64178470e-07
  0.00000000e+00 -3.08286254e-07  2.41369073e-06  0.00000000e+00
  0.00000000e+00  0.00000000e+00  1.48731023e-06  3.33287763e-06
  1.92636432e-06  0.00000000e+00  2.27771993e-06 -5.83079986e-07]","[-157.51159218 -154.21000818 -156.50598883 -156.59177015 -157.31243133
 -156.33264114 -160.7064512  -157.2347731  -155.85717487 -156.06923763
 -156.08522931 -154.99393349 -155.84379597 -157.49736363 -154.09311543
 -154.21000818 -152.63536446 -155.84379597 -157.51159218 -155.92559449
 -155.8103056  -157.54466743 -154.21000818 -157.12905326 -155.07808441
 -154.76830666 -157.51159218 -158.43762649 -156.07345062 -156.56161972
 -156.46519913 -156.12838065 -154.21000818 -157.54415542 -155.75804576
 -155.50056744 -154.21000818 -154.21000818 -155.25027312 -156.44838792
 -157.56721781 -154.81238446 -155.82344061 -157.40103968 -154.21000818
 -156.12838065 -152.63536446 -157.34133276 -157.65417344 -154.81453134
 -154.81453134 -160.71360831 -156.62565762 -158.60866988 -155.71729741
 -157.59316167 -159.52251594 -155.84379597 -158.40512544 -156.93442047
 -155.82344061 -152.63536446 -153.30295714 -154.10920473 -155.56799325
 -157.87683755 -157.54466743 -152.5040164  -159.33208785 -157.17315328
 -155.58045203 -157.51159218 -156.7865687  -156.12130568 -156.63984089
 -155.36855023 -155.88253286 -157.72226483 -156.84669637 -156.55427553
 -152.63536446 -157.51159218 -156.35367413 -154.21000818 -159.71965064
 -156.71372566 -152.03288248 -157.23077504 -152.5040164  -154.24396872
 -157.42182737 -153.90139849 -156.50598883 -156.99201296 -156.39709463
 -156.38898288 -159.03634105 -156.50598883 -158.12946544 -158.88612559]",0.11000000000000001
192,0.1106464292678416,"[-1.36305471e-06  2.98031022e-06  0.00000000e+00  0.00000000e+00
 -1.11054494e-06  1.58667893e-06 -2.01720023e-06  1.73646923e-07
 -5.59571674e-07  1.28466082e-06  1.36956564e-06 -1.08001157e-06
  0.00000000e+00  0.00000000e+00  1.44437157e-06  6.20625981e-07
 -1.53817391e-07 -9.82159697e-07  0.00000000e+00  1.45523364e-07
  0.00000000e+00  0.00000000e+00  9.24903285e-07 -6.70119700e-07
 -6.72941863e-07 -1.28037494e-06  8.94837897e-07  0.00000000e+00
  0.00000000e+00  0.00000000e+00  6.15734715e-07 -1.28779081e-06
  0.00000000e+00 -9.31266442e-07  0.00000000e+00  0.00000000e+00
  0.00000000e+00  2.08527803e-06  3.27341945e-07 -2.39981571e-06
  0.00000000e+00 -2.55953747e-06 -4.74959126e-07 -1.54566159e-06
  2.61005533e-07  4.35008408e-07 -2.11063278e-07 -1.18864004e-07
  0.00000000e+00  8.20726063e-07 -2.67526810e-07  0.00000000e+00
 -5.78765785e-08  0.00000000e+00  1.92109427e-07  0.00000000e+00
  0.00000000e+00 -1.45709431e-06 -2.54349004e-06 -5.29929335e-07
 -6.40130651e-07 -4.74589228e-06  2.63900275e-06  0.00000000e+00
  0.00000000e+00 -4.75033846e-07  0.00000000e+00  0.00000000e+00
 -3.68136044e-06  1.55464479e-06  9.12575439e-07 -9.95263926e-07
 -2.47851390e-06 -1.23094699e-06  0.00000000e+00  0.00000000e+00
 -9.44270874e-07  1.59588258e-06  0.00000000e+00  0.00000000e+00
  2.35183692e-06 -3.81677098e-08 -2.05862623e-06  7.68520331e-07
  0.00000000e+00  3.76440199e-07 -2.00243245e-07  1.44169607e-07
 -1.11151860e-06  1.12858201e-06  0.00000000e+00  0.00000000e+00
  0.00000000e+00  1.74502024e-07  0.00000000e+00 -1.75998969e-07
  5.40039010e-07 -5.13777549e-07 -2.99595023e-06  2.74257142e-06]","[-158.24243863 -160.1076072  -152.5040164  -155.07808441 -157.3894935
 -158.81437137 -153.5639467  -157.22606492 -157.64389463 -154.95495471
 -156.29531774 -158.53287837 -155.07808441 -154.24396872 -159.01006798
 -156.17930081 -155.96634062 -154.81453134 -157.54415542 -157.56747777
 -156.06923763 -155.07808441 -157.32360511 -155.24933527 -156.95293819
 -155.57482877 -156.97646189 -156.35367413 -156.35367413 -157.51159218
 -157.36905676 -156.47234595 -155.8103056  -158.52768111 -152.63536446
 -154.81453134 -154.24396872 -156.39128282 -156.94234202 -159.75916123
 -156.12130568 -158.75483407 -154.83256918 -156.77538301 -156.37655641
 -157.06785957 -155.72072767 -155.03112008 -156.12130568 -153.88032536
 -156.85666214 -155.50056744 -157.29452556 -156.38898288 -157.39726682
 -156.35367413 -154.24396872 -158.3693429  -157.08615324 -156.35767485
 -155.97134973 -156.7151948  -160.00671164 -155.07808441 -155.25027312
 -159.2532786  -154.21000818 -156.12130568 -157.54834251 -158.50760849
 -158.21853832 -156.12049317 -157.49793194 -157.225587   -154.21000818
 -157.72226483 -155.12066293 -157.53423145 -154.10920473 -155.25027312
 -155.69727012 -159.13655027 -155.25276389 -155.9775066  -154.24396872
 -156.00385073 -156.67472389 -156.77285412 -156.33996973 -157.13571088
 -155.82344061 -156.12838065 -155.36855023 -156.80599762 -156.12130568
 -161.24823199 -156.60920987 -161.35523885 -158.95544525 -157.75556138]",0.139
193,0.1086645533985461,"[-9.10506021e-07  0.00000000e+00  0.00000000e+00  0.00000000e+00
  0.00000000e+00  2.00090923e-06  1.68490365e-06 -5.90274414e-07
  8.68358877e-07  0.00000000e+00  0.00000000e+00 -2.14460602e-07
  5.57156631e-07 -5.12650596e-07 -4.16762888e-07  0.00000000e+00
  7.83156923e-07  1.06992412e-06  0.00000000e+00  0.00000000e+00
 -1.59111581e-06 -2.44842803e-06  2.43599224e-07  1.89697287e-07
 -6.26517335e-07 -2.04610367e-06  0.00000000e+00 -1.99749258e-06
  9.70505785e-07  0.00000000e+00  0.00000000e+00  0.00000000e+00
  4.19005708e-07 -4.70587483e-07  2.90034890e-07  5.47938336e-08
  2.73525214e-07  1.32322640e-06  1.25680315e-06  1.30758542e-06
  0.00000000e+00  5.55594497e-06  4.12079794e-07 -2.90528836e-07
  0.00000000e+00  0.00000000e+00  0.00000000e+00 -2.70450107e-07
  0.00000000e+00 -3.75901601e-06  0.00000000e+00 -1.02643528e-07
  2.17028794e-06  3.00514722e-07  0.00000000e+00  0.00000000e+00
  1.57814440e-06 -3.31060798e-07  0.00000000e+00  0.00000000e+00
 -2.44166696e-06  0.00000000e+00  0.00000000e+00  0.00000000e+00
 -2.04429130e-06  0.00000000e+00  0.00000000e+00  0.00000000e+00
  0.00000000e+00  9.90536275e-07 -3.34244147e-07 -1.07543992e-06
 -9.11232454e-07  0.00000000e+00  0.00000000e+00  1.93706911e-06
  0.00000000e+00  5.95582417e-07 -1.12485317e-06  0.00000000e+00
  4.32939845e-07 -1.52484822e-07  0.00000000e+00  0.00000000e+00
  1.13802031e-07 -9.93644611e-09  0.00000000e+00  0.00000000e+00
  0.00000000e+00  4.52166172e-07  6.51302448e-07  0.00000000e+00
  3.45570635e-07  0.00000000e+00  0.00000000e+00 -2.57513188e-07
  0.00000000e+00 -1.60915024e-06  9.17764132e-07 -4.75181758e-07]","[-157.75653943 -156.12130568 -156.12130568 -155.24933527 -155.24933527
 -153.95626221 -154.8787476  -161.36798042 -158.73711348 -156.47234595
 -154.81453134 -156.60889135 -157.68490129 -156.45902298 -155.69955528
 -156.35367413 -156.07935935 -155.77262503 -156.12130568 -154.24396872
 -155.81825206 -157.16381586 -155.42341096 -156.06284266 -156.70873696
 -156.4400501  -155.25027312 -156.03482946 -153.70009365 -156.12130568
 -155.24933527 -155.07808441 -155.3187136  -157.61190612 -157.16457965
 -156.11596292 -155.37790312 -155.54695409 -155.83691048 -156.67975539
 -154.24396872 -157.79059393 -156.47234595 -155.03640957 -156.47234595
 -156.29531774 -156.12049317 -155.07808441 -156.12130568 -157.47918753
 -154.24396872 -158.67986536 -160.08858404 -155.92325057 -157.75556138
 -154.83256918 -156.60119416 -154.49763298 -154.24396872 -153.5639467
 -155.73190169 -155.24933527 -155.07808441 -154.24396872 -154.69312479
 -155.24933527 -155.07808441 -155.24933527 -156.77285412 -160.90364612
 -155.24933527 -157.51739155 -156.76453112 -155.25276389 -154.24396872
 -159.88281073 -155.24933527 -156.06501667 -157.51159218 -155.24933527
 -155.78018505 -155.96447936 -155.07808441 -154.24396872 -154.51669415
 -159.14843003 -155.07808441 -156.47234595 -155.24933527 -157.49715379
 -156.99647215 -157.51159218 -155.05718647 -156.12130568 -156.94234202
 -155.34968133 -156.12130568 -156.32781879 -156.36694157 -156.98834255]",0.105
194,0.10660502719845438,"[-1.46839636e-07  7.70294259e-07  5.73366159e-08  0.00000000e+00
  0.00000000e+00 -1.35641106e-06  0.00000000e+00  1.36067112e-06
 -3.45688061e-07 -3.70055423e-07 -1.64985234e-06 -3.05777169e-07
 -1.38551725e-06 -2.10080607e-07 -3.38930333e-07  3.74773709e-07
  0.00000000e+00  5.19074001e-07  1.33447683e-06 -1.03836783e-06
  1.63189295e-06 -7.56350295e-07  0.00000000e+00  0.00000000e+00
 -8.98806253e-08 -2.31243279e-06 -1.02895436e-06  8.84050549e-07
  1.80434253e-07  1.01912659e-06  8.29721669e-07  1.33901723e-06
 -1.37803322e-06  0.00000000e+00 -8.73392025e-07  0.00000000e+00
  1.47204741e-06  0.00000000e+00  1.75252511e-06 -2.19898052e-07
 -1.15324016e-06 -6.70548759e-07 -1.35297690e-06  2.26332617e-07
  2.26464967e-06  0.00000000e+00  1.90811128e-06  0.00000000e+00
  0.00000000e+00  1.22562213e-06 -1.95883313e-06 -7.65447171e-07
  0.00000000e+00  8.37373041e-07  0.00000000e+00  1.97528272e-06
  0.00000000e+00  0.00000000e+00  0.00000000e+00  7.14032495e-07
  0.00000000e+00 -2.64634497e-07 -4.25180197e-07  9.21029337e-07
 -9.16984168e-07  1.21387388e-06  0.00000000e+00  1.09725640e-06
 -5.69313843e-07  0.00000000e+00  1.63070306e-06  3.96788702e-07
 -5.88446898e-07  0.00000000e+00  1.85742493e-06  0.00000000e+00
  0.00000000e+00  4.27136129e-06  0.00000000e+00  0.00000000e+00
  0.00000000e+00  0.00000000e+00  3.84022509e-06 -1.19960351e-06
  0.00000000e+00  2.84130811e-07  1.90437732e-07  0.00000000e+00
  0.00000000e+00  8.41832905e-07 -1.93711136e-07  0.00000000e+00
  1.30637244e-06  0.00000000e+00  0.00000000e+00  0.00000000e+00
  0.00000000e+00  0.00000000e+00  4.12183218e-07  0.00000000e+00]","[-160.27026308 -157.04602772 -155.27713214 -156.77285412 -155.24933527
 -156.39879897 -156.60889135 -159.48381506 -158.37888966 -156.91279664
 -159.17328124 -155.65268576 -155.78116616 -154.2641065  -154.14362159
 -156.48022276 -157.16381586 -155.62588289 -156.35167906 -155.39013887
 -157.88305965 -157.87880322 -155.24933527 -155.73190169 -156.10686824
 -156.02937226 -154.96875268 -155.01291812 -157.55364033 -153.01225521
 -157.33728653 -157.15171568 -158.03954738 -154.51669415 -158.22635138
 -155.07808441 -155.24933527 -154.24396872 -156.84185655 -155.24933527
 -152.15384933 -156.29686303 -156.94485478 -157.7083787  -155.90304164
 -155.24933527 -158.29527836 -154.69312479 -155.73190169 -155.3187136
 -155.35816149 -154.49763298 -154.24396872 -159.16357305 -157.16381586
 -156.35044107 -155.24933527 -154.69312479 -154.69312479 -159.24405331
 -156.06284266 -155.5044928  -155.68946782 -155.79199361 -157.51574057
 -156.33715461 -156.07935935 -160.02409838 -159.93407229 -156.12130568
 -157.0289474  -158.17869462 -156.58772902 -156.03482946 -155.69955528
 -154.24396872 -154.69312479 -159.33975019 -155.24933527 -155.24933527
 -156.45902298 -156.07935935 -159.98030649 -155.92325057 -155.24933527
 -155.45549867 -157.84765572 -155.24933527 -155.07808441 -155.21861065
 -155.58780342 -155.69955528 -155.41225347 -155.42341096 -155.78018505
 -156.76453112 -155.24933527 -155.24933527 -156.54683509 -155.24933527]",0.126
195,0.10566069743238674,"[ 0.00000000e+00  8.58530982e-07  3.90834645e-07  0.00000000e+00
  2.01220547e-06  0.00000000e+00  0.00000000e+00  0.00000000e+00
 -3.48540735e-06  8.69045533e-07  1.47353163e-07 -8.85775562e-07
 -2.26252173e-06  1.15361669e-06  0.00000000e+00  0.00000000e+00
 -1.15575049e-06  1.98731808e-07  0.00000000e+00  0.00000000e+00
  0.00000000e+00  2.44753485e-06  0.00000000e+00 -1.95725669e-06
  3.09725878e-06  2.54163283e-07 -3.20842609e-07 -1.53721492e-06
 -1.75114228e-06  1.47633115e-06  0.00000000e+00 -2.03215116e-06
  1.86667289e-06  2.06470892e-06 -1.89698576e-06  0.00000000e+00
  0.00000000e+00  0.00000000e+00 -1.10133605e-06  0.00000000e+00
  5.16627025e-07  7.44925027e-07  0.00000000e+00  0.00000000e+00
  0.00000000e+00  1.97409545e-06  0.00000000e+00 -1.06949602e-07
  7.82088869e-07  5.44734585e-07  2.07941515e-06 -8.82471470e-07
  0.00000000e+00  0.00000000e+00  0.00000000e+00 -9.73730483e-07
  0.00000000e+00 -1.41284489e-06 -6.66132615e-07 -7.66180948e-07
  1.03943163e-06 -1.94447613e-06  3.00345471e-07  0.00000000e+00
  0.00000000e+00 -3.48972036e-07  1.57733110e-06  3.35862222e-07
  5.33890118e-07  0.00000000e+00  0.00000000e+00  0.00000000e+00
  4.47382045e-07  1.48876583e-07 -2.39157530e-07  2.41928190e-06
 -1.31675266e-07 -2.93924778e-06  0.00000000e+00 -1.83466541e-06
  0.00000000e+00  1.13863199e-06 -1.53535784e-06  0.00000000e+00
  0.00000000e+00 -1.48098873e-06  1.69596183e-06  4.18326035e-07
  1.71300061e-06  0.00000000e+00 -1.00763256e-06  0.00000000e+00
 -2.09837977e-07 -4.20955875e-07 -1.52953252e-06  0.00000000e+00
  2.13920862e-07  0.00000000e+00  0.00000000e+00  2.15026734e-06]","[-155.45549867 -155.95853762 -154.75642263 -154.96875268 -155.84068665
 -155.24933527 -153.01225521 -155.21861065 -155.78795788 -156.52605572
 -161.01104246 -156.77062419 -157.39833497 -155.22086084 -155.69955528
 -155.69955528 -156.98716524 -156.64689583 -154.69312479 -155.78018505
 -154.49763298 -158.42466176 -155.21861065 -156.90903799 -156.04985799
 -155.37208568 -154.91378025 -157.79401509 -161.98790747 -154.16980223
 -155.24933527 -158.17249928 -157.38140549 -152.80673161 -158.87605136
 -154.14362159 -154.24396872 -154.14362159 -154.81627348 -155.21861065
 -157.7622014  -158.04016488 -155.21861065 -153.01225521 -155.24933527
 -156.34485338 -154.69312479 -160.13339799 -158.0853075  -157.38279701
 -156.40036023 -154.74529377 -156.29686303 -156.58772902 -156.07935935
 -156.16833359 -155.24933527 -157.42317411 -160.72180379 -156.51953752
 -154.84151127 -159.3042502  -154.70121623 -155.21861065 -155.21861065
 -156.43578537 -157.17898061 -154.46522197 -156.12530017 -153.01225521
 -158.22635138 -154.69312479 -156.04247135 -159.34412955 -156.88002626
 -160.02982465 -156.06284266 -156.9363865  -155.21861065 -159.43275202
 -154.69312479 -155.87074077 -156.4287839  -155.24933527 -155.24933527
 -156.04032478 -154.24396872 -155.3271829  -155.54235098 -155.24933527
 -155.35274586 -156.45902298 -160.59452117 -154.59006157 -156.63916412
 -154.69312479 -156.15724302 -155.35816149 -155.21861065 -154.18293461]",0.117
196,0.10474840593007897,"[ 0.00000000e+00  0.00000000e+00  0.00000000e+00 -2.27448435e-07
 -2.84173344e-06  0.00000000e+00  7.04382857e-07  3.36979207e-07
  0.00000000e+00  0.00000000e+00  0.00000000e+00 -1.60529035e-06
  0.00000000e+00  0.00000000e+00  0.00000000e+00  2.69355756e-06
 -1.41539505e-06 -1.73912353e-06  2.48192561e-06  2.25422644e-07
  7.52068737e-07  0.00000000e+00  3.51957325e-07  1.02012905e-06
  4.07436826e-07  0.00000000e+00  8.85331533e-07  0.00000000e+00
 -2.39597720e-06  0.00000000e+00  8.33953336e-07  0.00000000e+00
  0.00000000e+00  0.00000000e+00  0.00000000e+00 -1.66162947e-06
  0.00000000e+00  1.19776167e-06  2.01254457e-07 -9.59622829e-07
  0.00000000e+00  0.00000000e+00 -1.24820562e-06  0.00000000e+00
  0.00000000e+00  0.00000000e+00  0.00000000e+00  0.00000000e+00
  0.00000000e+00  0.00000000e+00  0.00000000e+00  2.74789613e-06
 -2.43714304e-07  1.08483515e-07 -6.23277103e-07  0.00000000e+00
  0.00000000e+00  4.63185241e-07  1.04180457e-06 -2.46697115e-06
  0.00000000e+00  4.36254620e-07 -6.24216802e-07  2.15099891e-06
  2.99202862e-08  0.00000000e+00 -1.70884740e-06  0.00000000e+00
  0.00000000e+00  0.00000000e+00 -4.65850256e-07  0.00000000e+00
 -4.31520117e-06  5.07468429e-07  1.88188133e-06 -3.58784893e-06
 -1.62827466e-06 -1.26641322e-06 -4.51653012e-07  0.00000000e+00
  0.00000000e+00  5.65425080e-07 -1.46880111e-07  0.00000000e+00
  1.17139560e-06 -1.63859697e-06 -2.07419115e-06  0.00000000e+00
  0.00000000e+00  9.89694735e-07  0.00000000e+00 -4.93221124e-07
  0.00000000e+00 -9.68088288e-09  0.00000000e+00 -4.40801511e-07
  0.00000000e+00 -2.12572930e-07  0.00000000e+00 -4.23840067e-06]","[-154.18293461 -155.21861065 -154.74529377 -157.38755999 -156.10754729
 -155.21861065 -159.98327368 -156.29618091 -155.78795788 -155.78795788
 -156.52605572 -156.7305768  -154.14362159 -155.21861065 -156.04032478
 -159.29244342 -155.35925751 -156.49056051 -156.0481273  -157.26677146
 -157.64449029 -155.21861065 -155.46280482 -156.24098101 -155.21861065
 -157.42317411 -158.14902345 -155.21861065 -154.23069918 -154.46522197
 -156.63113317 -156.34485338 -154.70121623 -155.21861065 -155.69955528
 -157.50228762 -154.16980223 -156.88710197 -155.87890735 -152.17656454
 -155.21861065 -154.81627348 -157.0648485  -155.21861065 -154.84151127
 -155.54235098 -155.21861065 -154.14362159 -154.18293461 -155.21861065
 -155.21861065 -158.13448068 -158.59921059 -162.70249846 -156.73468082
 -156.90903799 -154.14362159 -155.21468186 -158.36152628 -157.42125836
 -154.84151127 -156.01018691 -159.15231121 -156.74975333 -156.55057369
 -153.01225521 -158.34456244 -152.80673161 -155.21861065 -154.69312479
 -156.38525114 -155.21861065 -154.9246362  -155.8560202  -157.7577018
 -158.42906769 -156.47899895 -155.50957587 -156.98716524 -155.21861065
 -155.54235098 -153.86014899 -159.00676215 -155.87074077 -157.17609533
 -157.72547079 -157.55458098 -154.59006157 -156.12530017 -155.78744147
 -154.70121623 -156.76560888 -154.81627348 -154.88058199 -155.21861065
 -162.00762291 -155.21861065 -155.84814522 -156.04032478 -155.87890377]",0.1
197,0.10365469912639697,"[ 0.00000000e+00  0.00000000e+00  2.48668054e-06  0.00000000e+00
  0.00000000e+00  0.00000000e+00  0.00000000e+00  2.83482656e-07
  0.00000000e+00 -8.97564792e-08  0.00000000e+00  0.00000000e+00
  0.00000000e+00  0.00000000e+00 -1.14069555e-06  0.00000000e+00
  0.00000000e+00  0.00000000e+00  0.00000000e+00  0.00000000e+00
 -1.62372405e-07 -1.66346990e-07  0.00000000e+00  9.27823504e-08
 -5.51530332e-08  0.00000000e+00  0.00000000e+00 -2.22606978e-06
  0.00000000e+00  0.00000000e+00  0.00000000e+00  0.00000000e+00
  0.00000000e+00  0.00000000e+00  0.00000000e+00 -3.79238273e-07
  0.00000000e+00  0.00000000e+00 -4.86070271e-07  1.16048436e-06
  0.00000000e+00  2.19181413e-06  0.00000000e+00  0.00000000e+00
 -4.05325542e-08  0.00000000e+00  0.00000000e+00  5.12679750e-07
  1.01811399e-06  0.00000000e+00  0.00000000e+00  0.00000000e+00
 -7.13673102e-08  0.00000000e+00 -1.25526810e-06 -4.81226254e-07
 -6.16369439e-07  0.00000000e+00  0.00000000e+00  0.00000000e+00
 -5.32565880e-07 -2.79004323e-07  2.18610254e-07 -7.13088627e-08
  0.00000000e+00  0.00000000e+00  0.00000000e+00 -7.36982678e-07
  0.00000000e+00  0.00000000e+00 -1.12142100e-06 -1.44115821e-06
  2.19110962e-06 -2.39520938e-06 -9.31971206e-07  0.00000000e+00
 -2.90653050e-07  0.00000000e+00  0.00000000e+00  0.00000000e+00
  0.00000000e+00 -8.23157824e-07 -9.52469363e-07  0.00000000e+00
  4.59117777e-07  1.24016082e-06  0.00000000e+00 -1.48685295e-06
  3.40853913e-07  0.00000000e+00  0.00000000e+00 -1.60679378e-06
  0.00000000e+00 -1.44205525e-06  0.00000000e+00 -1.37718113e-06
 -2.61323352e-07  0.00000000e+00  4.99996245e-07  0.00000000e+00]","[-155.21861065 -155.21861065 -155.93195542 -155.54235098 -153.01225521
 -155.21861065 -155.21861065 -155.78961877 -155.21861065 -154.14178387
 -155.21861065 -158.59921059 -155.21861065 -155.21861065 -157.07015264
 -155.21861065 -155.54235098 -154.23069918 -155.21861065 -154.23069918
 -158.55955131 -155.11799652 -155.87890735 -152.61498763 -157.24145319
 -152.80673161 -154.59006157 -157.2016396  -156.63113317 -155.21861065
 -155.21861065 -156.47899895 -156.88710197 -155.21861065 -155.21861065
 -158.32620635 -155.21861065 -155.21861065 -154.4989795  -154.42658966
 -154.84151127 -156.44514313 -155.54235098 -154.23069918 -158.51096565
 -155.21861065 -155.21861065 -155.20109274 -158.11597821 -155.21861065
 -155.78795788 -155.21861065 -157.83598009 -155.21861065 -155.22715419
 -154.86769977 -155.98977839 -155.21861065 -155.21861065 -155.21861065
 -155.50566015 -156.45798516 -154.82872524 -154.59295231 -155.21861065
 -155.21861065 -155.21861065 -158.28639034 -156.34485338 -152.80673161
 -157.10517751 -154.47741399 -157.50793134 -153.1626344  -157.35026481
 -155.87074077 -156.99094043 -154.59006157 -154.18293461 -155.21861065
 -155.21861065 -158.55433146 -153.88684873 -155.21861065 -157.32292283
 -157.58138971 -155.21861065 -156.23756026 -154.53210764 -155.21861065
 -155.21861065 -156.36666949 -154.84151127 -157.19095089 -155.21861065
 -155.78809058 -159.36847333 -155.21861065 -156.99246557 -154.14362159]",0.06900000000000002
198,0.1008423143625916,"[ 4.87776137e-07  0.00000000e+00  0.00000000e+00  0.00000000e+00
  0.00000000e+00  0.00000000e+00  0.00000000e+00  0.00000000e+00
  0.00000000e+00 -8.90587937e-07  0.00000000e+00  0.00000000e+00
  0.00000000e+00  0.00000000e+00  0.00000000e+00  0.00000000e+00
  0.00000000e+00  0.00000000e+00  0.00000000e+00  0.00000000e+00
  0.00000000e+00 -1.22339596e-06  0.00000000e+00  0.00000000e+00
  0.00000000e+00  0.00000000e+00 -7.75150850e-07  0.00000000e+00
  0.00000000e+00  0.00000000e+00  7.50057740e-07  0.00000000e+00
  0.00000000e+00  0.00000000e+00 -9.58249347e-07  0.00000000e+00
  6.90460259e-07  0.00000000e+00 -2.77484091e-06  0.00000000e+00
  0.00000000e+00  5.60466111e-07  0.00000000e+00  0.00000000e+00
  0.00000000e+00  0.00000000e+00 -1.18132967e-06  1.99511214e-06
  0.00000000e+00  0.00000000e+00  0.00000000e+00  0.00000000e+00
 -9.11165382e-07  0.00000000e+00  0.00000000e+00  0.00000000e+00
  0.00000000e+00  0.00000000e+00  2.62295231e-06 -1.85403755e-07
  0.00000000e+00  0.00000000e+00  0.00000000e+00  0.00000000e+00
  4.12837858e-08  1.67242810e-07  0.00000000e+00  0.00000000e+00
  0.00000000e+00 -4.14034837e-07 -9.32152521e-07  0.00000000e+00
  0.00000000e+00  0.00000000e+00  0.00000000e+00  1.06687670e-06
  0.00000000e+00  0.00000000e+00  0.00000000e+00  0.00000000e+00
  2.35649672e-06  0.00000000e+00  0.00000000e+00  0.00000000e+00
  0.00000000e+00  1.58028963e-06  0.00000000e+00  2.96333153e-07
  1.40458693e-06 -2.60931275e-06  0.00000000e+00  0.00000000e+00
  2.51868167e-06  4.30054111e-07  0.00000000e+00  0.00000000e+00
  8.44520519e-08 -2.22783173e-06 -1.79763409e-07  0.00000000e+00]","[-155.21861065 -155.21861065 -155.21861065 -155.21861065 -155.98977839
 -155.21861065 -155.21861065 -155.21861065 -155.21861065 -156.68811853
 -155.21861065 -155.21861065 -155.21861065 -155.21861065 -155.21861065
 -155.21861065 -155.21861065 -155.21861065 -155.21861065 -155.21861065
 -155.21861065 -155.92631544 -155.21861065 -155.21861065 -155.21861065
 -155.21861065 -158.35002353 -155.21861065 -155.21861065 -155.21861065
 -158.84944854 -155.21861065 -154.42658966 -155.21861065 -157.94736242
 -155.21861065 -157.57967423 -155.21861065 -156.0127752  -155.21861065
 -155.21861065 -157.35358769 -155.50566015 -155.21861065 -155.21861065
 -155.21861065 -155.22700176 -157.74629577 -155.21861065 -155.21861065
 -155.21861065 -155.21861065 -154.14482952 -155.21861065 -155.21861065
 -155.21861065 -155.21861065 -155.21861065 -159.78050788 -156.59059866
 -155.21861065 -155.21861065 -155.21861065 -155.87074077 -155.06728053
 -152.14699331 -155.21861065 -155.21861065 -155.21861065 -156.55827181
 -154.54831588 -155.21861065 -155.21861065 -155.21861065 -155.21861065
 -156.41404443 -155.21861065 -155.21861065 -155.21861065 -155.21861065
 -155.34883788 -155.21861065 -155.21861065 -157.83598009 -155.21861065
 -162.28935784 -155.21861065 -156.4938113  -158.07162524 -157.69439443
 -155.21861065 -155.21861065 -156.20725936 -153.82063719 -153.88684873
 -155.21861065 -155.71237889 -153.06137748 -153.80732632 -155.21861065]",0.048
