seed,repeat,mh_sd,mh_iters,theta_hat,rmse,particle_sd,accept_rate,final_temp,n_final_particles
0,0,0.03,20,0.355898787902806,0.6441012120971941,0.017569335413657777,0.040999999999999995,0.41608517065294526,50
1,0,0.03,20,-0.6487475749574877,1.6487475749574876,0.4570222395612509,0.037,0.4309556900670871,50
2,0,0.03,20,-0.2803913196478691,1.2803913196478691,0.003237019758209274,0.035,0.5178930138170295,50
3,0,0.03,20,-0.21227070371705664,1.2122707037170566,0.0026152851007033,0.03799999999999999,0.8023800919444191,50
4,0,0.03,20,0.34930765609978365,0.6506923439002164,0.5327895555605452,0.03,0.6411782976167986,50
5,0,0.03,20,1.0440465383944078,0.04404653839440775,0.0028702913124553616,0.045,0.30889527346570794,50
6,0,0.03,20,0.6340140917575146,0.36598590824248545,0.005557553698706932,0.031000000000000007,0.5620476549399462,50
7,0,0.03,20,1.0121468742439865,0.012146874243986527,0.009611908296417006,0.04500000000000001,0.419558844044406,50
8,0,0.03,20,0.8626176582920161,0.1373823417079839,0.008202309373691133,0.028000000000000008,0.5325615524523171,50
9,0,0.03,20,0.3829457756322169,0.6170542243677831,0.004329101920227321,0.016,0.6029227627903049,50
0,1,0.03,20,0.6110482177567637,0.38895178224323634,0.010530581590803119,0.028000000000000004,0.3603872160111058,50
1,1,0.03,20,0.45752481033630665,0.5424751896636933,0.010722459843336063,0.04500000000000001,0.4606214634968743,50
2,1,0.03,20,0.19765788115378438,0.8023421188462156,0.0077930833419939645,0.042,0.793307538376522,50
3,1,0.03,20,0.6598251626093414,0.34017483739065857,0.007748686889417643,0.03600000000000001,0.9877916298855606,50
4,1,0.03,20,0.5091382082823673,0.49086179171763267,0.009309638664035265,0.040999999999999995,0.6259616966348724,50
5,1,0.03,20,0.7430948089828638,0.25690519101713616,0.008048109639943627,0.04800000000000001,0.29158570530877936,50
6,1,0.03,20,0.8173049969270731,0.18269500307292685,0.005849416706483272,0.018000000000000002,0.5368913991321893,50
7,1,0.03,20,0.5417932363181281,0.45820676368187185,0.1209756328660813,0.039999999999999994,0.44936327989139657,50
8,1,0.03,20,0.4250060366709145,0.5749939633290855,0.01082158822549023,0.04100000000000001,0.4530770505935564,50
9,1,0.03,20,0.09933506706627339,0.9006649329337266,0.0076878202078574254,0.04999999999999999,0.653599386795487,50
0,2,0.03,20,0.30075438625616324,0.6992456137438368,0.0023598330378072265,0.035,0.41942880829997886,50
1,2,0.03,20,0.034910208946657806,0.9650897910533422,0.01455573017162505,0.04100000000000001,0.4040830440398509,50
2,2,0.03,20,0.049753836107190245,0.9502461638928098,0.13314083588586836,0.027000000000000007,0.8077348433552507,50
3,2,0.03,20,-0.34821018129956727,1.3482101812995673,0.007119319756838879,0.049,1.0657010493193901,50
4,2,0.03,20,0.4819539448013685,0.5180460551986314,0.008482780037793312,0.028999999999999998,0.6100470786452055,50
5,2,0.03,20,0.465034460775325,0.534965539224675,0.003218692153480866,0.03800000000000001,0.30050071784317045,50
6,2,0.03,20,1.1006421021277004,0.10064210212770042,0.03969647861587493,0.04,0.697941746883908,50
7,2,0.03,20,0.846838589489868,0.153161410510132,0.0015081160002902503,0.044000000000000004,0.3415344274798857,50
8,2,0.03,20,0.3077409679103239,0.6922590320896761,0.005610980329588302,0.04999999999999999,0.6138586640891991,50
9,2,0.03,20,0.1929292727460788,0.8070707272539213,0.003905923963682094,0.04100000000000001,0.6366294207275758,50
0,3,0.03,20,0.014441927211159626,0.9855580727888403,0.05474370579296489,0.049,0.4194047791152523,50
1,3,0.03,20,-0.4368540228991122,1.4368540228991122,0.006364010399824094,0.04,0.3862408260221441,50
2,3,0.03,20,0.09443055824195927,0.9055694417580408,0.08118616190021376,0.04300000000000001,0.7574757487862328,50
3,3,0.03,20,0.5533979094821347,0.44660209051786526,0.47639954208650587,0.048,0.9629941396577772,50
4,3,0.03,20,0.6200120155584945,0.3799879844415055,0.004991595139088532,0.049,0.6139300919542559,50
5,3,0.03,20,0.9399734809000422,0.06002651909995782,0.006431187903218113,0.04300000000000001,0.3031123537870211,50
6,3,0.03,20,0.8805850751728791,0.1194149248271209,0.22703304561208548,0.031000000000000007,0.5667571755391544,50
7,3,0.03,20,0.8496559088050555,0.15034409119494452,0.0024209344627857204,0.04699999999999999,0.3225859241161138,50
8,3,0.03,20,0.3017192140641242,0.6982807859358757,0.1485575695541591,0.040999999999999995,0.46072057429980723,50
9,3,0.03,20,-0.9781885021726638,1.9781885021726637,0.2391157871050706,0.049,0.9121942271089322,50
0,4,0.03,20,0.27271802567883396,0.727281974321166,0.006099610092836985,0.04200000000000001,0.41021720509553156,50
1,4,0.03,20,-0.2693857695495994,1.2693857695495994,0.004575909953617038,0.046,0.4261260053333196,50
2,4,0.03,20,-0.1548305651323456,1.1548305651323456,0.3056448711161674,0.037000000000000005,0.6782291631217463,50
3,4,0.03,20,0.10385467267993999,0.89614532732006,0.10740968479562775,0.048,0.7921611801283264,50
4,4,0.03,20,1.0206415012214238,0.02064150122142383,0.0024652088026395386,0.04,0.5063597639541486,50
5,4,0.03,20,1.0057143068036423,0.005714306803642266,0.004529444499176111,0.044000000000000004,0.30318216092824823,50
6,4,0.03,20,0.3008422149713193,0.6991577850286808,0.007184956918132978,0.047000000000000014,0.5531563005036426,50
7,4,0.03,20,0.7565543332140539,0.24344566678594615,0.005791262648032938,0.028000000000000004,0.2805453949166038,50
8,4,0.03,20,0.7019636684019893,0.2980363315980107,0.007136641221436871,0.043,0.44703651862586025,50
9,4,0.03,20,0.4444904792183641,0.5555095207816358,0.008736673986295107,0.04300000000000001,0.49868777301020684,50
0,5,0.03,20,0.5472729154231147,0.45272708457688526,0.0026048464487598935,0.047,0.3309286685555486,50
1,5,0.03,20,-0.5572795510427029,1.5572795510427029,0.0020326716676930903,0.04100000000000001,0.5042457828593705,50
2,5,0.03,20,-0.021137536353338485,1.0211375363533386,0.007068314969199631,0.030000000000000006,0.7273656543596746,50
3,5,0.03,20,-0.14297680424074227,1.1429768042407422,0.002361824914661716,0.04000000000000001,0.9025141243200507,50
4,5,0.03,20,0.6084509866458685,0.3915490133541315,0.004369342329148243,0.031000000000000007,0.6295049322029858,50
5,5,0.03,20,0.872762039361423,0.12723796063857695,0.005861971756023689,0.04300000000000001,0.34925709154777995,50
6,5,0.03,20,0.9598175544793017,0.04018244552069827,0.009085302724488641,0.042,0.699198681486878,50
7,5,0.03,20,1.236502441805337,0.23650244180533697,0.008249628647013648,0.036000000000000004,0.3524256464740947,50
8,5,0.03,20,0.21036479769146912,0.7896352023085309,0.0020893677420551686,0.030000000000000006,0.42229071334046697,50
9,5,0.03,20,1.128915116605697,0.128915116605697,0.0034618729288846658,0.027000000000000007,0.4747092819935764,50
0,6,0.03,20,0.09837521182921588,0.9016247881707842,0.28971288325008077,0.03,0.3894117323453616,50
1,6,0.03,20,-0.5404122968875825,1.5404122968875824,0.010243102872305586,0.038000000000000006,0.3576810780248943,50
2,6,0.03,20,-0.597468775619416,1.597468775619416,0.007161895481590433,0.046000000000000006,0.7249548736855652,50
3,6,0.03,20,-0.33497649017366504,1.334976490173665,0.003606631768211518,0.048,1.023547492123827,50
4,6,0.03,20,0.6377678246104189,0.3622321753895811,0.006020323755826041,0.033,0.6965199864011323,50
5,6,0.03,20,1.0787863824276547,0.07878638242765468,0.005749509170167136,0.038000000000000006,0.25279312206265553,50
6,6,0.03,20,0.6430729878292547,0.3569270121707453,0.004919012153183765,0.047,0.5289066845490646,50
7,6,0.03,20,1.1997267969229122,0.19972679692291218,0.1658419775136091,0.03900000000000001,0.3864507343675979,50
8,6,0.03,20,0.7168847075217171,0.28311529247828293,0.004363325603231887,0.039,0.5509888186001222,50
9,6,0.03,20,0.8091435923630519,0.1908564076369481,0.00216134128060021,0.034,0.48365611918908463,50
0,7,0.03,20,0.268043452458204,0.731956547541796,0.004597025282315361,0.046000000000000006,0.3544160492531918,50
1,7,0.03,20,-0.1758578601117688,1.1758578601117688,0.002540679807560254,0.04100000000000001,0.3147260392993081,50
2,7,0.03,20,0.010880765981272043,0.9891192340187279,0.005687021752988507,0.027999999999999997,0.668201105056146,50
3,7,0.03,20,-0.919886245986205,1.9198862459862052,0.0019000344766477745,0.033,1.0613999311375657,50
4,7,0.03,20,0.16803800274718209,0.8319619972528179,0.003629643588210928,0.037000000000000005,0.6076617011596193,50
5,7,0.03,20,0.8792349146376358,0.12076508536236419,0.0034234218246471603,0.029000000000000005,0.32774072444398955,50
6,7,0.03,20,0.45184631477273485,0.5481536852272652,0.01578112721417562,0.023,0.5017969749928037,50
7,7,0.03,20,0.9204814888938918,0.07951851110610819,0.005405925263389547,0.047000000000000014,0.32257048716592907,50
8,7,0.03,20,0.4440521777452706,0.5559478222547294,0.005212818505537347,0.03200000000000001,0.42574775503152573,50
9,7,0.03,20,0.526990722738015,0.47300927726198505,0.001297567486841788,0.03500000000000001,0.5754438871247831,50
0,8,0.03,20,0.16473666501209835,0.8352633349879016,0.0032611127454541472,0.027000000000000003,0.40030319280920723,50
1,8,0.03,20,-0.6913212103362092,1.6913212103362092,0.12353390395271113,0.028000000000000004,0.36134348797170546,50
2,8,0.03,20,-0.23876985742566414,1.2387698574256643,0.002791345171959275,0.034,0.6370417773056019,50
3,8,0.03,20,-0.28442939872167705,1.284429398721677,0.000781889118636292,0.023,1.2321973154353794,50
4,8,0.03,20,0.6069669285254917,0.3930330714745083,0.05281722532146926,0.049,0.5634989041871015,50
5,8,0.03,20,0.8707283815266516,0.12927161847334845,0.0024715375022271273,0.044000000000000004,0.3365062585987809,50
6,8,0.03,20,0.5103184110598423,0.4896815889401577,0.00414753860422885,0.042,0.4680773956061666,50
7,8,0.03,20,0.9553006285750443,0.044699371424955725,0.0061577651909564615,0.04000000000000001,0.34996700058897323,50
8,8,0.03,20,0.29489137843131963,0.7051086215686804,0.004292864740959702,0.047,0.42704009646919044,50
9,8,0.03,20,-0.06249600439007864,1.0624960043900786,0.004859588755911009,0.042,0.7167822730010647,50
0,9,0.03,20,0.006519949997577447,0.9934800500024226,0.015580215830185274,0.04800000000000001,0.3902046784086852,50
1,9,0.03,20,0.40325435432059886,0.5967456456794011,0.1266628102379572,0.046000000000000006,0.39050315043828754,50
2,9,0.03,20,-0.1813305647854672,1.1813305647854673,0.0062441191957300895,0.031,0.6691753998989701,50
3,9,0.03,20,0.825047764084393,0.17495223591560705,0.010660797596420133,0.028999999999999998,0.8035965362107216,50
4,9,0.03,20,0.2752292283943346,0.7247707716056654,0.10043747938364933,0.038000000000000006,0.6229157040982216,50
5,9,0.03,20,0.9699417809165517,0.0300582190834483,0.010804514200171202,0.037000000000000005,0.23987230513472296,50
6,9,0.03,20,0.6145420817494324,0.38545791825056763,0.006419890582958799,0.044000000000000004,0.5816679788890735,50
7,9,0.03,20,0.9716936350455307,0.028306364954469254,0.003392279325738444,0.030000000000000006,0.3089406861182368,50
8,9,0.03,20,0.11906972351538446,0.8809302764846155,0.01648162725236527,0.046,0.516957142754386,50
9,9,0.03,20,-0.6196565152141684,1.6196565152141684,0.053576519447524215,0.04300000000000001,0.6614834170290611,50
0,0,0.03,50,0.687234469627263,0.312765530372737,0.02842743247105786,0.04200000000000001,0.3781552148271691,50
1,0,0.03,50,-0.15960846131790207,1.159608461317902,0.009573086238139843,0.024000000000000004,0.3957421006605801,50
2,0,0.03,50,-0.31231214230255167,1.3123121423025517,0.00606449581582629,0.04880000000000001,0.6404151606018548,50
3,0,0.03,50,-0.4772814332757364,1.4772814332757365,0.16797114717622894,0.034,0.8146758088601247,50
4,0,0.03,50,0.8624322871578265,0.1375677128421735,0.024799680329597104,0.0416,0.6692506677299023,50
5,0,0.03,50,0.9898971274665033,0.010102872533496732,0.009083125690294474,0.046800000000000015,0.2818080925690346,50
6,0,0.03,50,0.42147040888025084,0.5785295911197492,0.006106840269319401,0.039200000000000006,0.61762622693713,50
7,0,0.03,50,0.8012632959323053,0.19873670406769472,0.013628814604433404,0.0496,0.3608242276470166,50
8,0,0.03,50,0.056417764361574106,0.9435822356384259,0.07513544462906349,0.030400000000000003,0.5363206859306577,50
9,0,0.03,50,0.47955694237893015,0.5204430576210699,0.014567135494295945,0.0424,0.5506350312385644,50
0,1,0.03,50,0.8907018958389706,0.10929810416102936,0.009649694434451584,0.03439999999999999,0.3039866684181044,50
1,1,0.03,50,-0.9181542986879527,1.9181542986879527,0.6293888404527566,0.032400000000000005,0.42805242651183373,50
2,1,0.03,50,-0.6925395214345719,1.692539521434572,0.009024219647231477,0.042800000000000005,0.6529953701783657,50
3,1,0.03,50,-0.43695176198455615,1.4369517619845562,5.607473066727768e-17,0.0,0.5505850104557389,50
4,1,0.03,50,0.8116729372197827,0.18832706278021727,0.006310906673528305,0.039200000000000006,0.6380085428401236,50
5,1,0.03,50,1.4094239490318055,0.40942394903180546,0.004078570187693532,0.04480000000000001,0.25940435526712813,50
6,1,0.03,50,0.2367870913685218,0.7632129086314782,0.011856220903649163,0.0396,0.6104447364022896,50
7,1,0.03,50,0.7593692119570882,0.24063078804291183,0.009119751868464013,0.04880000000000002,0.32811107789395977,50
8,1,0.03,50,0.9431165218111025,0.056883478188897496,0.009966768849533614,0.0412,0.49915385859989203,50
9,1,0.03,50,-0.36312454072441397,1.363124540724414,0.0054645998062708276,0.045200000000000004,0.6261252812683884,50
0,2,0.03,50,-0.03770670745397524,1.0377067074539752,0.009323627076763477,0.0456,0.41850987577255805,50
1,2,0.03,50,0.0002941203917020007,0.999705879608298,0.005411471383482329,0.0404,0.4227821862995246,50
2,2,0.03,50,-0.1091472762772356,1.1091472762772356,0.009288206103201229,0.045600000000000016,0.7122287821368363,50
3,2,0.03,50,-0.2037843314515878,1.2037843314515877,0.37707912098222823,0.048400000000000006,0.9667262622053597,50
4,2,0.03,50,0.47390769124837895,0.526092308751621,0.013507052016415846,0.04080000000000001,0.7443448283466549,50
5,2,0.03,50,0.7953612365143333,0.20463876348566667,0.009455469356659037,0.0388,0.28740113456892175,50
6,2,0.03,50,1.0183520523663143,0.01835205236631432,0.00574470123522201,0.042,0.6399356417884248,50
7,2,0.03,50,0.6646057313761168,0.3353942686238832,0.16189072822170336,0.044000000000000004,0.5324551372060724,50
8,2,0.03,50,0.31399669774452926,0.6860033022554708,0.006265735334029795,0.03320000000000001,0.48086765073400867,50
9,2,0.03,50,-0.3910163603444144,1.3910163603444143,0.40540455447444984,0.049600000000000005,0.7802326597617066,50
0,3,0.03,50,0.7735797502109818,0.2264202497890182,0.11080594313694388,0.04720000000000001,0.4190386816901446,50
1,3,0.03,50,-0.7313514824476247,1.7313514824476246,0.012847013704267107,0.0408,0.3626000045522453,50
2,3,0.03,50,0.20228249807196166,0.7977175019280384,0.005500841199556274,0.031200000000000002,0.6617919194352788,50
3,3,0.03,50,-0.31762101407272064,1.3176210140727207,0.01575677243336589,0.028800000000000003,0.8770071370703859,50
4,3,0.03,50,0.44555347006511686,0.5544465299348831,0.16393265240885682,0.014800000000000002,0.6976086431725503,50
5,3,0.03,50,0.5870203901381088,0.4129796098618912,0.008074904101009318,0.04000000000000001,0.30748774568285353,50
6,3,0.03,50,0.6692191953397538,0.3307808046602462,0.060261262465885264,0.044000000000000004,0.5598883214473491,50
7,3,0.03,50,1.30465258391568,0.30465258391567995,0.016433306365511772,0.043600000000000014,0.4390088899823618,50
8,3,0.03,50,-0.39744019071752457,1.3974401907175245,0.008843278588430556,0.042,0.5868700027015628,50
9,3,0.03,50,0.3342892046804423,0.6657107953195577,0.013110117039355738,0.022000000000000002,0.5724509975845563,50
0,4,0.03,50,0.4298302867564692,0.5701697132435308,0.7187348801298491,0.04120000000000001,0.3792627802203742,50
1,4,0.03,50,-1.0449461564780715,2.0449461564780718,0.01259524774345259,0.04920000000000001,0.4077971553864001,50
2,4,0.03,50,0.1674093579765933,0.8325906420234067,0.1161763982908659,0.0404,0.7583935716434562,50
3,4,0.03,50,-0.7679226481258319,1.7679226481258319,0.011520615670314779,0.027600000000000003,0.986380594166018,50
4,4,0.03,50,0.008923726198471689,0.9910762738015283,0.005935942963250095,0.028000000000000008,0.6568565180944579,50
5,4,0.03,50,0.5957543474169237,0.4042456525830763,0.002393314398231733,0.018000000000000002,0.3261377792040918,50
6,4,0.03,50,0.05573809123350934,0.9442619087664906,0.003091116370272286,0.04320000000000001,0.6105992786031887,50
7,4,0.03,50,0.5790051569065413,0.4209948430934587,0.0037895281841066088,0.015600000000000001,0.33678266425278613,50
8,4,0.03,50,0.36286081845447216,0.6371391815455278,0.008765751628937533,0.0304,0.4405007265871588,50
9,4,0.03,50,0.19185992788530107,0.808140072114699,0.013080863901983259,0.0484,0.6987355821516854,50
0,5,0.03,50,1.0076401049083992,0.00764010490839917,0.008762143120734542,0.04880000000000001,0.34931861198968195,50
1,5,0.03,50,0.06935222277367772,0.9306477772263223,0.007443243351163063,0.036399999999999995,0.38567724723148855,50
2,5,0.03,50,0.13287297901476589,0.8671270209852341,0.014383467670835481,0.04520000000000001,0.7923965431166382,50
3,5,0.03,50,-1.4787925388430003,2.4787925388430003,0.004172865985250081,0.034800000000000005,1.0862774598191023,50
4,5,0.03,50,0.8246532259735062,0.1753467740264938,0.006221937461423329,0.02840000000000001,0.5391756423435717,50
5,5,0.03,50,0.5331627173366847,0.46683728266331526,0.3788604335265821,0.0404,0.3759062325351663,50
6,5,0.03,50,1.0879936844722007,0.08799368447220068,0.0026727255751907487,0.0444,0.9461059471518847,50
7,5,0.03,50,1.3325104840992452,0.3325104840992452,0.007152780792754727,0.044800000000000006,0.4224790847646367,50
8,5,0.03,50,0.035304594516751636,0.9646954054832484,0.36001251271896456,0.0456,0.5274722464865693,50
9,5,0.03,50,0.17541877066245223,0.8245812293375477,0.011033605509176828,0.04800000000000001,0.5888389989448108,50
0,6,0.03,50,0.9867905802487376,0.013209419751262441,0.366230896571679,0.0476,0.38977461113127476,50
1,6,0.03,50,-0.47654107505530136,1.4765410750553014,0.00831945550667516,0.03840000000000001,0.390759295809851,50
2,6,0.03,50,0.0731394089576254,0.9268605910423746,0.005266925172662304,0.04880000000000001,0.7918461781326843,50
3,6,0.03,50,-0.2703271970632499,1.27032719706325,0.019621285756036236,0.03320000000000001,0.9115434977111656,50
4,6,0.03,50,0.37134134086793497,0.6286586591320651,0.013823505828198022,0.0436,0.7048870677449441,50
5,6,0.03,50,0.9634258904932732,0.03657410950672679,0.006310778935231774,0.0476,0.25913358143057136,50
6,6,0.03,50,0.7933846061836093,0.2066153938163907,0.0045066472302042054,0.0424,0.6025321435041322,50
7,6,0.03,50,0.5884013613306834,0.41159863866931656,0.008144398014907944,0.026400000000000007,0.4648040138375621,50
8,6,0.03,50,0.13940614455681177,0.8605938554431882,0.10996417182457638,0.0476,0.5011127136223931,50
9,6,0.03,50,0.07647457032967793,0.923525429670322,0.008695181812999867,0.044000000000000004,0.6423621078677674,50
0,7,0.03,50,0.8084717983191416,0.19152820168085838,0.010215860259829504,0.04680000000000001,0.3977289912690287,50
1,7,0.03,50,-0.9953962584700183,1.9953962584700182,0.005501332057094501,0.015200000000000002,0.48736242658834994,50
2,7,0.03,50,0.4755686788765652,0.5244313211234348,0.03475818702828132,0.038400000000000004,0.8497764489261432,50
3,7,0.03,50,0.7059870065069862,0.2940129934930138,0.006509871763426615,0.046,0.8327251286962492,50
4,7,0.03,50,0.38527050242045485,0.6147294975795452,0.01570999509276901,0.0484,0.6418386082105818,50
5,7,0.03,50,0.6634870877537138,0.3365129122462862,0.006341063072277697,0.042400000000000014,0.3503542892552489,50
6,7,0.03,50,0.6769591734253239,0.32304082657467614,0.07846675911187219,0.04880000000000001,0.5441807178149154,50
7,7,0.03,50,1.1141866103534728,0.11418661035347277,0.004789201922955265,0.0352,0.40777817575561714,50
8,7,0.03,50,0.8469150452777956,0.1530849547222044,0.004606950314186449,0.046400000000000004,0.5008410284109618,50
9,7,0.03,50,0.6673584969427133,0.3326415030572867,0.01257486417911905,0.03280000000000001,0.5254537040401166,50
0,8,0.03,50,0.12345116697104981,0.8765488330289501,0.0056698794515203065,0.0388,0.38238322126341184,50
1,8,0.03,50,0.05670118055493231,0.9432988194450677,0.02936163648127213,0.0372,0.38549360225925955,50
2,8,0.03,50,-0.5397583996507789,1.5397583996507789,0.003621927415987743,0.04039999999999999,0.6162456011318853,50
3,8,0.03,50,0.045233396007078,0.954766603992922,0.3098586857217432,0.0316,0.8267244712398198,50
4,8,0.03,50,0.5523751276259787,0.44762487237402127,0.007903195283402978,0.0364,0.6227651352517967,50
5,8,0.03,50,0.8078789195701325,0.19212108042986753,0.00402551757578675,0.04920000000000001,0.28837600819595016,50
6,8,0.03,50,1.0553056098624032,0.05530560986240318,0.0071922810916233764,0.03640000000000001,0.556554090757184,50
7,8,0.03,50,0.703753974849983,0.29624602515001697,0.01188223173247415,0.03400000000000001,0.34120587043187467,50
8,8,0.03,50,0.3150451065869737,0.6849548934130263,0.016312474156808934,0.046799999999999994,0.45258112955312435,50
9,8,0.03,50,0.060195811439329665,0.9398041885606704,0.09393636685905628,0.04200000000000001,0.6929319684629689,50
0,9,0.03,50,1.4465989038180362,0.44659890381803624,0.011693342381964652,0.0444,0.42318378733381534,50
1,9,0.03,50,0.5227921640520327,0.47720783594796734,0.22354608245607088,0.0392,0.45475673326872623,50
2,9,0.03,50,-0.07950722873200601,1.079507228732006,0.09238818406167529,0.0376,0.7420690319949552,50
3,9,0.03,50,-0.20916880541719146,1.2091688054171914,0.02933634487614192,0.028800000000000003,0.8694840257485363,50
4,9,0.03,50,1.132258861054381,0.1322588610543809,0.004619645272812717,0.0332,0.6873071680221947,50
5,9,0.03,50,0.7192158285057704,0.28078417149422963,0.003964187912369828,0.0408,0.3630002714401687,50
6,9,0.03,50,1.0135614294388307,0.013561429438830652,0.0093146804791995,0.046400000000000004,0.5813131811341528,50
7,9,0.03,50,1.006872529756576,0.006872529756575929,0.005494414319847792,0.042800000000000005,0.31198786308338966,50
8,9,0.03,50,0.6799453452653793,0.3200546547346207,0.016661153341565097,0.0412,0.5659108814705884,50
9,9,0.03,50,0.6700852778207214,0.32991472217927864,0.017082482178379786,0.0456,0.5584447505169784,50
0,0,0.03,100,0.7016682237776253,0.2983317762223747,0.012054538906602604,0.034,0.34529568445959435,50
1,0,0.03,100,0.15010915903615193,0.849890840963848,0.02926256043593264,0.0492,0.45798423706404645,50
2,0,0.03,100,-0.4529350366775588,1.4529350366775589,0.07012778759018531,0.04500000000000001,0.6905319383367616,50
3,0,0.03,100,-0.68744588606889,1.6874458860688901,0.3180813486261688,0.04020000000000001,0.9570359286857626,50
4,0,0.03,100,0.7138476017575114,0.2861523982424886,0.023930515064884413,0.04220000000000001,0.6760778634048451,50
5,0,0.03,100,0.9443165886492253,0.0556834113507747,0.006272137534221611,0.0462,0.29652788973737165,50
6,0,0.03,100,0.9336205810226269,0.0663794189773731,0.012671994967223318,0.04939999999999999,0.5521526609346841,50
7,0,0.03,100,0.7348551588368172,0.2651448411631828,0.012421659430211979,0.0436,0.35993277705401117,50
8,0,0.03,100,-0.2879648917501769,1.287964891750177,0.008319600924144988,0.0404,0.5339814907194498,50
9,0,0.03,100,0.5012780645518676,0.49872193544813237,0.012221297424578571,0.045200000000000004,0.6044672850611423,50
0,1,0.03,100,-0.09910470312415551,1.0991047031241554,0.012001670366387327,0.048400000000000006,0.467927561674675,50
1,1,0.03,100,-0.4099585780666288,1.4099585780666288,0.01997698760395306,0.044199999999999996,0.3968947834084143,50
2,1,0.03,100,0.27542180523630777,0.7245781947636922,0.09647094808085364,0.046600000000000016,0.7891427042581085,50
3,1,0.03,100,-0.12785134147728278,1.1278513414772828,0.5754929030083149,0.037200000000000004,0.8853689922440197,50
4,1,0.03,100,0.5404880761792334,0.45951192382076655,0.01586650854288288,0.0458,0.6291061855922733,50
5,1,0.03,100,1.0960594350638186,0.09605943506381864,0.08854273912492815,0.03760000000000001,0.258541403794472,50
6,1,0.03,100,0.7590306511060088,0.24096934889399124,0.014159183647774793,0.0358,0.5602767566841311,50
7,1,0.03,100,0.9743403122663743,0.025659687733625702,0.011505136949259535,0.0308,0.31610574174768824,50
8,1,0.03,100,0.5599774880213276,0.44002251197867237,0.0058682879387757575,0.038200000000000005,0.5147071034744763,50
9,1,0.03,100,0.6427132074141363,0.3572867925858637,0.11974945880776622,0.03560000000000001,0.5445258402982354,50
0,2,0.03,100,0.2949883631581131,0.7050116368418868,0.004179576728399575,0.0466,0.3848015248636367,50
1,2,0.03,100,0.2968364620034646,0.7031635379965354,0.017098564496649548,0.04019999999999999,0.4383716675655541,50
2,2,0.03,100,0.11280271649793207,0.887197283502068,0.00931544153859459,0.0444,0.8369747301140553,50
3,2,0.03,100,-0.045107802512543566,1.0451078025125435,0.007039393411442891,0.0364,0.8769236914529976,50
4,2,0.03,100,0.4986483597779627,0.5013516402220373,0.10339948406564994,0.048200000000000014,0.6572417286279514,50
5,2,0.03,100,0.34118409712462716,0.6588159028753728,0.008637316780377756,0.0438,0.3552650256776695,50
6,2,0.03,100,0.6418597980785506,0.35814020192144935,0.010115187519482753,0.042800000000000005,0.5585079234810091,50
7,2,0.03,100,0.6421648944156026,0.35783510558439735,0.031086923401618692,0.049400000000000006,0.3833963203768741,50
8,2,0.03,100,0.6638536470331764,0.3361463529668236,0.009702678213623696,0.039400000000000004,0.5267745782410612,50
9,2,0.03,100,0.14419213189340854,0.8558078681065915,0.09294250173756674,0.036800000000000006,0.6501329323941598,50
0,3,0.03,100,0.6326659130181459,0.3673340869818541,0.060170240404402324,0.04800000000000001,0.39098930166360474,50
1,3,0.03,100,-0.20293455549717274,1.2029345554971727,0.021327466911602047,0.04839999999999999,0.3770306614701045,50
2,3,0.03,100,-0.20648377659172046,1.2064837765917205,0.34400218684420647,0.0398,0.7626734710625495,50
3,3,0.03,100,0.1965295621919406,0.8034704378080594,0.2851128244733175,0.03540000000000001,0.8631067235465382,50
4,3,0.03,100,0.4154795400247116,0.5845204599752885,0.01301752909622106,0.03560000000000001,0.662316530716694,50
5,3,0.03,100,0.5421646252312291,0.4578353747687709,0.1771810565254292,0.0368,0.2933248065075156,50
6,3,0.03,100,0.7928769536386227,0.20712304636137735,0.022411150797412092,0.04479999999999999,0.5563329284377796,50
7,3,0.03,100,1.1511726912347344,0.15117269123473442,0.005711450166334933,0.047599999999999996,0.37687707633858636,50
8,3,0.03,100,0.29043561992935774,0.7095643800706423,0.020597343031632024,0.04819999999999999,0.45329217862159266,50
9,3,0.03,100,0.017779231850754175,0.9822207681492459,0.5016723716380799,0.03440000000000001,0.6237780659312182,50
0,4,0.03,100,1.0259666618364789,0.025966661836478888,0.14358480792962583,0.045599999999999995,0.38935485150201965,50
1,4,0.03,100,-0.5869795948040821,1.5869795948040821,0.01464713641968795,0.04340000000000001,0.3873095450130487,50
2,4,0.03,100,-0.8613017999134701,1.8613017999134702,0.012682152445534858,0.04800000000000001,0.6659580715044588,50
3,4,0.03,100,-0.33805571741248464,1.3380557174124847,0.4017476960349655,0.04140000000000001,0.8510753586687979,50
4,4,0.03,100,0.8749196054062993,0.12508039459370068,0.18552091305881827,0.04300000000000001,0.6600517791579035,50
5,4,0.03,100,0.9845106344241218,0.015489365575878211,0.010978057443218938,0.049399999999999986,0.3185230647614568,50
6,4,0.03,100,0.7485819976700485,0.2514180023299515,0.021604779485536667,0.0398,0.6024805433563479,50
7,4,0.03,100,0.9186132216996853,0.08138677830031471,0.012442392461849455,0.039599999999999996,0.3822514862349333,50
8,4,0.03,100,0.14241187297985292,0.8575881270201471,0.020980940155115133,0.049,0.570234881975227,50
9,4,0.03,100,0.6358094451347348,0.3641905548652652,0.016758490993490194,0.040999999999999995,0.5623479201833468,50
0,5,0.03,100,0.6533274657531885,0.34667253424681155,0.02116154300446978,0.03480000000000001,0.3758558473089594,50
1,5,0.03,100,-0.20152101100948744,1.2015210110094874,0.01281263591270428,0.043800000000000006,0.41274755844449,50
2,5,0.03,100,0.0831068734241676,0.9168931265758324,0.22436224178759936,0.037200000000000004,0.7727098985426686,50
3,5,0.03,100,0.16856884913628442,0.8314311508637156,0.006583472370906961,0.04300000000000001,0.8355781180480419,50
4,5,0.03,100,0.5937720617553848,0.4062279382446152,0.011749755045965425,0.0478,0.7202954424096848,50
5,5,0.03,100,0.8689795243593337,0.13102047564066632,0.005043138691085518,0.043,0.27538039398804703,50
6,5,0.03,100,0.6543713974287756,0.3456286025712244,0.022872493411068694,0.04680000000000001,0.6275091788528018,50
7,5,0.03,100,0.6531581000365521,0.34684189996344794,0.02035386686263968,0.0408,0.3743865931927698,50
8,5,0.03,100,0.7500562460245951,0.24994375397540491,0.011554454877898133,0.047,0.5059584736934708,50
9,5,0.03,100,1.0187544884160333,0.018754488416033332,0.02208770562273815,0.04939999999999999,0.6102848380485719,50
0,6,0.03,100,0.8014733628550822,0.1985266371449178,0.12980403381493888,0.04920000000000001,0.3863715326886234,50
1,6,0.03,100,0.38426551445979,0.61573448554021,0.011034652562520102,0.049199999999999994,0.4911367417028357,50
2,6,0.03,100,0.10640840879638827,0.8935915912036118,0.12721246592052504,0.0462,0.7946641063354897,50
3,6,0.03,100,-0.6955552121707232,1.6955552121707234,0.01658143587855462,0.041400000000000006,0.9207788929561478,50
4,6,0.03,100,0.599569030749835,0.40043096925016497,0.014010778805023856,0.0352,0.6245212209845966,50
5,6,0.03,100,1.0058827139499695,0.005882713949969531,0.00977477145173534,0.0492,0.3167377807287224,50
6,6,0.03,100,0.5720812830147186,0.4279187169852814,0.01964737096085643,0.0374,0.5649662716901245,50
7,6,0.03,100,0.8367951602894259,0.1632048397105741,0.021364512048124347,0.041999999999999996,0.4066014261233741,50
8,6,0.03,100,0.3717278996293686,0.6282721003706314,0.010580838118831159,0.044800000000000006,0.4762303594748811,50
9,6,0.03,100,0.38298519389390817,0.6170148061060918,0.8309698181782611,0.039400000000000004,0.6236012119900534,50
0,7,0.03,100,0.8685218141512688,0.13147818584873117,0.01318017764200593,0.044800000000000006,0.3448073660050954,50
1,7,0.03,100,-0.290886605261394,1.2908866052613939,0.006289250670917938,0.03580000000000001,0.4033823970813054,50
2,7,0.03,100,-0.4601885628626935,1.4601885628626934,0.1413484698566535,0.044000000000000004,0.6200690456413769,50
3,7,0.03,100,-0.8096322103228853,1.8096322103228855,0.029759907874630957,0.0378,1.0081887036863948,50
4,7,0.03,100,0.7356170178722304,0.26438298212776956,0.04522054164869909,0.04620000000000001,0.6239373788305159,50
5,7,0.03,100,0.34140589178550207,0.6585941082144979,0.0066950702618433135,0.0482,0.34350172913373805,50
6,7,0.03,100,0.6108768138070139,0.38912318619298614,0.10740931315133286,0.0256,0.8009386728389156,50
7,7,0.03,100,1.1357024055839835,0.1357024055839835,0.007291491628948444,0.04020000000000001,0.3623489003099851,50
8,7,0.03,100,0.8948505042432516,0.10514949575674837,0.014346307700086209,0.048600000000000004,0.54324465888322,50
9,7,0.03,100,0.3473162835245126,0.6526837164754874,0.009460427693327186,0.046400000000000004,0.5625388548008721,50
0,8,0.03,100,0.8168355550857167,0.1831644449142833,0.009743780859596393,0.043800000000000006,0.3845705427425826,50
1,8,0.03,100,0.16361977852755794,0.8363802214724421,0.09529241368816523,0.032600000000000004,0.3706268598866707,50
2,8,0.03,100,-0.45982663623803083,1.4598266362380308,0.008239445597591051,0.039200000000000006,0.6197780944395417,50
3,8,0.03,100,-0.16827369496728578,1.1682736949672858,0.007624900831862623,0.031200000000000002,0.9317670522471231,50
4,8,0.03,100,0.9222432888512739,0.07775671114872607,0.022390967492224585,0.044400000000000016,0.6417248970031268,50
5,8,0.03,100,0.38567142547547506,0.6143285745245249,0.01608989024990457,0.042600000000000006,0.4042346272301325,50
6,8,0.03,100,0.4535095677455409,0.546490432254459,0.006775540984817946,0.0492,0.6180455942013061,50
7,8,0.03,100,0.992041425743688,0.007958574256311968,0.01019851134325334,0.04300000000000001,0.4185754566281217,50
8,8,0.03,100,0.4979405015929824,0.5020594984070176,0.005064975052183292,0.0444,0.437303865810172,50
9,8,0.03,100,-0.03620688834752094,1.0362068883475208,0.016370279375005497,0.039400000000000004,0.7006076714093985,50
0,9,0.03,100,-0.5484526170698588,1.548452617069859,0.013940194509280445,0.048,0.46175886111867215,50
1,9,0.03,100,-1.2548067414184287,2.2548067414184287,0.012909100252452513,0.04880000000000001,0.45265520842969464,50
2,9,0.03,100,0.12447098976062945,0.8755290102393706,0.01691803526512005,0.042600000000000006,0.7449314584002246,50
3,9,0.03,100,-0.47579531648918716,1.475795316489187,0.007641489931373247,0.038200000000000005,0.8859300849379839,50
4,9,0.03,100,0.456730064385089,0.543269935614911,0.008362581608489737,0.046,0.6951340687883871,50
5,9,0.03,100,0.31865900504089584,0.6813409949591042,0.004438051413590965,0.048600000000000004,0.3526831739046661,50
6,9,0.03,100,0.5893616402064927,0.41063835979350727,0.005107847159356416,0.03320000000000001,0.5890502257342363,50
7,9,0.03,100,0.7515915167861469,0.24840848321385312,0.01975495759043372,0.0416,0.3517811890752689,50
8,9,0.03,100,0.4720407240976695,0.5279592759023305,0.021603211963216767,0.041800000000000004,0.44212608084437255,50
9,9,0.03,100,0.04685080667296738,0.9531491933270326,0.011118296917380633,0.04159999999999999,0.6526891541998647,50
0,0,0.05,20,0.06959241659209851,0.9304075834079015,0.015933696393767655,0.020000000000000004,0.3305387598340012,50
1,0,0.05,20,0.002379039804793003,0.997620960195207,0.005985346941973115,0.021000000000000005,0.3934988285365902,50
2,0,0.05,20,0.012193864846916347,0.9878061351530837,0.07495540415418075,0.049,0.7752353312857058,50
3,0,0.05,20,0.8041546458985568,0.19584535410144321,0.015961800503925493,0.034,0.7864606702789465,50
4,0,0.05,20,0.948680091569392,0.05131990843060796,0.012117687877635291,0.046,0.5305905195235388,50
5,0,0.05,20,1.0345899946305523,0.034589994630552345,0.02199833658888432,0.04699999999999999,0.3514428302657665,50
6,0,0.05,20,0.6015767858545362,0.3984232141454638,0.03910851722843548,0.045,0.621813840584138,50
7,0,0.05,20,0.06873212335816889,0.9312678766418311,0.019884893428335052,0.046,0.56202406660826,50
8,0,0.05,20,-0.013564362897391291,1.0135643628973914,0.007492182702329922,0.043,0.7749805634959668,50
9,0,0.05,20,0.566301556417842,0.43369844358215803,0.021535527615839767,0.035,0.5484269814254683,50
0,1,0.05,20,0.8468582231185273,0.15314177688147268,0.009065817638087182,0.03700000000000001,0.3252872825352755,50
1,1,0.05,20,-0.2007946685089525,1.2007946685089526,0.3372710578812087,0.04300000000000001,0.40026946695629895,50
2,1,0.05,20,-0.5688571326838973,1.5688571326838971,0.17192003150598273,0.018000000000000002,0.621158380076372,50
3,1,0.05,20,-0.04962856548423205,1.0496285654842321,0.008178911112112127,0.043,0.7479573454259714,50
4,1,0.05,20,0.4810564678341974,0.5189435321658026,0.010175821337395535,0.046,0.5750431756183618,50
5,1,0.05,20,0.664714453910867,0.33528554608913297,0.009023521275027892,0.025,0.2534882486868236,50
6,1,0.05,20,0.6975998983441443,0.30240010165585574,0.012193751096929323,0.047000000000000014,0.6966971492877639,50
7,1,0.05,20,0.3851668073242189,0.6148331926757811,0.015664322986207676,0.04699999999999999,0.3315304335320971,50
8,1,0.05,20,-0.4456645549793181,1.4456645549793181,0.019330024533851936,0.048999999999999995,0.5585079638418455,50
9,1,0.05,20,0.03993460925727158,0.9600653907427285,0.010387357867281703,0.034,0.5711622667193433,50
0,2,0.05,20,0.9210211658402401,0.07897883415975993,0.013182203363495591,0.048999999999999995,0.3879465904377989,50
1,2,0.05,20,-0.4659924547079994,1.4659924547079994,0.00976662143558614,0.04300000000000001,0.33137745391778156,50
2,2,0.05,20,-0.25999815604816184,1.259998156048162,0.049311603934143196,0.027000000000000003,0.6202282991374852,50
3,2,0.05,20,-0.39776642876550755,1.3977664287655076,0.34068126118478986,0.03300000000000001,1.0375629087061962,50
4,2,0.05,20,0.618722241906521,0.38127775809347897,0.019430019253358483,0.045999999999999985,0.534453694767056,50
5,2,0.05,20,0.6662054418009379,0.3337945581990621,0.010825721721814159,0.049,0.2975530172055195,50
6,2,0.05,20,0.8263568731184864,0.17364312688151362,0.012263142111698202,0.031,0.5572540296731561,50
7,2,0.05,20,0.789401467357468,0.21059853264253203,0.02022565041550393,0.027000000000000003,0.3276984560815432,50
8,2,0.05,20,0.39507370482477283,0.6049262951752272,0.0057779227814674095,0.044000000000000004,0.36454680309289555,50
9,2,0.05,20,-0.06077915490740957,1.0607791549074095,0.0189174167323049,0.017,0.7437969901405139,50
0,3,0.05,20,0.9143088017965798,0.0856911982034202,0.005073128221442549,0.012,0.3202776927575312,50
1,3,0.05,20,0.13432230107578974,0.8656776989242103,0.019600345151551853,0.043,0.410702367837963,50
2,3,0.05,20,-0.32662090737745003,1.32662090737745,0.006618076298021208,0.04100000000000001,0.6128240980721391,50
3,3,0.05,20,0.6267185398751063,0.3732814601248937,0.02040680505681781,0.04800000000000001,0.7927466798984681,50
4,3,0.05,20,0.604472120140287,0.39552787985971305,0.004834247923706273,0.036000000000000004,0.646711262359615,50
5,3,0.05,20,0.7782830170302171,0.22171698296978293,0.034513004483888846,0.045,0.2719932892978438,50
6,3,0.05,20,0.704232287224378,0.29576771277562197,0.28861972874314135,0.034,0.6966562732898074,50
7,3,0.05,20,0.5908439499458461,0.4091560500541539,0.005683809169513002,0.007000000000000001,0.6166587225248934,50
8,3,0.05,20,0.5478248541684523,0.4521751458315477,0.014826380005947408,0.046,0.43772313645292554,50
9,3,0.05,20,0.3413672237967287,0.6586327762032713,0.8283525052879126,0.037000000000000005,0.6755702564440168,50
0,4,0.05,20,0.4292393150776101,0.5707606849223898,0.024011160770317903,0.04500000000000001,0.3121576721397463,50
1,4,0.05,20,-0.18804549521485636,1.1880454952148565,0.0163498800497709,0.018,0.40506623686565535,50
2,4,0.05,20,0.5609738952964574,0.43902610470354264,0.2629203834737084,0.04800000000000001,0.8580976369987178,50
3,4,0.05,20,-0.034012282276623874,1.0340122822766238,0.0014097111257076278,0.017,0.9198281736952636,50
4,4,0.05,20,1.1580544663153067,0.15805446631530673,0.00909429162808954,0.03,0.5929021173017969,50
5,4,0.05,20,0.4444438466231212,0.5555561533768788,0.02434678688255215,0.04999999999999999,0.37925108798384755,50
6,4,0.05,20,1.1026022414320018,0.1026022414320018,0.008806805472937385,0.04300000000000001,0.674289777917264,50
7,4,0.05,20,0.7024803323263807,0.29751966767361926,0.017503635011898187,0.04300000000000001,0.4537548065440805,50
8,4,0.05,20,0.6578840828048562,0.3421159171951438,0.013841763041326012,0.035,0.402652870773899,50
9,4,0.05,20,0.6007108993981567,0.3992891006018433,0.1881920370091501,0.049000000000000016,0.619459405929299,50
0,5,0.05,20,-0.3427356987829579,1.342735698782958,0.008294398606147344,0.032,0.36128367285652674,50
1,5,0.05,20,-0.3352189494112662,1.3352189494112663,0.005122758569770988,0.034,0.38129381837491694,50
2,5,0.05,20,0.2411672561858311,0.7588327438141689,0.014032756988537516,0.045,0.7603382354960777,50
3,5,0.05,20,0.3432415838908815,0.6567584161091184,0.2847336550889854,0.042,0.8854135830147529,50
4,5,0.05,20,0.5604491854934146,0.4395508145065854,0.008998369974200475,0.045,0.6100163737422521,50
5,5,0.05,20,0.005587162597435779,0.9944128374025643,0.009459889957463217,0.03500000000000001,0.4009170320097073,50
6,5,0.05,20,0.3705556266085981,0.6294443733914019,0.027774478099217292,0.03900000000000001,0.5613960873478712,50
7,5,0.05,20,0.35461262649485653,0.6453873735051434,0.19197504809928645,0.044,0.4749109741693214,50
8,5,0.05,20,0.35060766267515203,0.649392337324848,0.172701478859174,0.04800000000000001,0.5690782404330792,50
9,5,0.05,20,0.9251091063921089,0.07489089360789114,0.14537912442167872,0.042,0.5258010512628757,50
0,6,0.05,20,0.1170628188234348,0.8829371811765652,0.006210688089442238,0.043,0.3306680664116855,50
1,6,0.05,20,-0.7994922019610535,1.7994922019610535,0.01044358388981595,0.044000000000000004,0.33048925334389967,50
2,6,0.05,20,-0.24158948047351803,1.2415894804735181,0.1676464891268395,0.046000000000000006,0.5600742320784826,50
3,6,0.05,20,1.1851701335899179,0.18517013358991785,0.019526336281485385,0.040999999999999995,0.9342620572222073,50
4,6,0.05,20,0.8571412798290596,0.14285872017094037,0.06083196435510859,0.042,0.6488762537807795,50
5,6,0.05,20,1.104432387148085,0.104432387148085,0.011251253965126742,0.036000000000000004,0.26715852574234666,50
6,6,0.05,20,0.5624241995901305,0.43757580040986954,0.0015417349223602983,0.0,0.3595572121235474,50
7,6,0.05,20,0.7413369930485072,0.2586630069514928,0.029133080600141612,0.042,0.4790923536348217,50
8,6,0.05,20,0.12715378907324137,0.8728462109267586,0.017687126663092877,0.040999999999999995,0.46152452634326374,50
9,6,0.05,20,0.7296490927376315,0.27035090726236854,0.02222376120636823,0.044000000000000004,0.527633931996991,50
0,7,0.05,20,0.2193798770106357,0.7806201229893643,0.054875010581475626,0.040000000000000015,0.40795799134108623,50
1,7,0.05,20,-1.209503381288124,2.209503381288124,0.022810952069107934,0.03100000000000001,0.41466106256379165,50
2,7,0.05,20,-0.09261840643188719,1.0926184064318871,0.27730498630617634,0.026000000000000002,0.7703329710949829,50
3,7,0.05,20,0.12056792473151937,0.8794320752684807,0.008994247094867652,0.002,0.8357263656553544,50
4,7,0.05,20,1.0332705964730986,0.0332705964730986,0.01871672671933974,0.04,0.5743699779715081,50
5,7,0.05,20,1.0605710814666736,0.06057108146667356,0.02678842376860487,0.040999999999999995,0.39683873878791975,50
6,7,0.05,20,0.4341987475564198,0.5658012524435803,5.607473066727768e-17,0.0,0.01,50
7,7,0.05,20,1.0054802335603028,0.005480233560302805,0.010223103709826814,0.044000000000000004,0.4268419703855832,50
8,7,0.05,20,-0.2186415510800315,1.2186415510800315,0.010475620382026594,0.035,0.5441430477072537,50
9,7,0.05,20,0.9098438396806818,0.09015616031931817,0.2523276319225155,0.046,0.6985375238615219,50
0,8,0.05,20,1.0446294161589076,0.04462941615890759,0.02122387216757806,0.038000000000000006,0.3346518073750089,50
1,8,0.05,20,-0.03989557981629111,1.0398955798162912,0.20734372578402305,0.046,0.3911947361256982,50
2,8,0.05,20,0.13751526866172126,0.8624847313382787,0.024935089903421807,0.046,0.8078618276940632,50
3,8,0.05,20,0.42871918466565867,0.5712808153343414,0.008025899746363295,0.019000000000000003,0.7593235659684605,50
4,8,0.05,20,0.4451679584664578,0.5548320415335422,0.029323233137798325,0.03899999999999999,0.6828557575366145,50
5,8,0.05,20,0.07298302993519043,0.9270169700648095,0.016818133417010536,0.048999999999999995,0.40736829098334226,50
6,8,0.05,20,0.5595058970619434,0.4404941029380566,0.08334656701665534,0.040999999999999995,0.4623886512808648,50
7,8,0.05,20,0.9045386266200651,0.09546137337993488,0.17957959280533925,0.046,0.3722099410170299,50
8,8,0.05,20,0.732090506875409,0.267909493124591,0.017777282407002132,0.036000000000000004,0.6034943693390598,50
9,8,0.05,20,0.4999063206113743,0.5000936793886257,0.018766657245514518,0.03800000000000001,0.5983987276794909,50
0,9,0.05,20,0.06452560720752233,0.9354743927924777,0.23054448121500598,0.046999999999999986,0.3669944572098193,50
1,9,0.05,20,-0.011867028278290084,1.01186702827829,0.029846577964560392,0.049,0.4304133032063927,50
2,9,0.05,20,-0.14903248437468647,1.1490324843746864,0.28536748787329075,0.029000000000000005,0.5980341214182499,50
3,9,0.05,20,-1.4167158722605446,2.4167158722605446,0.015235282904201604,0.042,1.2121594583078834,50
4,9,0.05,20,0.6594931884353039,0.3405068115646961,0.03140181824271157,0.028000000000000004,0.5617823364848662,50
5,9,0.05,20,0.6192558452131618,0.3807441547868382,0.020212504499092697,0.025000000000000005,0.25363347508513145,50
6,9,0.05,20,0.26559611773153285,0.7344038822684671,0.018661870810685505,0.046000000000000006,0.5178717700050912,50
7,9,0.05,20,0.3352084622144754,0.6647915377855246,0.02153072756601098,0.031,0.4101069290887309,50
8,9,0.05,20,0.8659852718808163,0.1340147281191837,0.007956289936362848,0.04800000000000001,0.5338891755037145,50
9,9,0.05,20,0.3963729806275867,0.6036270193724134,0.009971779114238659,0.042,0.5660597300989059,50
0,0,0.05,50,0.7135460140262285,0.2864539859737715,0.05445597902031772,0.042800000000000005,0.37837759337372934,50
1,0,0.05,50,-0.1983093138988737,1.1983093138988736,0.039439188710520025,0.0348,0.4234563034357698,50
2,0,0.05,50,0.6988994939601989,0.3011005060398011,0.01827742769664721,0.0352,0.9213032767125906,50
3,0,0.05,50,0.7399154984537961,0.2600845015462039,0.025371347584232675,0.044800000000000006,0.8122206936390931,50
4,0,0.05,50,0.691952936874485,0.308047063125515,0.009672866979623997,0.04080000000000001,0.5566599412609428,50
5,0,0.05,50,1.2160442292177578,0.2160442292177578,0.07920027012428027,0.049600000000000005,0.32166203668179194,50
6,0,0.05,50,0.8773843701861784,0.12261562981382157,0.053718945343665066,0.048,0.5975011433263973,50
7,0,0.05,50,0.9631002878270509,0.03689971217294907,0.01869559340397882,0.037200000000000004,0.3754936580668375,50
8,0,0.05,50,0.12763312395547094,0.8723668760445291,0.06004881440674623,0.04000000000000001,0.5230595682503212,50
9,0,0.05,50,0.27169680540861707,0.7283031945913829,0.042895043335834514,0.03640000000000001,0.6683720414802239,50
0,1,0.05,50,0.29159215542270944,0.7084078445772906,0.03134593154492111,0.047200000000000006,0.35243836238299675,50
1,1,0.05,50,-0.8473301098917958,1.8473301098917958,0.025159496680820324,0.03600000000000001,0.4178512889646524,50
2,1,0.05,50,-0.09583456177,1.09583456177,0.0475521507504986,0.024,0.6615829678286442,50
3,1,0.05,50,-0.1790603498789731,1.1790603498789731,0.0260261161575842,0.0228,0.9620551946632796,50
4,1,0.05,50,-0.2876744941096769,1.287674494109677,0.20745669241683878,0.046000000000000006,0.821575999676975,50
5,1,0.05,50,0.5802262532139143,0.4197737467860857,0.09274687306011392,0.044,0.3518035051842834,50
6,1,0.05,50,0.5656436931239263,0.43435630687607374,0.023983938343819552,0.047200000000000006,0.5759328169171183,50
7,1,0.05,50,0.4985765383951759,0.5014234616048241,0.031274459182135964,0.034800000000000005,0.4412426800295056,50
8,1,0.05,50,0.4120292907002193,0.5879707092997807,0.008401584304868894,0.029200000000000004,0.5143968190705879,50
9,1,0.05,50,-0.38251970089680254,1.3825197008968027,0.18559958918322628,0.049600000000000005,0.8770466226138436,50
0,2,0.05,50,0.7329048496394173,0.26709515036058273,0.01993884118161803,0.0452,0.34419931682556815,50
1,2,0.05,50,-0.5387961675982837,1.5387961675982837,0.0273479562555392,0.04920000000000001,0.432982105569265,50
2,2,0.05,50,-0.13979960082575718,1.1397996008257572,0.03547075875257563,0.0456,0.7005987385045507,50
3,2,0.05,50,-1.2097022630943393,2.2097022630943393,0.021860374108262425,0.037200000000000004,0.9281615367497695,50
4,2,0.05,50,0.6676231887588867,0.3323768112411133,0.07916906218128816,0.0476,0.5836096254704339,50
5,2,0.05,50,0.9964125504491765,0.0035874495508234627,0.15378187568039003,0.0492,0.3274462951927798,50
6,2,0.05,50,1.0406467250644176,0.04064672506441758,0.013492654251726646,0.044800000000000006,0.585608801620757,50
7,2,0.05,50,0.8931139200744153,0.10688607992558474,0.01040847649633624,0.046000000000000006,0.2854294267473323,50
8,2,0.05,50,0.9879378986072844,0.012062101392715574,0.02608458252546554,0.031200000000000002,0.625090145557366,50
9,2,0.05,50,0.3949544319156755,0.6050455680843245,0.013832066074338288,0.04840000000000002,0.5954217189903397,50
0,3,0.05,50,0.49801266680640893,0.5019873331935911,0.013151087138247653,0.030400000000000003,0.34731641541109587,50
1,3,0.05,50,-0.5333994924703637,1.5333994924703638,0.13623406914724057,0.03720000000000001,0.3853626520539717,50
2,3,0.05,50,-0.041174379331934026,1.0411743793319341,0.035777410388912724,0.045200000000000004,0.7151432913449691,50
3,3,0.05,50,1.1653424750372385,0.16534247503723853,0.013952347529416998,0.029200000000000004,0.9699340135120753,50
4,3,0.05,50,1.0754068130147514,0.07540681301475138,0.015368259946600182,0.0456,0.6068720097241382,50
5,3,0.05,50,1.4031392951937838,0.4031392951937838,0.07639048187778595,0.042800000000000005,0.29745019227177383,50
6,3,0.05,50,0.7495538338440734,0.25044616615592663,0.038906466596544606,0.0496,0.6028502213185181,50
7,3,0.05,50,1.1729668266314617,0.17296682663146168,0.015708964444298708,0.0424,0.35973254540879485,50
8,3,0.05,50,0.5199971607294857,0.48000283927051435,0.0662059851204452,0.03440000000000001,0.4471829661441266,50
9,3,0.05,50,0.2492540152387746,0.7507459847612254,0.02465776900600823,0.0436,0.66336095122643,50
0,4,0.05,50,0.7659103517575749,0.23408964824242506,0.02262301712246825,0.03640000000000001,0.40749608204597587,50
1,4,0.05,50,0.0426949630097938,0.9573050369902062,0.01564856824707848,0.03720000000000001,0.44848348349202416,50
2,4,0.05,50,0.16289378039800553,0.8371062196019945,0.08538407468252524,0.03800000000000001,0.7422948759292509,50
3,4,0.05,50,-0.12314640565918382,1.1231464056591838,0.6145022335204658,0.0396,0.9777844130529016,50
4,4,0.05,50,0.056656557831229463,0.9433434421687705,0.03705555601897224,0.042800000000000005,0.763873139641196,50
5,4,0.05,50,0.9224222040295603,0.07757779597043968,0.022537400258159104,0.044800000000000006,0.27305519617792495,50
6,4,0.05,50,0.7389844478723445,0.2610155521276555,0.1339394953722608,0.046000000000000006,0.5682588907325159,50
7,4,0.05,50,0.4414874881365051,0.5585125118634948,0.011019539084364068,0.0388,0.3577482121428268,50
8,4,0.05,50,0.7877300251241885,0.21226997487581145,0.0286635891522749,0.0368,0.5415508159484828,50
9,4,0.05,50,0.48964610190818236,0.5103538980918176,0.020289086500504473,0.046400000000000004,0.578006181604076,50
0,5,0.05,50,0.6285851135145089,0.37141488648549115,0.013219405888563194,0.0408,0.33006096217918784,50
1,5,0.05,50,-0.4525326477465304,1.4525326477465303,0.03603176786991441,0.04880000000000001,0.3761074124567049,50
2,5,0.05,50,0.531797302044762,0.46820269795523795,0.10326586141541147,0.016800000000000002,0.8328086085216264,50
3,5,0.05,50,0.7212730905899828,0.2787269094100172,0.1313393567494216,0.042,0.7978519674021233,50
4,5,0.05,50,1.1691485368579104,0.16914853685791043,0.025683136938894912,0.044800000000000006,0.6558927488084207,50
5,5,0.05,50,0.4314756675517248,0.5685243324482752,0.026982993332711466,0.039200000000000006,0.36345762319902325,50
6,5,0.05,50,0.8550653041730792,0.14493469582692076,0.05616095392376004,0.04480000000000001,0.5608016815102106,50
7,5,0.05,50,0.7280118979608364,0.27198810203916357,0.012657590128145562,0.047200000000000006,0.3529451529949398,50
8,5,0.05,50,0.23362977415761357,0.7663702258423865,0.04653447429480591,0.04600000000000001,0.5587144464455515,50
9,5,0.05,50,-0.4237448566064543,1.4237448566064543,0.02421751404726546,0.04680000000000001,0.7965781342479767,50
0,6,0.05,50,0.21353851784842004,0.78646148215158,0.03211915607709608,0.049200000000000015,0.3888606597436479,50
1,6,0.05,50,-0.18698843732977796,1.1869884373297779,0.018204757768271615,0.0332,0.3926340376963606,50
2,6,0.05,50,0.11416466993115856,0.8858353300688414,0.025366416217478416,0.0352,0.6981251303800895,50
3,6,0.05,50,0.4005872223318794,0.5994127776681206,0.013157089809372557,0.0496,0.8484541417112965,50
4,6,0.05,50,0.6877074228965878,0.3122925771034122,0.06761586289440782,0.04600000000000001,0.6281637305091685,50
5,6,0.05,50,0.11854305509961806,0.881456944900382,0.05244415463898193,0.0348,0.32907922053018573,50
6,6,0.05,50,0.6762520766440991,0.32374792335590086,0.01884778843981281,0.04320000000000001,0.6378662144813463,50
7,6,0.05,50,0.183277466125489,0.816722533874511,0.07052668534806923,0.0388,0.40560383033557423,50
8,6,0.05,50,0.14351400277313692,0.856485997226863,0.015761421230882037,0.0424,0.44594032527189326,50
9,6,0.05,50,-0.037928164273248875,1.037928164273249,0.019209007220621844,0.045200000000000004,0.660162155655945,50
0,7,0.05,50,0.33094741412582984,0.6690525858741702,0.011489298432406711,0.04920000000000001,0.40011400852304724,50
1,7,0.05,50,0.10721003389157739,0.8927899661084227,0.04150328163730224,0.045200000000000004,0.4050940242715169,50
2,7,0.05,50,0.17949667597868202,0.820503324021318,0.04243236703897897,0.0456,0.7563696598438823,50
3,7,0.05,50,-0.4422005182070488,1.4422005182070488,0.32592268830463994,0.04520000000000001,0.8914722243500355,50
4,7,0.05,50,0.908114409054855,0.09188559094514503,0.02343042243532789,0.048,0.6687495752435968,50
5,7,0.05,50,0.5943365975158589,0.4056634024841411,0.041763887651862626,0.04800000000000001,0.3149920310510905,50
6,7,0.05,50,0.43079487611274964,0.5692051238872504,0.016414199977044838,0.04840000000000002,0.5901392768537344,50
7,7,0.05,50,0.554879583668496,0.445120416331504,0.01965089883109258,0.04,0.32839292715300417,50
8,7,0.05,50,0.2803805159151079,0.7196194840848922,0.17338766657964333,0.0376,0.5247120700010636,50
9,7,0.05,50,-0.22895118328175143,1.2289511832817515,0.02314370602841551,0.0476,0.720133405675073,50
0,8,0.05,50,0.12318853242646886,0.8768114675735311,0.02037274245028605,0.038000000000000006,0.38612581066812235,50
1,8,0.05,50,-0.4726729932473468,1.4726729932473468,0.03588144186188182,0.0456,0.43170241985084346,50
2,8,0.05,50,0.09931889935864426,0.9006811006413558,0.01962374121026933,0.04400000000000001,0.7332335053015413,50
3,8,0.05,50,0.3902020076499244,0.6097979923500756,0.09843513945887854,0.04680000000000001,0.8867310623187001,50
4,8,0.05,50,0.555484452098299,0.444515547901701,0.02174786080807085,0.04840000000000002,0.6869432889822447,50
5,8,0.05,50,0.9532845338606778,0.046715466139322204,0.027896134944495846,0.04800000000000001,0.3263473574987239,50
6,8,0.05,50,0.8851587278590058,0.11484127214099416,0.012337295130275781,0.046,0.6668605739501222,50
7,8,0.05,50,0.6441200895647412,0.3558799104352588,0.009564409612680966,0.038000000000000006,0.3422138539798734,50
8,8,0.05,50,0.4583885360649366,0.5416114639350633,0.019022064326053943,0.03840000000000001,0.4828695318020376,50
9,8,0.05,50,0.24557850295878583,0.7544214970412142,0.13310654717594664,0.0408,0.5922168859073391,50
0,9,0.05,50,0.8353809194248757,0.1646190805751243,0.025087754496625522,0.028000000000000004,0.34044563133930206,50
1,9,0.05,50,-0.3806067838404817,1.3806067838404816,0.017734000533272558,0.038400000000000004,0.4059828120324793,50
2,9,0.05,50,0.04335406931832215,0.9566459306816778,0.05997890844484216,0.04640000000000002,0.6536855279197806,50
3,9,0.05,50,-0.4762576528687449,1.4762576528687448,0.014324370203750538,0.0432,1.0235175059687993,50
4,9,0.05,50,0.8656555311175529,0.1343444688824471,0.08183570042615089,0.0476,0.5763147641444875,50
5,9,0.05,50,0.5131389230131556,0.48686107698684444,0.046320855813498124,0.03440000000000001,0.3467351539947816,50
6,9,0.05,50,0.9745456425566202,0.02545435744337976,0.04060718797558365,0.0416,0.5830577254655449,50
7,9,0.05,50,0.04512482188860746,0.9548751781113926,0.0906991722397969,0.030800000000000004,0.5214096157763808,50
8,9,0.05,50,0.2489998404507739,0.7510001595492262,0.03445027245632612,0.0068000000000000005,0.4924088185342498,50
9,9,0.05,50,0.6656234057247657,0.33437659427523425,0.010413693086453573,0.0208,0.7759508302163283,50
0,0,0.05,100,0.5248650200942441,0.4751349799057559,0.06399216394910202,0.04300000000000001,0.3976924015677055,50
1,0,0.05,100,-0.3932749800110903,1.3932749800110904,0.022542349608292878,0.0354,0.42219696547060814,50
2,0,0.05,100,0.19309564798151413,0.8069043520184859,0.06448877895343236,0.04379999999999999,0.8320146821385186,50
3,0,0.05,100,0.060881576974914454,0.9391184230250855,0.42015827386393595,0.0498,0.8325735373387146,50
4,0,0.05,100,0.8588287013187568,0.14117129868124323,0.013751099833975596,0.04860000000000001,0.6585042790317122,50
5,0,0.05,100,0.6177793011115249,0.3822206988884751,0.009218270634298994,0.037200000000000004,0.38754700696336053,50
6,0,0.05,100,0.729700538198347,0.270299461801653,0.0421808100272435,0.027000000000000007,0.5624888357615145,50
7,0,0.05,100,0.2729656089804922,0.7270343910195078,0.031978333540473025,0.032,0.39847752232394273,50
8,0,0.05,100,0.5622134907797612,0.43778650922023876,0.056284827826311695,0.042600000000000006,0.4370472402744501,50
9,0,0.05,100,-0.13594763431781431,1.1359476343178143,0.08362475601535155,0.049600000000000005,0.6949108903336156,50
0,1,0.05,100,0.5184951621829951,0.4815048378170049,0.26116829653656265,0.049800000000000004,0.3999481656192144,50
1,1,0.05,100,0.40319390529092886,0.5968060947090712,0.06131222651093371,0.0482,0.4456003547903785,50
2,1,0.05,100,0.16479446571793538,0.8352055342820646,0.034270224823114,0.0466,0.7650874697300993,50
3,1,0.05,100,-0.6790551971781679,1.679055197178168,0.44373682716711815,0.0396,0.8142299636937833,50
4,1,0.05,100,1.0763042986122258,0.07630429861222576,0.049629996061186524,0.04620000000000001,0.549802345826728,50
5,1,0.05,100,-0.20581607073935712,1.205816070739357,0.020082960433027916,0.046800000000000015,0.4017515846510654,50
6,1,0.05,100,0.6274251261984696,0.3725748738015304,0.055513122777753623,0.0482,0.5590852885723916,50
7,1,0.05,100,0.28246479588529433,0.7175352041147056,0.12467035553771011,0.0318,0.4419448020858443,50
8,1,0.05,100,0.19696215652383436,0.8030378434761656,0.0625971507968706,0.03660000000000001,0.4779043415092096,50
9,1,0.05,100,0.2706092595001283,0.7293907404998716,0.011524304812598595,0.033800000000000004,0.5767149487837618,50
0,2,0.05,100,0.05536765070016861,0.9446323492998314,0.045014082325112934,0.030000000000000006,0.3921024707481396,50
1,2,0.05,100,-0.6354679501340041,1.6354679501340041,0.04160741322409,0.04999999999999999,0.418668619217602,50
2,2,0.05,100,0.3535933826448495,0.6464066173551505,0.1674400769672786,0.030400000000000003,0.782697910385543,50
3,2,0.05,100,-0.7875611261708306,1.7875611261708306,0.041652245483346305,0.033,1.0285495645969776,50
4,2,0.05,100,1.2508248604647745,0.2508248604647745,0.33756802520526397,0.04000000000000001,0.6103107955445833,50
5,2,0.05,100,1.005148188237308,0.0051481882373078935,0.058413911091901666,0.0478,0.2916015466994033,50
6,2,0.05,100,0.8329887543457716,0.16701124565422842,0.021744074778877184,0.037000000000000005,0.5680531236918966,50
7,2,0.05,100,1.1457506867736726,0.14575068677367264,0.022555472953505778,0.028200000000000003,0.3812359680868393,50
8,2,0.05,100,-0.7019865499060748,1.7019865499060747,0.02221214704731921,0.0464,0.639864451490104,50
9,2,0.05,100,0.6023475122804247,0.3976524877195753,0.38928086167357245,0.040600000000000004,0.5730501032383988,50
0,3,0.05,100,0.7139761833189752,0.28602381668102483,0.025652792223286463,0.040600000000000004,0.3659246534948626,50
1,3,0.05,100,0.16044318706853944,0.8395568129314606,0.06559973923418953,0.03640000000000001,0.4250433566605808,50
2,3,0.05,100,0.0615106653789189,0.9384893346210811,0.029777273602066587,0.048400000000000006,0.828942808068583,50
3,3,0.05,100,0.19002323250944367,0.8099767674905564,0.05732154251838928,0.048200000000000014,0.8651459661565086,50
4,3,0.05,100,0.888766528092487,0.11123347190751298,0.034772387040920935,0.0376,0.5613800796073547,50
5,3,0.05,100,0.7510587221438075,0.24894127785619247,0.032373640196318915,0.03860000000000001,0.311063430728551,50
6,3,0.05,100,0.7365710981663243,0.26342890183367573,0.03641072353591003,0.041800000000000004,0.5878295550384549,50
7,3,0.05,100,0.23066381366684077,0.7693361863331593,0.06132509185486895,0.0412,0.48804024518620504,50
8,3,0.05,100,-0.6157186097274904,1.6157186097274905,0.011501408744973098,0.047,0.6127043707457438,50
9,3,0.05,100,0.433824692932263,0.566175307067737,0.0425827543611225,0.038200000000000005,0.5867858134953583,50
0,4,0.05,100,0.6647239531582918,0.3352760468417082,0.07178683575965737,0.03760000000000001,0.35203944825808275,50
1,4,0.05,100,-0.33499156440933175,1.3349915644093318,0.05667061673848839,0.03900000000000001,0.4469445952507527,50
2,4,0.05,100,-0.111130361063924,1.111130361063924,0.3825035210843775,0.037399999999999996,0.7269394515101806,50
3,4,0.05,100,0.2981852273184802,0.7018147726815198,0.5362154039094552,0.03160000000000001,0.8285573500837249,50
4,4,0.05,100,0.2826627245890005,0.7173372754109995,0.04394821835047687,0.04420000000000001,0.6986983673417964,50
5,4,0.05,100,0.8497895556915297,0.1502104443084703,0.015461853319507841,0.0394,0.27232061310258143,50
6,4,0.05,100,0.8184973600516208,0.18150263994837923,0.06098878993097175,0.0458,0.6122742164283639,50
7,4,0.05,100,1.044909480629127,0.04490948062912703,0.03457922263313496,0.048799999999999996,0.3229367311091128,50
8,4,0.05,100,0.47925289462779985,0.5207471053722001,0.04395630833149054,0.04339999999999999,0.424520615278298,50
9,4,0.05,100,-0.08643243304235458,1.0864324330423545,0.009927084925811708,0.04939999999999999,0.6337634246814065,50
0,5,0.05,100,0.18968520118468782,0.8103147988153122,0.25952355552895473,0.0464,0.44641652273754073,50
1,5,0.05,100,-0.4004947298318372,1.4004947298318373,0.1396069074803914,0.042199999999999994,0.37596240807224646,50
2,5,0.05,100,0.11750557458497335,0.8824944254150267,0.012924584491329863,0.0052,0.8682897053464088,50
3,5,0.05,100,0.826949137925024,0.173050862074976,0.06654504126183293,0.049,0.839932896647814,50
4,5,0.05,100,0.7989480886453311,0.20105191135466893,0.05635202555228004,0.031200000000000006,0.6167112458073256,50
5,5,0.05,100,0.6601580609739008,0.33984193902609916,0.08743633508928257,0.04540000000000001,0.2973575359459254,50
6,5,0.05,100,0.287096011357545,0.7129039886424551,0.07196378342853038,0.0486,0.540638207644466,50
7,5,0.05,100,0.6165189280818626,0.3834810719181374,0.03008894354836489,0.03640000000000001,0.3776717455097191,50
8,5,0.05,100,0.8189726268044468,0.18102737319555318,0.04203961134527659,0.048400000000000006,0.5288785961298814,50
9,5,0.05,100,0.17320036512508272,0.8267996348749173,0.025298049490026484,0.04460000000000001,0.6521012518289182,50
0,6,0.05,100,0.6357079807237647,0.36429201927623533,0.08137266773857037,0.044800000000000006,0.3534228712980828,50
1,6,0.05,100,0.14679275593782423,0.8532072440621757,0.07798177534986994,0.035400000000000015,0.38029604078550133,50
2,6,0.05,100,-0.31442193990440226,1.3144219399044021,0.017743577220266923,0.028800000000000006,0.7003014712029951,50
3,6,0.05,100,0.07160329825182493,0.9283967017481751,0.23167604905624264,0.046000000000000006,0.831026672558527,50
4,6,0.05,100,0.7838259413189833,0.2161740586810167,0.03306776801402754,0.046,0.602012257303183,50
5,6,0.05,100,0.6008895614143581,0.3991104385856419,0.028908808988491623,0.047400000000000005,0.33304928253623645,50
6,6,0.05,100,1.0442511792135774,0.04425117921357735,0.19025443179511659,0.0476,0.6567268772369955,50
7,6,0.05,100,0.7306188645622234,0.26938113543777664,0.04939231046660608,0.042,0.392018404864884,50
8,6,0.05,100,0.5334778569774735,0.4665221430225265,0.044288017903536585,0.0454,0.5108775940607548,50
9,6,0.05,100,0.1581901520765004,0.8418098479234997,0.31741805657345784,0.0482,0.6468813956210703,50
0,7,0.05,100,0.13774040205103566,0.8622595979489643,0.05659029044795073,0.04120000000000001,0.40780398622258196,50
1,7,0.05,100,0.05369182060803054,0.9463081793919694,0.014491114517142611,0.0416,0.48258938343090174,50
2,7,0.05,100,0.833639278683682,0.16636072131631796,0.20897953418688273,0.049400000000000006,0.9765989081447266,50
3,7,0.05,100,0.8872386678280425,0.1127613321719575,0.02130813516921009,0.044800000000000006,0.8294157254264858,50
4,7,0.05,100,0.7474465319978569,0.25255346800214307,0.2228820380260785,0.042800000000000005,0.6442193615962224,50
5,7,0.05,100,1.2294083125362798,0.2294083125362798,0.04006200503267415,0.038000000000000006,0.3160359235139376,50
6,7,0.05,100,0.7242193135582967,0.2757806864417033,0.023066451401548525,0.025400000000000006,0.6283401872027158,50
7,7,0.05,100,1.410596516045334,0.410596516045334,0.03946388185142412,0.0322,0.4024269238770969,50
8,7,0.05,100,0.49543591306437806,0.5045640869356219,0.06605172450790268,0.04,0.44372723398990377,50
9,7,0.05,100,0.5567044674497317,0.4432955325502683,0.07401308830036991,0.047200000000000006,0.5649270542449194,50
0,8,0.05,100,0.6003047200569143,0.39969527994308574,0.2707184764352178,0.044199999999999996,0.38429321605826383,50
1,8,0.05,100,0.22033547477851273,0.7796645252214873,0.0324900527918488,0.048799999999999996,0.4661031470118324,50
2,8,0.05,100,0.2333458302083756,0.7666541697916244,0.06381054232086905,0.035199999999999995,0.8179054890983917,50
3,8,0.05,100,-1.073729538350518,2.073729538350518,0.02788740033343682,0.049800000000000004,1.0649541415285604,50
4,8,0.05,100,0.5303425738450203,0.46965742615497974,0.030666652503989922,0.044,0.6644714177653044,50
5,8,0.05,100,1.173183035137746,0.1731830351377459,0.0787396955223432,0.047799999999999995,0.3027243290239738,50
6,8,0.05,100,1.378951406576921,0.37895140657692106,0.027960938721778635,0.04660000000000001,0.7269457435984703,50
7,8,0.05,100,0.8248649376752724,0.17513506232472764,0.040753799729872066,0.0478,0.33011793094747266,50
8,8,0.05,100,0.4127378836042914,0.5872621163957086,0.03134765320983018,0.023200000000000002,0.400895834612236,50
9,8,0.05,100,-1.062631722347063,2.0626317223470627,0.027827705807531872,0.049,0.8683223396433815,50
0,9,0.05,100,0.3936808435649023,0.6063191564350977,0.03258002640231174,0.04920000000000001,0.3924461423877431,50
1,9,0.05,100,-0.10896000418383052,1.1089600041838306,0.029972124662756536,0.04959999999999999,0.40597770141922174,50
2,9,0.05,100,-0.6457754405970134,1.6457754405970135,0.06755099466859416,0.036800000000000006,0.6289980257239915,50
3,9,0.05,100,0.6934077904220348,0.3065922095779652,0.18731958822209493,0.047799999999999995,0.8582712875502712,50
4,9,0.05,100,0.8030759865058382,0.19692401349416178,0.10934808538630326,0.0418,0.5804929627272226,50
5,9,0.05,100,0.979197303778029,0.02080269622197095,0.28980648462919767,0.044400000000000016,0.3350310498798965,50
6,9,0.05,100,1.3478516106564888,0.34785161065648884,0.011899830519011324,0.029800000000000007,0.7400967657855204,50
7,9,0.05,100,1.5572120742397535,0.5572120742397535,0.07006424911250139,0.048999999999999995,0.4636145097635427,50
8,9,0.05,100,0.20112979814563656,0.7988702018543634,0.023873578614089935,0.0386,0.45783011651944083,50
9,9,0.05,100,-0.8107689636109382,1.810768963610938,0.5974918297625449,0.036800000000000006,0.6789873020973841,50
0,0,0.1,20,-0.03620188693328,1.03620188693328,0.04826570120879648,0.04800000000000001,0.4390645510221198,50
1,0,0.1,20,0.46538027873404586,0.5346197212659541,0.11238411808833633,0.042,0.46163926635626873,50
2,0,0.1,20,-0.36700725851514954,1.3670072585151496,0.0341703786086912,0.04,0.6222622205803365,50
3,0,0.1,20,-0.6994699442219374,1.6994699442219374,0.04573232572942607,0.049,0.9256267086154071,50
4,0,0.1,20,0.6813775277623567,0.3186224722376433,0.08269976174092028,0.03900000000000001,0.6162613884485816,50
5,0,0.1,20,0.8570079654845076,0.14299203451549236,0.04133564134557865,0.040999999999999995,0.28366554357768725,50
6,0,0.1,20,0.7002438444725712,0.29975615552742885,0.10430254054094723,0.027000000000000003,0.5982054636151084,50
7,0,0.1,20,1.0065452390232812,0.006545239023281191,0.04342891774025469,0.047,0.2866246637911233,50
8,0,0.1,20,0.5931061848471194,0.4068938151528806,0.07827628388383974,0.04,0.4561419848412689,50
9,0,0.1,20,0.6665603948963615,0.33343960510363846,0.2386428397306814,0.041000000000000016,0.4942355260929723,50
0,1,0.1,20,1.0461689186050667,0.04616891860506667,0.061779179348258814,0.039,0.3534742862740463,50
1,1,0.1,20,0.05572276081575141,0.9442772391842486,0.108325483363682,0.032,0.3905640188504734,50
2,1,0.1,20,-0.7467100977652579,1.7467100977652579,0.11582882170845842,0.046,0.6820359169588295,50
3,1,0.1,20,0.10799116344124857,0.8920088365587514,0.03568540651208127,0.047,0.7912275862354488,50
4,1,0.1,20,0.9806975173432487,0.019302482656751274,0.044576029910544115,0.035,0.5566948590751677,50
5,1,0.1,20,1.3266912288243347,0.32669122882433466,0.02281573198804524,0.04800000000000001,0.26507244958459186,50
6,1,0.1,20,0.703610670539289,0.29638932946071095,0.11367217040070016,0.044000000000000004,0.6469359279464568,50
7,1,0.1,20,0.9964259350941014,0.003574064905898622,0.010569142394151017,0.024000000000000004,0.543012787039017,50
8,1,0.1,20,0.10351988407369139,0.8964801159263086,0.05663158158359675,0.032,0.42046864516131,50
9,1,0.1,20,0.34262187978723213,0.6573781202127679,0.06025934713360828,0.047,0.5514778296788133,50
0,2,0.1,20,0.9646992023353187,0.035300797664681305,0.053981415893463704,0.033,0.2683115763255448,50
1,2,0.1,20,0.036033396092234826,0.9639666039077652,0.03931983634894859,0.022000000000000006,0.3731269260031297,50
2,2,0.1,20,0.503991419677214,0.49600858032278605,0.07102366204118053,0.04800000000000001,0.7355539793445414,50
3,2,0.1,20,-1.1713261007995925,2.1713261007995923,0.07335606183227157,0.048999999999999995,1.135148248765947,50
4,2,0.1,20,0.7595379712367206,0.24046202876327938,0.2813932767437,0.023000000000000007,0.5496316907123708,50
5,2,0.1,20,0.8948600108209251,0.10513998917907486,0.0573863643698591,0.038000000000000006,0.2881354258806469,50
6,2,0.1,20,0.9037367183466886,0.09626328165331144,0.04522892064918234,0.036000000000000004,0.5956107117279033,50
7,2,0.1,20,0.7946730918284203,0.20532690817157973,0.19825686185486194,0.044000000000000004,0.36553545788875363,50
8,2,0.1,20,0.3845512434835344,0.6154487565164656,0.03351755419161075,0.024000000000000004,0.36701878970848073,50
9,2,0.1,20,0.3495610536685486,0.6504389463314514,0.13094440566168555,0.04300000000000001,0.6170574731154117,50
0,3,0.1,20,0.8981755536974861,0.10182444630251386,0.286551015181421,0.03900000000000001,0.37121908016988486,50
1,3,0.1,20,-0.08466725507906514,1.084667255079065,0.050484138486814524,0.04999999999999999,0.4291547660353332,50
2,3,0.1,20,0.31181800473451143,0.6881819952654886,0.2965476802738177,0.046000000000000006,0.6508257783298221,50
3,3,0.1,20,0.49977146543241596,0.5002285345675841,0.2759599349280462,0.036000000000000004,0.7767109105785486,50
4,3,0.1,20,0.3556251297484814,0.6443748702515186,0.05990419711208561,0.035,0.6369325840669644,50
5,3,0.1,20,0.6960903551103763,0.3039096448896237,0.024355106130619378,0.027000000000000003,0.2990559369050673,50
6,3,0.1,20,0.9364707550310213,0.06352924496897872,0.19402881024208415,0.046000000000000006,0.5964600839495837,50
7,3,0.1,20,0.46341688930645897,0.536583110693541,0.026225596915260996,0.039,0.4402203166515918,50
8,3,0.1,20,0.35195314753570733,0.6480468524642926,0.1671602971391691,0.04799999999999999,0.5474065231653527,50
9,3,0.1,20,0.2453069498867639,0.7546930501132361,0.08643087263495536,0.034,0.6600400739444483,50
0,4,0.1,20,0.4920972483319527,0.5079027516680473,0.073886254328089,0.027999999999999997,0.349955938472774,50
1,4,0.1,20,-0.3688100586012801,1.3688100586012801,0.031113234128167695,0.049,0.3454993636069084,50
2,4,0.1,20,-0.3700648271907667,1.3700648271907667,0.10063836582566911,0.034,0.6012086321677443,50
3,4,0.1,20,-0.15147442382069276,1.1514744238206926,0.04487640895896976,0.044000000000000004,0.9771078919142586,50
4,4,0.1,20,0.5199691350687197,0.48003086493128033,0.10572048597708052,0.04100000000000001,0.5175930749634183,50
5,4,0.1,20,0.5113957100389611,0.4886042899610389,0.08260165881245078,0.042,0.3217878816147286,50
6,4,0.1,20,0.6162124934188344,0.38378750658116556,0.23359888943472004,0.03900000000000001,0.5235389538351234,50
7,4,0.1,20,0.5746412575020454,0.4253587424979546,0.3331773333655032,0.04100000000000001,0.3711152274786201,50
8,4,0.1,20,0.5478100086602075,0.45218999133979254,0.08776074820851681,0.049,0.6293112626028443,50
9,4,0.1,20,0.35478155760965036,0.6452184423903496,0.06267356140748727,0.04800000000000001,0.5516166228973818,50
0,5,0.1,20,0.6614497549187738,0.3385502450812262,0.03351338899284941,0.03200000000000001,0.3318702587767245,50
1,5,0.1,20,-0.5245503103703311,1.524550310370331,0.034766483116295224,0.048,0.3017076661645496,50
2,5,0.1,20,-0.08451239613574937,1.0845123961357495,0.15488042058119383,0.04799999999999999,0.7454071877664319,50
3,5,0.1,20,-0.09682808991693763,1.0968280899169376,0.24208836882117787,0.04800000000000001,0.8584244316699026,50
4,5,0.1,20,0.7593892233658321,0.24061077663416786,0.04856556702565601,0.043,0.5713371515606958,50
5,5,0.1,20,0.6364068589080082,0.3635931410919918,0.060747791084137054,0.045,0.30404508609411085,50
6,5,0.1,20,0.8394991289086576,0.16050087109134237,0.03241317895823665,0.04300000000000002,0.5805430325573226,50
7,5,0.1,20,1.1215121260615484,0.12151212606154838,0.18071095751910704,0.025000000000000005,0.31493937956154777,50
8,5,0.1,20,0.2327951161381602,0.7672048838618398,0.041909443327843035,0.017,0.45014366492844204,50
9,5,0.1,20,0.4900928772800704,0.5099071227199297,0.14095842558249505,0.03200000000000001,0.5989521698925543,50
0,6,0.1,20,0.3808828357069159,0.6191171642930842,0.0742193364943789,0.036000000000000004,0.3245899574258924,50
1,6,0.1,20,-0.5210182257478486,1.5210182257478486,0.11863382748781229,0.045,0.36774316137777574,50
2,6,0.1,20,0.13984105231404315,0.8601589476859568,0.037459134156601785,0.044000000000000004,0.727861561395837,50
3,6,0.1,20,-0.5174242541846218,1.517424254184622,0.3346771864793663,0.049,0.9458817492866451,50
4,6,0.1,20,0.6525009472194897,0.3474990527805103,0.16379016042701636,0.037,0.6683987795659159,50
5,6,0.1,20,0.9396414585875753,0.06035854141242469,0.07833178815222622,0.02,0.2582752444312665,50
6,6,0.1,20,0.666447792040972,0.33355220795902796,0.13413082849581298,0.03000000000000001,0.6481655682107579,50
7,6,0.1,20,0.5120111703657144,0.4879888296342856,0.10738551446638421,0.048999999999999995,0.3214362272428381,50
8,6,0.1,20,0.6753772478077614,0.3246227521922386,0.0369260334648421,0.03900000000000001,0.45125152186816847,50
9,6,0.1,20,0.19360872357526937,0.8063912764247306,0.0227151301809254,0.04500000000000001,0.6015653079077583,50
0,7,0.1,20,0.3662444379353792,0.6337555620646208,0.07412597688655745,0.031000000000000007,0.33101191265371604,50
1,7,0.1,20,-0.545773343231198,1.545773343231198,0.02712892058572213,0.041999999999999996,0.31562269986850555,50
2,7,0.1,20,-0.1561424015295602,1.1561424015295603,0.07653558669192367,0.046000000000000006,0.6235594021247692,50
3,7,0.1,20,0.3874601323497792,0.6125398676502207,0.07768114732261944,0.032000000000000015,0.9775322009981599,50
4,7,0.1,20,0.7860305416495537,0.21396945835044634,0.07791735472540207,0.035,0.5403039877754394,50
5,7,0.1,20,0.8052667207317437,0.19473327926825634,0.07360633839175511,0.044000000000000004,0.3296167641764407,50
6,7,0.1,20,0.8392040850772878,0.16079591492271217,0.03409005345153202,0.04500000000000001,0.4712369264693926,50
7,7,0.1,20,0.8971922396211168,0.10280776037888317,0.02940856429050516,0.048,0.3242746588157787,50
8,7,0.1,20,0.3947738332818391,0.6052261667181609,0.08520596914144052,0.047,0.43877194636955674,50
9,7,0.1,20,0.8139766165989433,0.18602338340105673,0.04835611652220207,0.046,0.6223600288632085,50
0,8,0.1,20,0.9157135270415254,0.08428647295847458,0.03243286842999568,0.043,0.32224296056878976,50
1,8,0.1,20,-0.1985156115133874,1.1985156115133875,0.084598580837197,0.038000000000000006,0.37586654458008084,50
2,8,0.1,20,-0.20864842315400342,1.2086484231540033,0.0805060236529738,0.044,0.8777115766586803,50
3,8,0.1,20,-0.9825110719277304,1.9825110719277304,0.17568035253426587,0.047,0.9444215079255622,50
4,8,0.1,20,0.6739373780914942,0.32606262190850577,0.05820532648121405,0.042,0.5696693186545756,50
5,8,0.1,20,-0.14948484213629348,1.1494848421362935,0.0564816635677681,0.04500000000000001,0.4086564733082434,50
6,8,0.1,20,0.4395458340404446,0.5604541659595554,0.05084073863756051,0.047,0.5333048352577557,50
7,8,0.1,20,0.8377281440942963,0.1622718559057037,0.0421849576003229,0.03200000000000001,0.29955809778123843,50
8,8,0.1,20,0.1756861734437491,0.8243138265562509,0.0622563762559935,0.046000000000000006,0.5554211898184145,50
9,8,0.1,20,-0.06979905492597444,1.0697990549259744,0.13876070728158887,0.038000000000000006,0.8123266802426705,50
0,9,0.1,20,0.980321750194566,0.01967824980543398,0.02095862333262722,0.048,0.38022247911385054,50
1,9,0.1,20,-0.13421720012463642,1.1342172001246364,0.07752292880164482,0.047000000000000014,0.4281492391969751,50
2,9,0.1,20,0.03528701776586188,0.9647129822341381,0.054436617657437035,0.048,0.7907299136951412,50
3,9,0.1,20,-0.4499315889445005,1.4499315889445006,0.2485343159980014,0.03900000000000001,0.8359545387804368,50
4,9,0.1,20,0.7204244857662025,0.27957551423379745,0.3924358624948141,0.04500000000000001,0.641052762260034,50
5,9,0.1,20,0.43486542409687196,0.5651345759031281,0.07360148019030022,0.036000000000000004,0.38624356931728177,50
6,9,0.1,20,0.44691333816478734,0.5530866618352126,0.041724182241054064,0.04500000000000001,0.550719418967514,50
7,9,0.1,20,0.6407819137460321,0.3592180862539679,0.046428306535865486,0.047000000000000014,0.42246724805954167,50
8,9,0.1,20,-0.01611905970830203,1.016119059708302,0.017306575936784765,0.048999999999999995,0.6223472788280894,50
9,9,0.1,20,0.34396008298036984,0.6560399170196302,0.05950133392464582,0.020000000000000004,0.6302034927804582,50
0,0,0.1,50,0.3276921122596713,0.6723078877403287,0.4147376222213135,0.034,0.4268230479385522,50
1,0,0.1,50,-0.8664816041263809,1.8664816041263808,0.09051389430883511,0.042800000000000005,0.3915938668312706,50
2,0,0.1,50,-0.38254880984707773,1.3825488098470777,0.11269934645623483,0.033600000000000005,0.6063204146690622,50
3,0,0.1,50,0.8790519529467276,0.12094804705327244,0.08330610013873127,0.046400000000000004,0.957786139330314,50
4,0,0.1,50,0.5265042466715254,0.4734957533284746,0.2338864406670298,0.031200000000000006,0.5755726987976384,50
5,0,0.1,50,0.9562622219836736,0.04373777801632639,0.11034910098227865,0.048799999999999996,0.2999531522675589,50
6,0,0.1,50,0.763849779131974,0.23615022086802595,0.06584890014244303,0.0372,0.6127453358357864,50
7,0,0.1,50,1.117785092967717,0.11778509296771711,0.06698011031892691,0.0392,0.38805984075514116,50
8,0,0.1,50,0.5871845068675251,0.4128154931324749,0.07665552271943418,0.0276,0.40818046022971327,50
9,0,0.1,50,0.09952334922341477,0.9004766507765852,0.08806415459459485,0.0308,0.5782290847135663,50
0,1,0.1,50,0.5541630922712085,0.4458369077287915,0.07806908121209924,0.0476,0.33319020158734525,50
1,1,0.1,50,-0.22273542138651276,1.2227354213865127,0.22172197856355072,0.04680000000000001,0.4427674789794876,50
2,1,0.1,50,0.6751274007347636,0.3248725992652364,0.0875844941173641,0.037200000000000004,0.8312238705291237,50
3,1,0.1,50,-0.34891842832161885,1.348918428321619,0.16440658163503277,0.046800000000000015,0.9160320441412,50
4,1,0.1,50,0.7125580489418355,0.2874419510581645,0.10805685256907877,0.046000000000000006,0.6938974758266655,50
5,1,0.1,50,0.4737838950245327,0.5262161049754672,0.05368095372391923,0.03,0.36876684879641497,50
6,1,0.1,50,0.7185770403871905,0.2814229596128095,0.06670175911521178,0.03840000000000001,0.5387061842206424,50
7,1,0.1,50,0.8386113191316233,0.16138868086837665,0.056886504314360355,0.04880000000000001,0.3096330401772588,50
8,1,0.1,50,0.5738012772634773,0.4261987227365227,0.1328344395360514,0.0336,0.5219953290276891,50
9,1,0.1,50,0.8189275979785872,0.18107240202141284,0.08715322658574677,0.0456,0.6091093081963339,50
0,2,0.1,50,0.6309069239362217,0.3690930760637783,0.10237011399727489,0.044000000000000004,0.3564426372105093,50
1,2,0.1,50,0.2730293343916174,0.7269706656083825,0.11295241075060308,0.03560000000000001,0.40936648846986634,50
2,2,0.1,50,0.10241203912914576,0.8975879608708542,0.027758700223221185,0.0424,0.8048959948262937,50
3,2,0.1,50,0.29253389944825986,0.7074661005517402,0.09365572308496843,0.0484,0.8657581067025834,50
4,2,0.1,50,0.4072970805301882,0.5927029194698118,0.04562983575675249,0.008,0.7762615290095125,50
5,2,0.1,50,1.1338479790649232,0.13384797906492318,0.09716354805115479,0.0476,0.35078838525926104,50
6,2,0.1,50,0.8861014871034634,0.11389851289653663,0.11747269928953756,0.04880000000000002,0.5346708299391951,50
7,2,0.1,50,0.7938222035898183,0.20617779641018175,0.10169537463865846,0.033600000000000005,0.3679739371082522,50
8,2,0.1,50,0.470372340843371,0.529627659156629,0.036119639600620056,0.024400000000000005,0.49140109004871974,50
9,2,0.1,50,0.3865490100788923,0.6134509899211077,0.11785428550838989,0.04880000000000001,0.6400643722259192,50
0,3,0.1,50,0.4063387929901964,0.5936612070098036,0.09067829888552817,0.04480000000000001,0.3976933525346855,50
1,3,0.1,50,-0.06526579506029564,1.0652657950602957,0.10806665115426833,0.04280000000000001,0.4464429481680703,50
2,3,0.1,50,-0.7435674347244128,1.7435674347244128,0.09187026099718043,0.049200000000000015,0.6333735900207393,50
3,3,0.1,50,0.45514348327347226,0.5448565167265278,0.07236175621115405,0.0444,0.9250669100772336,50
4,3,0.1,50,0.4222971645148015,0.5777028354851985,0.04978129607183269,0.04520000000000001,0.6962152124909251,50
5,3,0.1,50,0.8491292221423579,0.15087077785764214,0.04845486293252658,0.034,0.3117130367887543,50
6,3,0.1,50,0.7520731897841076,0.24792681021589236,0.03662622543024289,0.048799999999999996,0.6091480603181351,50
7,3,0.1,50,1.0097696425918985,0.009769642591898497,0.20529545314654835,0.0492,0.4526607879489133,50
8,3,0.1,50,-0.0381912618807756,1.0381912618807756,0.06675259468259705,0.048400000000000006,0.5256492542384126,50
9,3,0.1,50,0.36933955430427984,0.6306604456957201,0.101932881244008,0.0188,0.5851599097287157,50
0,4,0.1,50,0.670294140620079,0.32970585937992103,0.04653044555113629,0.0464,0.3392435515066773,50
1,4,0.1,50,-0.008968169685341797,1.0089681696853419,0.062097103981263564,0.039200000000000006,0.35293724503442847,50
2,4,0.1,50,-0.10183277690279866,1.1018327769027987,0.04505908323105207,0.047200000000000006,0.6486972056427227,50
3,4,0.1,50,0.7888347938203918,0.2111652061796082,0.1854771617994608,0.03840000000000001,0.7870996679254108,50
4,4,0.1,50,0.5440066612084017,0.4559933387915983,0.07001020095338785,0.0256,0.6930548877357794,50
5,4,0.1,50,0.6081319185680527,0.3918680814319473,0.17017992150514683,0.0364,0.2642497684002897,50
6,4,0.1,50,0.6907071075002559,0.3092928924997441,0.12865813207798393,0.0356,0.48291272889410514,50
7,4,0.1,50,1.0619986487120214,0.06199864871202143,0.06585442196949519,0.0456,0.3302321278490328,50
8,4,0.1,50,0.7550652157109841,0.24493478428901594,0.0762044713210751,0.046400000000000004,0.481202234726523,50
9,4,0.1,50,0.3220426167561616,0.6779573832438384,0.059172055616859016,0.048000000000000015,0.5936648970880495,50
0,5,0.1,50,0.3335744902625148,0.6664255097374852,0.3327758776049709,0.036399999999999995,0.41451538023859696,50
1,5,0.1,50,0.14036649839955234,0.8596335016004477,0.06903174133533707,0.0256,0.39931446150141764,50
2,5,0.1,50,0.19034469146437036,0.8096553085356296,0.05124229880043684,0.03640000000000001,0.7072886802241491,50
3,5,0.1,50,0.10123417575831774,0.8987658242416823,0.1258438938220927,0.0396,0.9539700226110189,50
4,5,0.1,50,0.7871349877947357,0.21286501220526433,0.08235282079645762,0.03760000000000001,0.5699039652614797,50
5,5,0.1,50,0.4762899723725299,0.5237100276274701,0.057111610223322284,0.03280000000000001,0.3591282255401502,50
6,5,0.1,50,1.1784512634568154,0.1784512634568154,0.05559096345348774,0.046800000000000015,0.6664643384248091,50
7,5,0.1,50,0.6714527260903378,0.3285472739096622,0.04100355001975902,0.034,0.37032369462129056,50
8,5,0.1,50,-0.07258919547929453,1.0725891954792945,0.06526402973418055,0.039200000000000006,0.4918158434278376,50
9,5,0.1,50,0.318869912255261,0.681130087744739,0.12642054060533303,0.0204,0.5570146903576305,50
0,6,0.1,50,0.44338505161020303,0.556614948389797,0.38199823587617626,0.0492,0.37319008441187274,50
1,6,0.1,50,0.4794259721808692,0.5205740278191309,0.150582023534482,0.049200000000000015,0.49211151306747675,50
2,6,0.1,50,0.16997844525002276,0.8300215547499772,0.17853436752841348,0.033600000000000005,0.6733401840320457,50
3,6,0.1,50,0.05849338566153286,0.9415066143384672,0.26167236921973597,0.0388,0.9710018869544623,50
4,6,0.1,50,0.9008422946729481,0.09915770532705193,0.28811237308117577,0.0368,0.5223561603349083,50
5,6,0.1,50,0.829699953733703,0.17030004626629702,0.07754901183339709,0.028800000000000006,0.26539283894026466,50
6,6,0.1,50,1.2461426580165935,0.24614265801659352,0.0771651310837705,0.04880000000000002,0.7988132509115817,50
7,6,0.1,50,0.644620899849836,0.35537910015016405,0.056710822468894716,0.04800000000000001,0.41637498492734004,50
8,6,0.1,50,0.567904798212043,0.432095201787957,0.08408270409688406,0.04680000000000001,0.4588364549163624,50
9,6,0.1,50,0.34394383434204406,0.656056165657956,0.06303174877485856,0.0436,0.568663331094631,50
0,7,0.1,50,0.014797614284869596,0.9852023857151304,0.1832981781301669,0.04880000000000001,0.4689987710938085,50
1,7,0.1,50,0.22799914186965314,0.7720008581303468,0.059041112199053336,0.03880000000000001,0.4399074672903359,50
2,7,0.1,50,0.8196870673111972,0.18031293268880277,0.09519101128276662,0.03920000000000001,0.898982701660719,50
3,7,0.1,50,0.00963025280778579,0.9903697471922142,0.07724452042163846,0.036400000000000016,0.9017647448465398,50
4,7,0.1,50,1.0887316444870028,0.08873164448700277,0.038256674283537746,0.04,0.5851566802567727,50
5,7,0.1,50,0.644262340373833,0.355737659626167,0.0346315775037774,0.047200000000000006,0.32320403520423163,50
6,7,0.1,50,0.6247312382289745,0.3752687617710255,0.05315942720468769,0.049600000000000005,0.586399497955036,50
7,7,0.1,50,1.188315713271514,0.18831571327151408,0.038030371741888676,0.04040000000000001,0.4793778592531551,50
8,7,0.1,50,0.5799856686768821,0.42001433132311794,0.11981796188109446,0.0412,0.4567572247251136,50
9,7,0.1,50,0.7286136352653655,0.2713863647346345,0.1655833307236416,0.04279999999999999,0.5732175476234302,50
0,8,0.1,50,0.6908945365526502,0.3091054634473498,0.13854107590813233,0.0408,0.36919276146082075,50
1,8,0.1,50,-0.031224185661216864,1.0312241856612168,0.07299418984683417,0.03320000000000001,0.34767069052155725,50
2,8,0.1,50,0.39255508120638133,0.6074449187936186,0.06814293008578014,0.030000000000000006,0.817451368152458,50
3,8,0.1,50,-0.4506536530334846,1.4506536530334846,0.07644701984700283,0.042400000000000014,0.9055615064484115,50
4,8,0.1,50,0.6081719688957062,0.39182803110429376,0.06722412402732729,0.047200000000000006,0.6186801811423044,50
5,8,0.1,50,1.0073675791026864,0.007367579102686372,0.03374095742120893,0.046400000000000004,0.30763239916225993,50
6,8,0.1,50,0.7258409939788515,0.2741590060211485,0.09116361952319485,0.0456,0.5783946064241718,50
7,8,0.1,50,1.0472888065390036,0.04728880653900358,0.15840285297851323,0.046000000000000006,0.3315388254785737,50
8,8,0.1,50,0.48420253926405027,0.5157974607359497,0.0720849060972232,0.030800000000000008,0.44606326782043404,50
9,8,0.1,50,0.38212484745817143,0.6178751525418286,0.05561143892426069,0.049600000000000005,0.5229608934090509,50
0,9,0.1,50,0.33905850335161025,0.6609414966483897,0.23486369266692772,0.04280000000000001,0.43839266521625475,50
1,9,0.1,50,-0.051780837177405406,1.0517808371774053,0.09117963799078267,0.04160000000000001,0.35051745751099506,50
2,9,0.1,50,-0.79124002172535,1.7912400217253501,0.09878641609545388,0.049600000000000005,0.6100979535033362,50
3,9,0.1,50,-0.300854314183872,1.300854314183872,0.7650952762570051,0.0464,0.8527219472885539,50
4,9,0.1,50,0.5137170673232324,0.4862829326767676,0.23466511518724892,0.036000000000000004,0.626779818119855,50
5,9,0.1,50,1.145515240744768,0.14551524074476796,0.2095397544033982,0.0408,0.2926855462624326,50
6,9,0.1,50,0.6394212150989173,0.36057878490108275,0.05303499421201407,0.044800000000000006,0.49944397977010513,50
7,9,0.1,50,0.7404731739003928,0.2595268260996072,0.2814898061613609,0.03800000000000001,0.3291174358258957,50
8,9,0.1,50,0.5080103099522714,0.49198969004772863,0.1814691959314804,0.0476,0.48945026245226075,50
9,9,0.1,50,0.14763008053535487,0.8523699194646451,0.19526834340339722,0.03880000000000001,0.5602345098067578,50
0,0,0.1,100,0.580089791666481,0.419910208333519,0.09264883119282404,0.04800000000000001,0.37403642437548457,50
1,0,0.1,100,-0.6043768053662929,1.604376805366293,0.1335958119948379,0.0386,0.38935483855362746,50
2,0,0.1,100,0.090293591769053,0.909706408230947,0.42230519718497206,0.0452,0.7389269255436364,50
3,0,0.1,100,-0.04817187166950764,1.0481718716695076,0.2053583292371584,0.047200000000000006,0.9012680270832382,50
4,0,0.1,100,0.8330669249974657,0.1669330750025343,0.11690773998986947,0.038000000000000006,0.5427696281648,50
5,0,0.1,100,1.0408801369800436,0.04088013698004356,0.03914298183982325,0.04800000000000001,0.2941492304767681,50
6,0,0.1,100,0.5120535172566828,0.4879464827433172,0.08854671228361644,0.049400000000000006,0.5798743895472556,50
7,0,0.1,100,0.9455126310052953,0.054487368994704743,0.07707016217352751,0.0436,0.35242009875494973,50
8,0,0.1,100,0.5253575052521874,0.4746424947478126,0.12170788366255297,0.047200000000000006,0.5199580691515348,50
9,0,0.1,100,-0.06313132600311631,1.0631313260031163,0.5252496977134924,0.04619999999999999,0.611507989409874,50
0,1,0.1,100,0.7618944120205197,0.23810558797948034,0.11351981673647898,0.031,0.41291126584325444,50
1,1,0.1,100,-0.26091171765108184,1.2609117176510818,0.07138069078229511,0.040600000000000004,0.3770617089399212,50
2,1,0.1,100,0.1989498733403833,0.8010501266596167,0.2886837177287014,0.049400000000000006,0.8131493565846217,50
3,1,0.1,100,0.7511112923989031,0.24888870760109694,0.27816589832901406,0.0328,0.8469570842488447,50
4,1,0.1,100,0.6727930783304036,0.3272069216695964,0.08855805640375754,0.043600000000000014,0.6871260041869738,50
5,1,0.1,100,0.6448069857412481,0.35519301425875194,0.09964379809099011,0.0424,0.33182243787949767,50
6,1,0.1,100,0.8950546361766467,0.10494536382335329,0.10769589148397472,0.047400000000000005,0.586257994122752,50
7,1,0.1,100,0.639532107378364,0.36046789262163603,0.19193338084050568,0.035,0.43978700142825594,50
8,1,0.1,100,0.5252107392361127,0.4747892607638873,0.1995163254067117,0.048600000000000004,0.46340581288720584,50
9,1,0.1,100,0.10347866030224613,0.8965213396977538,0.039871228828521926,0.044400000000000016,0.6309370096561295,50
0,2,0.1,100,0.24422866710226934,0.7557713328977307,0.1505903282214558,0.048999999999999995,0.4099073668229414,50
1,2,0.1,100,-0.11465905799881476,1.1146590579988147,0.09729723290814808,0.035,0.41837170319863365,50
2,2,0.1,100,0.5388412905746263,0.46115870942537374,0.2496675261824097,0.047400000000000005,0.8100922161263382,50
3,2,0.1,100,0.2404670887362652,0.7595329112637348,0.12800092224406082,0.0398,0.8575374511308248,50
4,2,0.1,100,0.3096506766144378,0.6903493233855622,0.3032721326845775,0.046799999999999994,0.7388008331854856,50
5,2,0.1,100,0.6620320238388655,0.3379679761611345,0.1121074271596197,0.0458,0.34087083302881255,50
6,2,0.1,100,1.2138805974149114,0.2138805974149114,0.213369607622285,0.04,0.6369865451099124,50
7,2,0.1,100,0.6967794318005012,0.30322056819949883,0.08631291583980176,0.0492,0.40383297806734586,50
8,2,0.1,100,0.4436765280771675,0.5563234719228325,0.20673834437309274,0.040600000000000004,0.47353096775513537,50
9,2,0.1,100,0.2949361679904912,0.7050638320095088,0.10331338593921804,0.04079999999999999,0.6048519550701008,50
0,3,0.1,100,0.4621102645700183,0.5378897354299816,0.12461971349214704,0.049200000000000015,0.3717162131718923,50
1,3,0.1,100,0.31885650253798703,0.681143497462013,0.29993268901419673,0.027000000000000007,0.43433322225770193,50
2,3,0.1,100,-0.007882723812388014,1.007882723812388,0.1398830889901974,0.0408,0.7583701912682175,50
3,3,0.1,100,-1.0534136149624609,2.053413614962461,0.3043037932584535,0.039,1.0257373689699687,50
4,3,0.1,100,0.9132701726216504,0.08672982737834956,0.1997810915681494,0.027999999999999997,0.5573200583400586,50
5,3,0.1,100,0.44600448517486563,0.5539955148251343,0.09799190244418116,0.03960000000000001,0.3565609858742987,50
6,3,0.1,100,0.8238623407089182,0.17613765929108183,0.15110286272044193,0.042199999999999994,0.5640815798507568,50
7,3,0.1,100,0.7726342925746937,0.22736570742530626,0.11675946804954897,0.04460000000000001,0.3523204000715161,50
8,3,0.1,100,-0.09024108895441624,1.0902410889544163,0.15689119114061717,0.041400000000000006,0.5177810349831866,50
9,3,0.1,100,0.10842285598097393,0.8915771440190261,0.30377075695185995,0.03560000000000001,0.5876201078670185,50
0,4,0.1,100,0.9517530025342912,0.04824699746570882,0.2522285749918263,0.034200000000000015,0.3591954670322083,50
1,4,0.1,100,0.5007318970220436,0.49926810297795643,0.02291942501777182,0.0308,0.6451988100613824,50
2,4,0.1,100,-0.11878694170676146,1.1187869417067615,0.42068550760132145,0.039800000000000016,0.7094682577472535,50
3,4,0.1,100,-0.2821424164229774,1.2821424164229773,0.6991970125702102,0.03960000000000001,0.8553492465895225,50
4,4,0.1,100,0.6044666637764609,0.39553333622353914,0.11950036281411704,0.04060000000000001,0.5413210746364294,50
5,4,0.1,100,0.8532647477381097,0.14673525226189033,0.3851647955677983,0.0456,0.3087736156894029,50
6,4,0.1,100,0.8297065495784323,0.17029345042156774,0.1707986617957657,0.03840000000000001,0.5731411773982513,50
7,4,0.1,100,0.7179963953252765,0.2820036046747235,0.12977489345004628,0.049600000000000005,0.38734832903798205,50
8,4,0.1,100,0.3034694336265301,0.6965305663734699,0.14364847646437856,0.036599999999999994,0.5219274972598996,50
9,4,0.1,100,0.6067346924018469,0.39326530759815315,0.10077172210669001,0.042,0.5565730261896231,50
0,5,0.1,100,0.6432956013059987,0.3567043986940013,0.06946671177654826,0.04500000000000001,0.3318720583040856,50
1,5,0.1,100,0.12445073975036414,0.8755492602496359,0.14521095785833404,0.04680000000000001,0.40496889016811266,50
2,5,0.1,100,-0.25057820507104617,1.2505782050710461,0.37922048810200076,0.0476,0.7700005719780736,50
3,5,0.1,100,-0.006688888640927959,1.006688888640928,0.13577284264814263,0.04920000000000001,0.899814742581488,50
4,5,0.1,100,0.6902270069491966,0.3097729930508034,0.09579368893766263,0.047400000000000005,0.6279414187225816,50
5,5,0.1,100,0.6734104345426813,0.32658956545731865,0.08947228908929863,0.033400000000000006,0.31883068460640773,50
6,5,0.1,100,0.9076958109619682,0.09230418903803184,0.10943942249491095,0.04359999999999999,0.5452632874392283,50
7,5,0.1,100,0.9901059131919324,0.009894086808067581,0.0653223471495903,0.048,0.3311652703970994,50
8,5,0.1,100,0.44676458171954053,0.5532354182804595,0.1884097428451819,0.047599999999999996,0.4706040101464296,50
9,5,0.1,100,0.5834385800186097,0.4165614199813903,0.25789336802952323,0.048400000000000006,0.5900601845159327,50
0,6,0.1,100,0.6661290401433066,0.33387095985669335,0.06210171381844049,0.03420000000000001,0.3759446039538867,50
1,6,0.1,100,-0.4991248009287526,1.4991248009287526,0.10196635763692843,0.03820000000000001,0.3877280469742639,50
2,6,0.1,100,-0.16220328601722045,1.1622032860172204,0.07994645298605378,0.04800000000000001,0.7028439027398714,50
3,6,0.1,100,-1.2530799063829448,2.2530799063829448,0.3036026306303512,0.049800000000000004,1.0754458635963091,50
4,6,0.1,100,0.5129933797978969,0.48700662020210306,0.08406522094898247,0.044400000000000016,0.635125615950634,50
5,6,0.1,100,0.948396799979444,0.05160320002055596,0.1705155828884184,0.048799999999999996,0.29681883663305064,50
6,6,0.1,100,0.9705649882873166,0.029435011712683368,0.06322560436907394,0.04739999999999999,0.5762458602850922,50
7,6,0.1,100,0.6425155132580167,0.3574844867419833,0.2967266405179101,0.0464,0.3621244164625905,50
8,6,0.1,100,0.5723893485786715,0.4276106514213285,0.12170784244975981,0.04500000000000001,0.48605632585105696,50
9,6,0.1,100,0.038228230656246406,0.9617717693437536,0.15386004190740374,0.041400000000000006,0.6175202389303063,50
0,7,0.1,100,0.6335647628305742,0.36643523716942583,0.12286276193132244,0.04540000000000001,0.3550461608453467,50
1,7,0.1,100,-0.07821139143240084,1.0782113914324007,0.21582758416230907,0.0256,0.4199895559214426,50
2,7,0.1,100,-0.9640123252317286,1.9640123252317285,0.1689420402135742,0.049400000000000006,0.5917513471365108,50
3,7,0.1,100,-0.5972219012090817,1.5972219012090818,0.42964652583668106,0.04939999999999999,0.9550254041927568,50
4,7,0.1,100,0.2734360295538801,0.72656397044612,0.2591328252112289,0.043,0.6117312081961921,50
5,7,0.1,100,0.8153051080925997,0.1846948919074003,0.2394866910481571,0.03780000000000001,0.3540635917293088,50
6,7,0.1,100,0.967097171548741,0.032902828451259025,0.04670700662028772,0.027000000000000003,0.5860911258694725,50
7,7,0.1,100,0.9311444883274352,0.06885551167256476,0.12112963951879593,0.049400000000000006,0.35138668415323904,50
8,7,0.1,100,0.47628470971471876,0.5237152902852813,0.16263205896886634,0.038,0.458055720866714,50
9,7,0.1,100,-0.6419880511477905,1.6419880511477905,0.21326930933808108,0.0434,0.8105860919515564,50
0,8,0.1,100,0.19727669146723728,0.8027233085327627,0.18922895871011974,0.039799999999999995,0.40213087032986927,50
1,8,0.1,100,0.20170135068861178,0.7982986493113882,0.08890046495697304,0.04580000000000001,0.4613514191359136,50
2,8,0.1,100,-0.16248471048335766,1.1624847104833576,0.24419379643366715,0.049800000000000004,0.7764688440368364,50
3,8,0.1,100,0.55558711698344,0.44441288301656,0.3199007117389311,0.019200000000000005,0.8362002677815457,50
4,8,0.1,100,0.9576474310983173,0.04235256890168271,0.17436373891302817,0.03,0.5576979758569185,50
5,8,0.1,100,0.2554496430002351,0.7445503569997649,0.12148747164293341,0.0462,0.35223011365199386,50
6,8,0.1,100,0.7772967533776546,0.22270324662234542,0.14906288173915855,0.046,0.6019448677985957,50
7,8,0.1,100,1.000672466438236,0.0006724664382360412,0.06143561236185496,0.046400000000000004,0.3793216724706506,50
8,8,0.1,100,0.46842641927293394,0.5315735807270661,0.08033366417894357,0.042800000000000005,0.47165018477929677,50
9,8,0.1,100,0.41898846452874894,0.5810115354712511,0.0644607212594536,0.0462,0.547612376065014,50
0,9,0.1,100,0.7107382267184316,0.28926177328156844,0.07907579453635136,0.042,0.3658806135737392,50
1,9,0.1,100,-0.1625609721925898,1.1625609721925898,0.09195872152141901,0.049,0.3996447321417759,50
2,9,0.1,100,0.40962990556813567,0.5903700944318644,0.22785139545250632,0.047200000000000006,0.8998011148837279,50
3,9,0.1,100,0.19435137296496816,0.8056486270350318,0.16611548079462302,0.041800000000000004,0.8268557955849878,50
4,9,0.1,100,0.5525413667585596,0.4474586332414404,0.06292795723516227,0.04219999999999999,0.5707542784929855,50
5,9,0.1,100,0.7636009627714228,0.23639903722857725,0.09329971839150275,0.0398,0.3117328605702578,50
6,9,0.1,100,0.7004151720260391,0.2995848279739609,0.14641086491471683,0.0344,0.5209448834546136,50
7,9,0.1,100,1.042384878237504,0.04238487823750403,0.13507919111826008,0.049600000000000005,0.3662984503118538,50
8,9,0.1,100,0.18974745401280482,0.8102525459871952,0.1557506945526255,0.04879999999999999,0.47849671701911134,50
9,9,0.1,100,-0.01751360990516746,1.0175136099051674,0.1868501497412383,0.034,0.6150554531901349,50
0,0,0.2,20,0.4499890096095781,0.5500109903904219,0.15326961353606766,0.044000000000000004,0.3553900433057677,50
1,0,0.2,20,-0.20737887269201355,1.2073788726920136,0.23222298599884056,0.028000000000000004,0.38496943608823087,50
2,0,0.2,20,0.009942377912842543,0.9900576220871574,0.11096532719779215,0.047,0.8978644133059777,50
3,0,0.2,20,-0.35463370811017014,1.3546337081101703,0.1306701719740523,0.038,0.8971547624743145,50
4,0,0.2,20,0.84567884078338,0.15432115921662004,0.2663862188114392,0.04699999999999999,0.5656926485011132,50
5,0,0.2,20,0.5293253530925711,0.4706746469074289,0.17405116339226595,0.031000000000000007,0.29551874429159913,50
6,0,0.2,20,0.7762477195759719,0.22375228042402806,0.1722983878504148,0.04999999999999999,0.7516710047569632,50
7,0,0.2,20,0.933899981325172,0.06610001867482795,0.23029383667160083,0.046000000000000006,0.33922451524403185,50
8,0,0.2,20,0.6407242491539116,0.3592757508460884,0.13426290835905053,0.04300000000000001,0.4689616553050908,50
9,0,0.2,20,0.45398679149194926,0.5460132085080507,0.1358221495109705,0.032,0.5739975818242682,50
0,1,0.2,20,0.3997738586306503,0.6002261413693497,0.18230044649353105,0.046,0.4523172776198231,50
1,1,0.2,20,-0.39798560236039443,1.3979856023603945,0.11486476522976381,0.046000000000000006,0.4187175528074898,50
2,1,0.2,20,0.009696072817296755,0.9903039271827032,0.1488798080382085,0.04299999999999999,0.6608039943698544,50
3,1,0.2,20,-0.8346350919804496,1.8346350919804495,0.09345323492954254,0.034,1.035793680952219,50
4,1,0.2,20,0.5158577760906485,0.48414222390935147,0.1870399788750223,0.042,0.6922161502281052,50
5,1,0.2,20,0.8118334689261062,0.1881665310738938,0.13776547530630948,0.043,0.2501401880436347,50
6,1,0.2,20,0.9328427756903628,0.06715722430963722,0.1189993335115897,0.03900000000000001,0.648501078180538,50
7,1,0.2,20,1.4413863163276892,0.4413863163276892,0.2036228525523873,0.026000000000000006,0.4112022151158701,50
8,1,0.2,20,0.42493182749691905,0.575068172503081,0.22433548572502043,0.046,0.4037427004548395,50
9,1,0.2,20,0.5687441958736008,0.4312558041263992,0.3831340573131561,0.04000000000000001,0.6186188935440766,50
0,2,0.2,20,0.48092541521673965,0.5190745847832603,0.10921900551222903,0.048,0.41985101318344753,50
1,2,0.2,20,-0.6686240392728215,1.6686240392728215,0.2341990962006953,0.049,0.4270955890181797,50
2,2,0.2,20,0.3509654092838309,0.6490345907161691,0.09882442054115337,0.043,0.9186040941993546,50
3,2,0.2,20,0.2099942452369733,0.7900057547630267,0.41611736490208,0.043,0.8268782113883806,50
4,2,0.2,20,0.4197904940155494,0.5802095059844505,0.28153364126359215,0.049,0.6890983473052377,50
5,2,0.2,20,0.9026124247984079,0.09738757520159214,0.14458302896362507,0.047,0.2762885713984313,50
6,2,0.2,20,1.0780984021637672,0.07809840216376718,0.15384939966832026,0.04,0.7101820147701274,50
7,2,0.2,20,1.0120345506983068,0.012034550698306834,0.17164264733017678,0.04699999999999999,0.3102829630039597,50
8,2,0.2,20,0.712879699228996,0.28712030077100403,0.2291835588875173,0.04300000000000001,0.4083926943855318,50
9,2,0.2,20,0.4893839415231398,0.5106160584768602,0.18234568315565253,0.04800000000000001,0.5113050479594592,50
0,3,0.2,20,0.8269881734635794,0.17301182653642055,0.09791167674388616,0.046,0.3611554182183053,50
1,3,0.2,20,-0.27215909540418837,1.2721590954041884,0.2966647416617251,0.04800000000000001,0.3494753968317156,50
2,3,0.2,20,0.10307929986971312,0.8969207001302869,0.15048825950514136,0.038,0.7158806406971306,50
3,3,0.2,20,-0.3547284748049993,1.3547284748049992,0.3563315589051989,0.048,0.8955894035793955,50
4,3,0.2,20,0.44005112906184585,0.5599488709381542,0.13182206204673536,0.046000000000000006,0.647289635873146,50
5,3,0.2,20,0.8457106667950487,0.1542893332049513,0.18311921374520448,0.044000000000000004,0.28600068458537437,50
6,3,0.2,20,0.813012448241581,0.18698755175841897,0.13908164202982368,0.044000000000000004,0.5100098012530103,50
7,3,0.2,20,0.9112196147856569,0.08878038521434306,0.17527571302951078,0.047000000000000014,0.39868157842717117,50
8,3,0.2,20,0.6311013945517298,0.36889860544827024,0.15318148504748033,0.049,0.4503077224813815,50
9,3,0.2,20,0.12081912376050694,0.879180876239493,0.34934238520158384,0.03300000000000001,0.5891085636664573,50
0,4,0.2,20,0.8505865489998305,0.14941345100016945,0.18953919491270108,0.04300000000000001,0.3436659067529305,50
1,4,0.2,20,-0.31010016824325815,1.3101001682432583,0.20662368885526713,0.04400000000000001,0.36657827536352416,50
2,4,0.2,20,-0.29147885705986626,1.2914788570598663,0.11027347735842469,0.04699999999999999,0.6085399750264278,50
3,4,0.2,20,0.6206401839213365,0.37935981607866354,0.3961097575344304,0.04000000000000001,0.94029539693288,50
4,4,0.2,20,0.5543234578253523,0.4456765421746477,0.2960083218492074,0.04500000000000001,0.6103558747548818,50
5,4,0.2,20,0.9038586244499095,0.0961413755500905,0.0979748654895388,0.038000000000000006,0.22441731205092869,50
6,4,0.2,20,1.02903450312719,0.029034503127189915,0.09029685662031531,0.048999999999999995,0.5717511786911578,50
7,4,0.2,20,0.585481954550673,0.414518045449327,0.0913993393668444,0.036000000000000004,0.344143423719511,50
8,4,0.2,20,0.6258725884764721,0.3741274115235279,0.15457025154844825,0.048,0.3983752715836557,50
9,4,0.2,20,0.45142109341435427,0.5485789065856457,0.13877001176909912,0.029000000000000005,0.4907498008038196,50
0,5,0.2,20,0.6351414290936656,0.36485857090633445,0.09306717091678747,0.046000000000000006,0.31205838917883544,50
1,5,0.2,20,-0.4908235587907068,1.4908235587907068,0.16789602084564076,0.042,0.39046903942447864,50
2,5,0.2,20,-0.10586432327358047,1.1058643232735805,0.2590350684975236,0.038000000000000006,0.7026864012521393,50
3,5,0.2,20,0.5070857173675695,0.49291428263243053,0.3688960058121515,0.030000000000000006,0.7838389340590376,50
4,5,0.2,20,0.664959165293916,0.33504083470608403,0.19785324073587382,0.046,0.5552103358139457,50
5,5,0.2,20,0.9514360028667208,0.04856399713327919,0.26893369608949114,0.043,0.3105681255788191,50
6,5,0.2,20,0.7432588023150274,0.2567411976849726,0.14533137985617484,0.019000000000000003,0.5127102172960183,50
7,5,0.2,20,0.7803909890554758,0.21960901094452423,0.1595863233399097,0.038000000000000006,0.42844186315452704,50
8,5,0.2,20,0.5481503909291301,0.4518496090708699,0.14801122822176283,0.048999999999999995,0.3804130867347122,50
9,5,0.2,20,0.11329753851198086,0.8867024614880191,0.15322660286696752,0.032,0.654692349068253,50
0,6,0.2,20,0.6900969033991834,0.3099030966008166,0.28835834856859677,0.043,0.3585032372619649,50
1,6,0.2,20,-0.13854771316418518,1.1385477131641852,0.12156350903582298,0.024,0.3636759204317199,50
2,6,0.2,20,0.05168687713774106,0.948313122862259,0.08881153566343275,0.03900000000000001,0.6859846818081587,50
3,6,0.2,20,0.12163750557834628,0.8783624944216537,0.26483426474144395,0.044000000000000004,0.8074533662498686,50
4,6,0.2,20,0.7455081293597581,0.2544918706402419,0.26231893806870565,0.035,0.5915025232074062,50
5,6,0.2,20,0.5578021168369961,0.4421978831630039,0.09988363900597129,0.038000000000000006,0.3444744854880584,50
6,6,0.2,20,0.9082543466457156,0.09174565335428442,0.2517223244701801,0.041999999999999996,0.5889213861177186,50
7,6,0.2,20,1.002792595854879,0.0027925958548788987,0.16308358720283814,0.04500000000000001,0.35751190347718814,50
8,6,0.2,20,0.5098366335999553,0.49016336640004465,0.12611800186825814,0.048999999999999995,0.4643693028469557,50
9,6,0.2,20,0.4566815936683637,0.5433184063316363,0.15993879673245434,0.026000000000000002,0.5584938841567721,50
0,7,0.2,20,0.7560369479850106,0.24396305201498936,0.15665744480419924,0.044000000000000004,0.36563559624029573,50
1,7,0.2,20,-0.25143735420336827,1.2514373542033683,0.18832089941814933,0.047,0.5131548981184286,50
2,7,0.2,20,0.16350394367210538,0.8364960563278946,0.11167175371794441,0.032,0.7584792993213658,50
3,7,0.2,20,-0.086198591471916,1.0861985914719159,0.39917767541383237,0.04800000000000001,0.9718488864903135,50
4,7,0.2,20,0.7591908193276298,0.24080918067237023,0.18119662203536577,0.048,0.5933537547550469,50
5,7,0.2,20,0.7354155453635329,0.26458445463646707,0.17556122927893586,0.036000000000000004,0.3414111513387512,50
6,7,0.2,20,0.9309727416093138,0.06902725839068624,0.09736194520577324,0.033,0.5850954237648813,50
7,7,0.2,20,1.023008770689711,0.023008770689711078,0.08678348769015638,0.04300000000000001,0.3539500729356689,50
8,7,0.2,20,0.5543886718753255,0.4456113281246745,0.11620863653682834,0.049,0.49895196808782344,50
9,7,0.2,20,0.3112427845030489,0.6887572154969511,0.16959021060966245,0.027999999999999997,0.4768041810818415,50
0,8,0.2,20,0.568079373252126,0.431920626747874,0.31869084970141126,0.044000000000000004,0.2970827166194193,50
1,8,0.2,20,-0.5164139171733594,1.5164139171733595,0.5009882738514158,0.04100000000000001,0.4323549794824919,50
2,8,0.2,20,0.3714867483973238,0.6285132516026761,0.37122910445515267,0.049,0.7864037758268712,50
3,8,0.2,20,-0.41290797355585,1.41290797355585,0.21556474773321999,0.043,0.9379447582121906,50
4,8,0.2,20,0.6491060261701557,0.35089397382984433,0.13708850815252804,0.04100000000000001,0.6330592549488847,50
5,8,0.2,20,0.8815498028261598,0.1184501971738402,0.0690432185103198,0.039,0.3649966669432001,50
6,8,0.2,20,0.9145077355352413,0.08549226446475866,0.13425845462261188,0.048999999999999995,0.6809895689524094,50
7,8,0.2,20,0.6386189251800228,0.36138107481997717,0.1268937426366725,0.048,0.35619100236997053,50
8,8,0.2,20,0.48258286278629564,0.5174171372137044,0.2574960250007214,0.042,0.4574619912123111,50
9,8,0.2,20,0.3894598089942308,0.6105401910057692,0.30023880961501903,0.04000000000000001,0.5039323525405182,50
0,9,0.2,20,0.4282782232830723,0.5717217767169277,0.2026982453546256,0.04100000000000001,0.32105444950824547,50
1,9,0.2,20,-0.7076234367184536,1.7076234367184537,0.144133767760777,0.04,0.4301761518410818,50
2,9,0.2,20,-0.046766006860221816,1.0467660068602218,0.41491811593530764,0.046000000000000006,0.612789478747357,50
3,9,0.2,20,0.6100544006689099,0.3899455993310901,0.35918067414810173,0.037000000000000005,0.8395359293538579,50
4,9,0.2,20,0.9216756740968622,0.07832432590313776,0.16342300162853968,0.04499999999999999,0.6320936658864758,50
5,9,0.2,20,0.9759326590537626,0.024067340946237414,0.09707170677051494,0.047,0.30280866873304957,50
6,9,0.2,20,0.946531163675063,0.05346883632493704,0.13074178250793014,0.047000000000000014,0.6371618448172571,50
7,9,0.2,20,0.7919343104249026,0.2080656895750974,0.11780769946029727,0.046,0.35111398672900285,50
8,9,0.2,20,0.3150586991993327,0.6849413008006673,0.07661494910788609,0.04100000000000001,0.4298128492712015,50
9,9,0.2,20,0.3897772863408742,0.6102227136591258,0.1241009634424375,0.04799999999999999,0.6057244919161573,50
0,0,0.2,50,0.5481457478733147,0.4518542521266853,0.2669923082790332,0.0492,0.3967089092332343,50
1,0,0.2,50,-0.10713450219445328,1.1071345021944532,0.19768565372517943,0.036000000000000004,0.4460751958917414,50
2,0,0.2,50,0.1285447611469092,0.8714552388530908,0.434821810448118,0.026399999999999996,0.6912017628963568,50
3,0,0.2,50,0.6730750649826679,0.3269249350173321,0.4485004215734085,0.0432,0.8892776380852874,50
4,0,0.2,50,0.5908935200207462,0.40910647997925376,0.15347013523357406,0.0456,0.6216423417145167,50
5,0,0.2,50,1.1207104483118107,0.12071044831181066,0.16393666931163406,0.038400000000000004,0.27646717037213464,50
6,0,0.2,50,0.8646050429320151,0.13539495706798488,0.12169851849587351,0.049600000000000005,0.695851903939251,50
7,0,0.2,50,0.8289922550511093,0.1710077449488907,0.16138367049807148,0.048799999999999996,0.32455302516810214,50
8,0,0.2,50,0.43237774647660965,0.5676222535233904,0.259638722267838,0.039200000000000006,0.5106324337239252,50
9,0,0.2,50,0.09206150566781311,0.9079384943321869,0.2995924461229775,0.0472,0.6100232707717561,50
0,1,0.2,50,0.19201958313665163,0.8079804168633484,0.17902563280806535,0.0404,0.3692846778057589,50
1,1,0.2,50,-0.3283403531735778,1.3283403531735778,0.21296243418436261,0.04320000000000001,0.42628960412643435,50
2,1,0.2,50,0.015489715832430575,0.9845102841675695,0.18143077971408492,0.04720000000000001,0.678916163687012,50
3,1,0.2,50,-0.8422677610126494,1.8422677610126494,0.27375156256541355,0.045200000000000004,0.8709103423390262,50
4,1,0.2,50,0.634720617055518,0.36527938294448203,0.17639262153398286,0.032799999999999996,0.5719998100978768,50
5,1,0.2,50,0.7093296813712978,0.2906703186287022,0.19585452704561118,0.044000000000000004,0.3807021148112385,50
6,1,0.2,50,0.8655853117299855,0.13441468827001446,0.14465770413673987,0.0404,0.5559931318511799,50
7,1,0.2,50,0.8713263503085839,0.12867364969141615,0.24665344976517295,0.0436,0.3957490271977455,50
8,1,0.2,50,0.47955181161448557,0.5204481883855144,0.12580881236953073,0.049200000000000015,0.5019782024221988,50
9,1,0.2,50,0.2955429624797119,0.7044570375202881,0.3203622223474734,0.034800000000000005,0.5655549179558791,50
0,2,0.2,50,0.6292185327051484,0.3707814672948516,0.1866939398280436,0.037200000000000004,0.3441898452257085,50
1,2,0.2,50,-0.24875940892300782,1.2487594089230079,0.1751850992145846,0.0388,0.35921757048999065,50
2,2,0.2,50,-0.01774064494566767,1.0177406449456676,0.2910119259367357,0.044800000000000006,0.6994444096306172,50
3,2,0.2,50,-0.04378027513443554,1.0437802751344356,0.22254064482258534,0.04880000000000001,0.8605632307555058,50
4,2,0.2,50,0.6631983527160032,0.33680164728399675,0.24895615475621077,0.04400000000000001,0.6538940521549699,50
5,2,0.2,50,0.9869107926123352,0.013089207387664836,0.21142056569463355,0.03760000000000001,0.2566261788729932,50
6,2,0.2,50,0.9838508487727067,0.016149151227293324,0.1818527406506864,0.0456,0.6953769399234881,50
7,2,0.2,50,0.6756337132077326,0.3243662867922674,0.13733037099249054,0.04920000000000001,0.43554624814674503,50
8,2,0.2,50,0.46825126830091823,0.5317487316990818,0.22449885574183082,0.04920000000000001,0.49481673660278225,50
9,2,0.2,50,0.3882694671181083,0.6117305328818917,0.19898428736509965,0.04120000000000001,0.6482203432250837,50
0,3,0.2,50,0.36199047332385176,0.6380095266761483,0.27848529466630867,0.049200000000000015,0.42534649502128324,50
1,3,0.2,50,-0.2582124881918773,1.2582124881918773,0.171286163740598,0.047200000000000006,0.38079466449676613,50
2,3,0.2,50,0.13407849364556093,0.8659215063544391,0.2799976545822055,0.029200000000000004,0.8194734789747824,50
3,3,0.2,50,-0.39557870098394254,1.3955787009839424,0.12768762405897602,0.04880000000000001,1.016579232682103,50
4,3,0.2,50,0.6052439632654929,0.3947560367345071,0.18759133935239364,0.0256,0.5280344534010757,50
5,3,0.2,50,0.9806136882921903,0.01938631170780969,0.193456641588754,0.0492,0.29418210867787686,50
6,3,0.2,50,0.9321192776946292,0.06788072230537079,0.2902948848830696,0.04320000000000001,0.6996761167914551,50
7,3,0.2,50,1.024178103534973,0.024178103534973072,0.17200426320592835,0.0348,0.3652361663828613,50
8,3,0.2,50,0.5455561697982257,0.45444383020177426,0.17985748967767232,0.0364,0.47016130395913613,50
9,3,0.2,50,-0.6390525418098503,1.6390525418098503,0.40172777703587886,0.030000000000000006,0.7546379181492096,50
0,4,0.2,50,0.620647356127156,0.37935264387284395,0.1412609308940062,0.045600000000000016,0.36911260874376856,50
1,4,0.2,50,0.07781567745894902,0.922184322541051,0.27527158730120477,0.03439999999999999,0.44453561879329606,50
2,4,0.2,50,-0.19391886908660771,1.1939188690866076,0.18912038228087819,0.0316,0.6697908401304618,50
3,4,0.2,50,-0.5356789288194886,1.5356789288194888,0.9517856836609659,0.04000000000000001,0.9028844025417938,50
4,4,0.2,50,0.634947320407735,0.36505267959226495,0.19611132099752826,0.04080000000000001,0.6408575905434206,50
5,4,0.2,50,0.7941383602289064,0.20586163977109362,0.09295979615153634,0.0352,0.26717999536124293,50
6,4,0.2,50,1.0285399414394312,0.02853994143943117,0.20178513620372976,0.049600000000000005,0.5950727213368322,50
7,4,0.2,50,1.0260107398133052,0.02601073981330515,0.14023304541472642,0.0456,0.3568645335456636,50
8,4,0.2,50,0.7228998460967634,0.2771001539032366,0.1054473367513573,0.044800000000000006,0.4796783496704695,50
9,4,0.2,50,0.4331813084265241,0.5668186915734759,0.2178703229471186,0.03880000000000001,0.5721549160939696,50
0,5,0.2,50,0.6340221891067045,0.3659778108932955,0.04856575863006089,0.030000000000000006,0.37917397550816173,50
1,5,0.2,50,-0.18345773180413752,1.1834577318041375,0.26230658430829146,0.039599999999999996,0.4074610575006766,50
2,5,0.2,50,-0.07975487830777296,1.079754878307773,0.2114460067730829,0.048400000000000006,0.68863175724147,50
3,5,0.2,50,0.029687388881578566,0.9703126111184215,0.5766084892358232,0.0176,0.9562427710807536,50
4,5,0.2,50,0.7894363499134989,0.21056365008650113,0.18920110568273435,0.03440000000000001,0.6025835219539706,50
5,5,0.2,50,0.9002098310222431,0.09979016897775694,0.17317900141211018,0.0424,0.27291844763228557,50
6,5,0.2,50,0.9813649720530493,0.01863502794695071,0.1307261771020547,0.048400000000000006,0.62326425717171,50
7,5,0.2,50,0.8212141335451747,0.1787858664548253,0.13955141754968228,0.04359999999999999,0.4047422709416514,50
8,5,0.2,50,0.5150880767242091,0.4849119232757909,0.11001330821486742,0.0496,0.46585164301419857,50
9,5,0.2,50,-0.672139548090307,1.672139548090307,0.6040384021607691,0.03840000000000001,0.7527125337626831,50
0,6,0.2,50,0.577357819903011,0.42264218009698895,0.2119759197704505,0.0396,0.3452830289818001,50
1,6,0.2,50,-0.45906941013877756,1.4590694101387776,0.14444750689466904,0.038799999999999994,0.3762342243411697,50
2,6,0.2,50,0.005992199131786418,0.9940078008682136,0.23125634036080828,0.0404,0.7593622899347308,50
3,6,0.2,50,-1.050390275565661,2.050390275565661,0.2600553997077793,0.048799999999999996,1.1267459174010053,50
4,6,0.2,50,0.7596568492109544,0.24034315078904556,0.2745987005262156,0.0444,0.5634233892901439,50
5,6,0.2,50,0.8681545552406377,0.13184544475936233,0.15273412169607453,0.032400000000000005,0.2783741371185903,50
6,6,0.2,50,0.9392029357929615,0.060797064207038454,0.13270489001068725,0.0424,0.635756552863689,50
7,6,0.2,50,0.8147904483958266,0.1852095516041734,0.1467817638115418,0.036399999999999995,0.3603474632733987,50
8,6,0.2,50,0.6322831998580075,0.3677168001419925,0.13645236815128614,0.034,0.5024606015242645,50
9,6,0.2,50,0.5906767020526658,0.40932329794733424,0.13976778431689002,0.0456,0.6238662765114519,50
0,7,0.2,50,0.6350239786290344,0.36497602137096563,0.18296817180844077,0.048000000000000015,0.36565069946586504,50
1,7,0.2,50,-0.3831485698536503,1.3831485698536503,0.20752690342520413,0.03280000000000001,0.4167819257300815,50
2,7,0.2,50,-0.0657332859525001,1.0657332859525002,0.35892050026978756,0.048400000000000006,0.7279711524718725,50
3,7,0.2,50,0.8199918204448134,0.18000817955518655,0.22798030660111224,0.0412,0.8338694201259415,50
4,7,0.2,50,0.7038048226141322,0.29619517738586776,0.1214623790356783,0.039200000000000006,0.5399862031256168,50
5,7,0.2,50,0.7581985451694014,0.24180145483059856,0.18596606991433212,0.04880000000000002,0.2799443785442418,50
6,7,0.2,50,0.8150593725203291,0.18494062747967088,0.15114706711094272,0.049600000000000005,0.5909118452055859,50
7,7,0.2,50,0.7174069116627376,0.2825930883372624,0.1550598534467061,0.043600000000000014,0.3194877224735428,50
8,7,0.2,50,0.42950313338798357,0.5704968666120165,0.18694266307013374,0.048799999999999996,0.45891986587863204,50
9,7,0.2,50,0.34762021967785783,0.6523797803221422,0.2997204765913635,0.04600000000000001,0.6304620391228366,50
0,8,0.2,50,0.5238200240707078,0.4761799759292922,0.15164389916397503,0.0284,0.3658722657298985,50
1,8,0.2,50,-0.3436420353118873,1.3436420353118872,0.2357472447788759,0.0416,0.3981246476761302,50
2,8,0.2,50,0.13370265795162195,0.866297342048378,0.348383829822333,0.047599999999999996,0.7543079888243369,50
3,8,0.2,50,0.384999520251125,0.6150004797488751,0.2686803954858056,0.031200000000000002,0.9846789445656987,50
4,8,0.2,50,0.7341026419535928,0.26589735804640724,0.19600690886490865,0.044,0.5483742132303251,50
5,8,0.2,50,0.9141718888758574,0.08582811112414257,0.06728374772288798,0.046799999999999994,0.3146149239855935,50
6,8,0.2,50,0.881806715434385,0.11819328456561495,0.16861564629590217,0.0456,0.6114000551764356,50
7,8,0.2,50,1.0330023086506332,0.03300230865063325,0.18095953763214298,0.0444,0.37395417437395345,50
8,8,0.2,50,0.7663005013110635,0.23369949868893647,0.16985681844803727,0.03760000000000001,0.5083413274612509,50
9,8,0.2,50,0.6272186758301369,0.3727813241698631,0.18876583306773118,0.036000000000000004,0.6738571233024173,50
0,9,0.2,50,0.5364593318493959,0.46354066815060413,0.160608712267561,0.0492,0.4047063073418016,50
1,9,0.2,50,-0.13231966038615783,1.1323196603861578,0.09566038573792326,0.038000000000000006,0.45348348975191877,50
2,9,0.2,50,-0.09154960537838536,1.0915496053783853,0.20303859713074515,0.027600000000000003,0.6985127266606712,50
3,9,0.2,50,0.8286467082695986,0.17135329173040137,0.3728449239122736,0.03320000000000001,0.8680726425452343,50
4,9,0.2,50,0.6414810497244773,0.3585189502755227,0.14064817605535596,0.0344,0.6304386116279137,50
5,9,0.2,50,0.7347039231508516,0.26529607684914835,0.19801672493719635,0.049600000000000005,0.3013270128534838,50
6,9,0.2,50,0.8601019556012102,0.13989804439878983,0.22540371870963372,0.03880000000000001,0.6182389715710648,50
7,9,0.2,50,0.6850147994296881,0.3149852005703119,0.1398237776417518,0.042,0.5344394955997821,50
8,9,0.2,50,0.29784577052330585,0.7021542294766941,0.30823910074088495,0.037200000000000004,0.5031055867111007,50
9,9,0.2,50,0.24656832012908217,0.7534316798709179,0.32929937048144514,0.038000000000000006,0.6665482175197024,50
0,0,0.2,100,0.587268390922572,0.412731609077428,0.17038133652709936,0.047,0.3634755948714699,50
1,0,0.2,100,-0.15259981647506157,1.1525998164750615,0.35785571381337267,0.045999999999999985,0.4256566719322556,50
2,0,0.2,100,0.15204357924517592,0.847956420754824,0.3215278809855305,0.046000000000000006,0.7622011093702874,50
3,0,0.2,100,-0.7451351715722478,1.7451351715722478,0.4556762049262727,0.04940000000000001,0.9543483233477867,50
4,0,0.2,100,0.27638289656436815,0.7236171034356318,0.19439616479494262,0.040999999999999995,0.6614648870754627,50
5,0,0.2,100,0.8760341300780021,0.12396586992199787,0.1878571318343826,0.046400000000000004,0.3040078770670622,50
6,0,0.2,100,0.9921450275423261,0.007854972457673859,0.17775260973393006,0.0492,0.6441778193840357,50
7,0,0.2,100,0.8979054466625314,0.10209455333746864,0.20750778175483245,0.0384,0.43420448705384845,50
8,0,0.2,100,0.5500849411892843,0.4499150588107157,0.2992672906554717,0.04660000000000001,0.4843557949745337,50
9,0,0.2,100,0.3989119793595018,0.6010880206404983,0.3517896816112027,0.04340000000000001,0.5621145515852679,50
0,1,0.2,100,0.5655108918481259,0.43448910815187414,0.1757299916353661,0.0478,0.35918302593757423,50
1,1,0.2,100,0.032603134189094746,0.9673968658109052,0.24681719473733763,0.036000000000000004,0.4001919830882881,50
2,1,0.2,100,-0.10785207504870589,1.107852075048706,0.17882673335222665,0.048799999999999996,0.7082880035702981,50
3,1,0.2,100,-0.3899397342116554,1.3899397342116555,0.362408701115475,0.044800000000000006,0.9289769811359463,50
4,1,0.2,100,0.7533270431850129,0.24667295681498713,0.23680356947541756,0.036000000000000004,0.626788762101341,50
5,1,0.2,100,0.7190293312049092,0.2809706687950908,0.1580921527066171,0.04879999999999999,0.326214783531315,50
6,1,0.2,100,0.9296622301025185,0.07033776989748153,0.11975997721915606,0.03200000000000001,0.5810404667675517,50
7,1,0.2,100,0.8605024578475552,0.1394975421524448,0.19688112300579066,0.022600000000000006,0.36566768430476915,50
8,1,0.2,100,0.5250222217501095,0.4749777782498905,0.12718015587109718,0.0424,0.45570996009774767,50
9,1,0.2,100,-0.25500771035526976,1.2550077103552697,0.4262247179130666,0.0426,0.7139345196429194,50
0,2,0.2,100,0.4547928625687937,0.5452071374312063,0.3694546587271815,0.04279999999999999,0.37906468487250955,50
1,2,0.2,100,-0.16565507659333986,1.1656550765933398,0.2927627442134923,0.027600000000000006,0.39420417104543237,50
2,2,0.2,100,0.17910178771931623,0.8208982122806838,0.17008403329042124,0.045,0.7077790234027759,50
3,2,0.2,100,0.1340734072732969,0.8659265927267031,0.48363386613056325,0.0492,0.8341697941804251,50
4,2,0.2,100,0.9117648660614257,0.0882351339385743,0.18379350406581998,0.0436,0.6350862538320325,50
5,2,0.2,100,0.6741319738937634,0.32586802610623655,0.23183950451099394,0.047200000000000006,0.3630527479238894,50
6,2,0.2,100,0.8995613310846321,0.1004386689153679,0.15913847914019008,0.028800000000000006,0.533139484209948,50
7,2,0.2,100,0.7455057518298511,0.2544942481701489,0.16573463162159613,0.0384,0.37111585513150247,50
8,2,0.2,100,0.40264483470552337,0.5973551652944766,0.16656793421694177,0.04860000000000001,0.5164984006470379,50
9,2,0.2,100,0.30832431996350496,0.691675680036495,0.29552593818454975,0.042600000000000006,0.6311922181772052,50
0,3,0.2,100,0.5105201064730189,0.48947989352698107,0.2526861439635149,0.0496,0.3897680183269854,50
1,3,0.2,100,-0.03229848738582525,1.0322984873858252,0.18119709996551792,0.03860000000000001,0.3952711093292052,50
2,3,0.2,100,-0.07619337224664008,1.0761933722466401,0.497937104490978,0.044199999999999996,0.7001258797196597,50
3,3,0.2,100,0.8729059285077964,0.12709407149220364,0.47989984880887876,0.04340000000000001,0.8776298753832275,50
4,3,0.2,100,0.7226334730999656,0.2773665269000344,0.17588891502832033,0.046000000000000006,0.6822675751070717,50
5,3,0.2,100,0.7382479599138949,0.2617520400861051,0.16284206622663402,0.0348,0.28497504562641673,50
6,3,0.2,100,0.9322018751561647,0.0677981248438353,0.20532051213354535,0.03780000000000001,0.5738395365244742,50
7,3,0.2,100,0.8844130439641272,0.11558695603587277,0.19704931790377736,0.04,0.3897087345758069,50
8,3,0.2,100,0.15400279906689648,0.8459972009331035,0.14819838295662946,0.012600000000000002,0.5018152855745082,50
9,3,0.2,100,-0.07447270096369524,1.0744727009636952,0.1756514287815204,0.04479999999999999,0.7118852896222356,50
0,4,0.2,100,0.6489408383548537,0.3510591616451463,0.1735472949812607,0.044599999999999994,0.34726716886114506,50
1,4,0.2,100,-0.19725403723878446,1.1972540372387845,0.2745339211230916,0.0436,0.42445485695896545,50
2,4,0.2,100,0.0530107186139928,0.9469892813860072,0.3417413119979419,0.036800000000000006,0.7604067399743384,50
3,4,0.2,100,-0.039190634796039486,1.0391906347960396,0.6016490150338034,0.04920000000000001,0.9111596126396961,50
4,4,0.2,100,0.7479930589727779,0.2520069410272221,0.09866447349045825,0.0082,0.6711044493722438,50
5,4,0.2,100,0.8291703455998287,0.17082965440017128,0.1871734747679043,0.042600000000000006,0.31836787066872585,50
6,4,0.2,100,0.9550845285321573,0.044915471467842694,0.1326406170655705,0.047000000000000014,0.5930574494512839,50
7,4,0.2,100,0.7703566455043207,0.2296433544956793,0.2357711391978307,0.03660000000000001,0.3950687242872133,50
8,4,0.2,100,0.6378580716807507,0.3621419283192493,0.26206646477813317,0.0368,0.5734616166110815,50
9,4,0.2,100,0.514904161425932,0.485095838574068,0.1878978841516529,0.039799999999999995,0.6043007767173527,50
0,5,0.2,100,0.547174185099758,0.452825814900242,0.17593063398014927,0.0456,0.4173427955411471,50
1,5,0.2,100,-0.2243094431423148,1.2243094431423147,0.25245480627517575,0.048,0.40560018879759985,50
2,5,0.2,100,-0.1167440884047513,1.1167440884047513,0.1837589515990933,0.04019999999999999,0.6948617305153646,50
3,5,0.2,100,-0.22538937367615716,1.2253893736761572,0.6486786995896158,0.047400000000000005,0.9280717089081956,50
4,5,0.2,100,0.6685086403086831,0.33149135969131693,0.19096112846777574,0.043,0.6406484563548577,50
5,5,0.2,100,0.7024079723493384,0.2975920276506616,0.27968266409782816,0.03760000000000001,0.34258894969616116,50
6,5,0.2,100,0.8995312459996327,0.10046875400036726,0.09538953363399784,0.04580000000000001,0.6794194452364938,50
7,5,0.2,100,0.7038362304142614,0.29616376958573865,0.27768660588319477,0.0372,0.3716098955729433,50
8,5,0.2,100,0.4116167946051866,0.5883832053948135,0.2790376850573707,0.045599999999999995,0.474394802926395,50
9,5,0.2,100,0.35858456314342246,0.6414154368565775,0.2113528100200881,0.048799999999999996,0.637505468911989,50
0,6,0.2,100,0.36398292313818476,0.6360170768618152,0.23710637377388696,0.03820000000000001,0.37382987237695214,50
1,6,0.2,100,-0.020943812060773427,1.0209438120607734,0.20502578094707166,0.0412,0.3926076337352776,50
2,6,0.2,100,-0.5802853254899573,1.5802853254899571,0.356034289561596,0.046799999999999994,0.6200125060424762,50
3,6,0.2,100,-0.3567506521097055,1.3567506521097055,0.4086858395222728,0.0346,0.8999683433358032,50
4,6,0.2,100,0.5846571419607386,0.4153428580392614,0.25161235500480506,0.04160000000000001,0.6680807478773059,50
5,6,0.2,100,0.8286208533373146,0.1713791466626854,0.17275942935672578,0.049400000000000006,0.3214380938081118,50
6,6,0.2,100,0.8996125950428275,0.10038740495717247,0.20024742572192045,0.04359999999999999,0.5943856217352039,50
7,6,0.2,100,0.7442270320168146,0.2557729679831854,0.2970219712011754,0.04699999999999999,0.3487469937742107,50
8,6,0.2,100,0.4842329081194395,0.5157670918805606,0.16244936607483998,0.035800000000000005,0.5027343003081934,50
9,6,0.2,100,0.13562836627745142,0.8643716337225485,0.25696728099491883,0.038400000000000004,0.6242110671565427,50
0,7,0.2,100,0.5151650302501676,0.4848349697498324,0.16693461376259633,0.0404,0.39432852469908675,50
1,7,0.2,100,-0.17496753134149784,1.1749675313414978,0.27584611906407086,0.0496,0.40569393857431224,50
2,7,0.2,100,0.0018378920454488984,0.9981621079545511,0.19302528966860946,0.0426,0.7713237193202132,50
3,7,0.2,100,-1.097806599243916,2.097806599243916,0.6484051963250832,0.037,0.9799020498631967,50
4,7,0.2,100,0.5706939443146358,0.4293060556853642,0.31489499202556764,0.048400000000000006,0.6887113213636737,50
5,7,0.2,100,0.9184825476794803,0.08151745232051966,0.14830526999058888,0.047599999999999996,0.3102744693124252,50
6,7,0.2,100,0.9821761442760077,0.017823855723992255,0.14865774704419757,0.03439999999999999,0.6447300270610428,50
7,7,0.2,100,0.7919022121255691,0.2080977878744309,0.1974074184398255,0.044000000000000004,0.35518805319106106,50
8,7,0.2,100,0.4926717592319387,0.5073282407680613,0.15367592065235752,0.042600000000000006,0.4656870830221236,50
9,7,0.2,100,0.4411541660924656,0.5588458339075344,0.22573688598413313,0.042400000000000014,0.6173775340602075,50
0,8,0.2,100,0.5217306096953328,0.4782693903046672,0.33115935962346077,0.037000000000000005,0.3544567864702908,50
1,8,0.2,100,-0.12418827690691214,1.1241882769069123,0.3286313761988277,0.032600000000000004,0.41702193760105555,50
2,8,0.2,100,-0.2696210872484441,1.2696210872484441,0.23683076083864218,0.03840000000000001,0.725885443976542,50
3,8,0.2,100,0.4880644357479886,0.5119355642520114,0.5218037099044289,0.045599999999999995,0.8630473311729887,50
4,8,0.2,100,0.7749525993601241,0.22504740063987594,0.2425407511804234,0.049800000000000004,0.615702609064581,50
5,8,0.2,100,0.7949097328416639,0.20509026715833611,0.18148557613120683,0.04120000000000001,0.2798982265245371,50
6,8,0.2,100,0.9852773583596338,0.014722641640366185,0.10942198064144841,0.034600000000000006,0.580541000902036,50
7,8,0.2,100,0.8234115209484564,0.17658847905154362,0.12813308621768513,0.04839999999999999,0.36434346767172576,50
8,8,0.2,100,0.5281705131197618,0.4718294868802382,0.1407013318502733,0.0456,0.5424551409115159,50
9,8,0.2,100,0.29899644756261506,0.701003552437385,0.2863506418643897,0.0458,0.6015196129051175,50
0,9,0.2,100,0.6523255256453797,0.3476744743546203,0.2746622077056083,0.048000000000000015,0.3543341218182213,50
1,9,0.2,100,0.012204862173728901,0.9877951378262712,0.3451065258940662,0.0418,0.4308351171215438,50
2,9,0.2,100,-0.10823720450115236,1.1082372045011524,0.3496004193165804,0.025400000000000006,0.7242689002722287,50
3,9,0.2,100,-0.8421503085469573,1.8421503085469573,0.9463316873106267,0.0452,1.0016332647069333,50
4,9,0.2,100,0.5172496483071489,0.4827503516928511,0.2666061757022905,0.048600000000000004,0.5894439668223173,50
5,9,0.2,100,0.8397842029383821,0.16021579706161793,0.20096416256599872,0.04740000000000001,0.3287845993933829,50
6,9,0.2,100,0.8709535384860423,0.1290464615139577,0.17075284969239468,0.048799999999999996,0.607004170464083,50
7,9,0.2,100,0.9207840755500288,0.07921592444997116,0.17247659977891897,0.04120000000000001,0.35227381039548167,50
8,9,0.2,100,0.32159834231642764,0.6784016576835723,0.23026470862821732,0.034,0.5155519736323945,50
9,9,0.2,100,-0.2021980106598038,1.2021980106598038,0.8071612936802645,0.048799999999999996,0.741253230171939,50
